"ImageDater","LakeID","AvgCI","MaxCI","AvgCA","MaxCA","CA_sd","CA_var","CA_skew","CA_kurt","HotCount","WarmCount","LukeWarmCount","CoolCount","ColdCount","TotalPix","ExpectedPix","NApercent","TimeStamp"
"2003-06-16",5371,0.006503964,0.0134276496113786,650396,1342764,295797.221,87495995777.153,0.326,1.956,0,151,205,205,205,205,391,47.57,2003-06-16
"2003-06-17",5371,0.004460614,0.0158489319246111,446061,1584893,330612.962,109304930497.859,1.547,4.792,0,125,304,309,310,310,391,20.72,2003-06-17
"2003-06-30",5371,0.001880005,0.00420726628384444,188000,420726,55760.7,3109255679.443,1.45,5.21,0,1,165,165,165,165,391,57.8,2003-06-30
"2003-07-29",5371,0.003011895,0.00398107170553497,301189,398107,53950.731,2910681397.755,-0.705,6.08,0,0,89,90,90,90,391,76.98,2003-07-29
"2004-06-27",5371,0.004075227,0.0123594743344451,407522,1235947,191044.369,36497950879.746,1.622,5.518,0,109,314,314,314,315,391,19.44,2004-06-27
"2004-07-02",5371,0.005338807,0.00990831944892768,533880,990831,168935.885,28539333141.959,0.102,3.096,0,153,196,196,196,198,391,49.36,2004-07-02
"2004-07-05",5371,0.005248546,0.0123594743344451,524854,1235947,208307.69,43392093636.384,0.998,3.598,0,132,198,198,198,198,391,49.36,2004-07-05
"2004-07-13",5371,0.002587782,0.00432513831035009,258778,432513,56182.455,3156468222.519,0.57,3.178,0,2,110,110,110,110,391,71.87,2004-07-13
"2004-07-25",5371,0.003321609,0.0093756200692588,332160,937562,120350.632,14484274654.442,1.232,6.386,0,76,373,373,373,375,391,4.09,2004-07-25
"2004-07-31",5371,0.002251921,0.00524807460249772,225192,524807,65954.789,4350034178.331,1.578,7.775,0,4,196,197,197,198,391,49.36,2004-07-31
"2004-08-06",5371,0.004684029,0.00731139083483417,468402,731139,103920.482,10799466543.4,-0.438,4.241,0,269,372,375,375,375,391,4.09,2004-08-06
"2004-08-13",5371,0.004078508,0.00619441075076781,407850,619441,128765.754,16580619279.783,-0.905,3.407,0,180,282,290,291,291,391,25.58,2004-08-13
"2004-08-19",5371,0.005300307,0.00711213513653329,530030,711213,96690.42,9349037407.841,-0.929,4.003,0,339,374,374,374,374,391,4.35,2004-08-19
"2004-08-29",5371,0.003168147,0.00654636174067275,316814,654636,68708.406,4720844994.883,-0.011,6.352,0,19,377,381,381,381,391,2.56,2004-08-29
"2004-10-10",5371,0.004396215,0.0107646521362983,439621,1076465,254103.194,64568432947.763,0.351,2.209,0,186,334,366,367,368,391,5.88,2004-10-10
"2005-06-18",5371,0.004644956,0.0127057410520854,464495,1270574,270247.991,73033976829.527,0.585,2.466,0,156,300,309,309,309,391,20.97,2005-06-18
"2005-06-20",5371,0.005520563,0.0149968483550237,552056,1499684,302170.603,91307073441.537,0.571,2.68,0,210,334,343,344,344,391,12.02,2005-06-20
"2005-07-22",5371,0.002498533,0.00570164272280747,249853,570164,75606.047,5716274271.979,1.531,6.321,0,9,189,189,189,189,391,51.66,2005-07-22
"2005-07-29",5371,0.001776095,0.00285759054337495,177609,285759,39376.039,1550472443.534,-0.354,5.29,0,0,252,254,256,256,391,34.53,2005-07-29
"2005-08-01",5371,0.001658256,0.00432513831035009,165825,432513,34779.711,1209628315.259,1.527,14.67,0,1,322,328,328,328,391,16.11,2005-08-01
"2005-08-02",5371,0.00214898,0.00510504999975406,214897,510504,48404.24,2342970487.53,2.606,21.419,0,2,128,128,128,129,391,67.01,2005-08-02
"2005-08-05",5371,0.002079106,0.0086297854776697,207910,862978,159706.387,25506130092.529,2.812,9.383,0,10,111,111,111,111,391,71.61,2005-08-05
"2005-10-14",5371,0.001150482,0.00310455958812836,115048,310455,51794.565,2682676985.854,0.604,4.115,0,0,172,276,283,288,391,26.34,2005-10-14
"2006-06-13",5371,0.002569668,0.00691830970918936,256966,691830,98854.486,9772209411.252,0.62,5.995,0,7,129,137,139,139,391,64.45,2006-06-13
"2006-06-25",5371,0.00342901,0.00794328234724281,342900,794328,175715.51,30875940594.73,0.165,2.392,0,62,165,177,180,182,391,53.45,2006-06-25
"2006-07-23",5371,0.002747019,0.00469894108605215,274701,469894,61403.027,3770331719.211,0.033,3.928,0,5,183,185,185,185,391,52.69,2006-07-23
"2006-10-31",5371,0.001770495,0.0091201083935591,177049,912010,187897.688,35305541139.41,1.892,6.521,0,15,79,128,145,151,391,61.38,2006-10-31
"2006-11-03",5371,0.001534057,0.0107646521362983,153405,1076465,154035.056,23726798476.403,2.456,11.796,0,13,120,203,224,230,391,41.18,2006-11-03
"2007-06-13",5371,0.005855061,0.0275422870333817,585506,2754228,492960.644,243010196452.508,1.475,4.969,15,122,219,235,237,239,391,38.87,2007-06-13
"2007-06-20",5371,0.001783545,0.00328095293113119,178354,328095,79695.032,6351298176.52,-0.215,2.635,0,0,112,131,133,135,391,65.47,2007-06-20
"2007-06-26",5371,0.007687364,0.0172186857498601,768736,1721868,366927.99,134636149821.056,0.341,2.481,2,111,132,134,134,134,391,65.73,2007-06-26
"2007-07-06",5371,0.002005437,0.00619441075076781,200543,619441,78791.664,6208126326.607,1.916,11.646,0,3,94,97,98,99,391,74.68,2007-07-06
"2007-08-31",5371,0.00206535,0.00376703798983909,206534,376703,65243.404,4256701782.419,0.139,3.262,0,0,291,299,299,301,391,23.02,2007-08-31
"2007-09-11",5371,0.001166537,0.00366437574647833,116653,366437,49495.164,2449771257.523,2.323,9.58,0,0,72,141,141,141,391,63.94,2007-09-11
"2007-09-20",5371,0.003404288,0.00751622894018205,340428,751622,164605.558,27094989814.46,-0.088,2.108,0,141,313,329,335,335,391,14.32,2007-09-20
"2007-09-23",5371,0.001452969,0.00346736850452532,145296,346736,86940.605,7558668806.608,0.383,2.218,0,0,177,260,267,278,391,28.9,2007-09-23
"2007-10-05",5371,0.003794107,0.0110662378397767,379410,1106623,209222.035,43773859790.426,1.659,5.942,0,89,244,252,252,252,391,35.55,2007-10-05
"2007-10-09",5371,0.002397515,0.0130617088813184,239751,1306170,232886.367,54236059954.641,2.161,7.371,0,46,259,336,341,342,391,12.53,2007-10-09
"2007-10-24",5371,0.000710776,0.00229086765276777,71077,229086,34926.923,1219889950.904,0.788,4.317,0,0,41,262,279,286,391,26.85,2007-10-24
"2007-10-25",5371,0.00056554,0.00229086765276777,56554,229086,36102.892,1303418782.308,1.643,7.393,0,0,26,229,268,282,391,27.88,2007-10-25
"2007-10-28",5371,0.001004594,0.00277971326775929,100459,277971,42295.13,1788878036.996,0.395,3.962,0,0,139,282,288,292,391,25.32,2007-10-28
"2008-06-20",5371,0.005564488,0.0267916832481903,556448,2679168,439906.936,193518111988.99,1.74,6.56,9,106,204,209,210,212,391,45.78,2008-06-20
"2008-06-23",5371,0.006647115,0.0246603933723434,664711,2466039,659144.458,434471415995.261,1.213,3.186,22,73,142,149,150,150,391,61.64,2008-06-23
"2008-06-26",5371,0.010913344,0.0334195040026114,1091334,3341950,456093.836,208021587156.783,2.495,11.149,11,135,135,135,135,135,391,65.47,2008-06-26
"2008-07-05",5371,0.006771013,0.0260615354999889,677101,2606153,560502.961,314163569768.207,1.256,3.859,33,211,362,365,366,367,391,6.14,2008-07-05
"2008-07-06",5371,0.004358905,0.00963829023623971,435890,963829,135594.883,18385972314.501,1.324,5.624,0,68,131,132,132,132,391,66.24,2008-07-06
"2008-07-09",5371,0.004702981,0.0214783047413053,470298,2147830,418269.543,174949410700.544,1.657,6.01,7,111,240,251,252,254,391,35.04,2008-07-09
"2008-07-14",5371,0.00538535,0.0145881426027535,538534,1458814,314780.656,99086861425.765,0.804,2.9,0,139,242,248,248,248,391,36.57,2008-07-14
"2008-07-15",5371,0.004919908,0.0192309172891016,491990,1923091,369677.692,136661595887.853,1.394,4.665,4,104,213,217,217,217,391,44.5,2008-07-15
"2008-07-22",5371,0.00893825,0.0192309172891016,893824,1923091,345667.36,119485924095.34,0.81,3.319,5,131,137,137,137,137,391,64.96,2008-07-22
"2008-07-24",5371,0.006157981,0.0116949939101987,615798,1169499,173978.777,30268614743.146,0.801,3.053,0,115,129,129,129,129,391,67.01,2008-07-24
"2008-07-28",5371,0.004712155,0.0086297854776697,471215,862978,119144.945,14195517912.152,0.517,3.409,0,257,366,366,366,366,391,6.39,2008-07-28
"2008-07-30",5371,0.005004056,0.0138038426460288,500405,1380384,257488.651,66300405301.137,0.952,3.863,0,205,348,350,350,351,391,10.23,2008-07-30
"2008-08-09",5371,0.002196701,0.00387257644921617,219670,387257,72062.467,5192999200.165,-0.194,2.643,0,0,281,293,295,296,391,24.3,2008-08-09
"2008-08-10",5371,0.002846315,0.00510504999975406,284631,510504,66267.606,4391395600.528,0.21,3.321,0,17,369,372,372,372,391,4.86,2008-08-10
"2008-08-15",5371,0.002767643,0.00496592321450336,276764,496592,72474.758,5252590516.24,-0.183,4.309,0,12,284,287,289,289,391,26.09,2008-08-15
"2008-08-16",5371,0.003430775,0.00654636174067275,343077,654636,99676.321,9935368950.501,0.198,2.987,0,109,363,365,366,366,391,6.39,2008-08-16
"2008-08-18",5371,0.003177967,0.00554625712957911,317796,554625,74275.738,5516885276.04,-0.074,3.939,0,23,299,301,301,301,391,23.02,2008-08-18
"2008-08-25",5371,0.002541958,0.00387257644921617,254195,387257,66996.54,4488536377.51,-0.565,3.295,0,0,85,88,88,88,391,77.49,2008-08-25
"2008-08-26",5371,0.003988828,0.00483058802039773,398882,483058,33606.381,1129388817.737,0.524,3.292,0,72,182,182,182,182,391,53.45,2008-08-26
"2008-08-29",5371,0.003273711,0.00469894108605215,327371,469894,64550.37,4166750237.962,-1.06,5.019,0,34,374,376,376,376,391,3.84,2008-08-29
"2008-08-31",5371,0.002014929,0.00277971326775929,201492,277971,40906.488,1673340751.559,-0.726,4.511,0,0,189,193,193,193,391,50.64,2008-08-31
"2008-09-07",5371,0.00124047,0.00229086765276777,124047,229086,35862.54,1286121794.66,-0.454,4.506,0,0,148,172,174,175,391,55.24,2008-09-07
"2008-09-10",5371,0.001371361,0.00270395836410884,137136,270395,34980.994,1223669975.537,0.158,4.287,0,0,330,370,372,372,391,4.86,2008-09-10
"2008-09-16",5371,0.001166819,0.00235504928389601,116681,235504,39209.829,1537410711.22,0.403,3.775,0,0,153,247,249,251,391,35.81,2008-09-16
"2008-09-17",5371,0.001997525,0.00337287308658869,199752,337287,50435.133,2543702677.963,-0.881,4.392,0,0,342,353,356,357,391,8.7,2008-09-17
"2008-09-19",5371,0.003570928,0.00554625712957911,357092,554625,68212.309,4652919133.969,-0.627,6.045,0,57,257,259,259,259,391,33.76,2008-09-19
"2008-09-20",5371,0.005378533,0.0113762728582343,537853,1137627,197562.952,39031120157.448,0.2,2.518,0,240,333,334,334,334,391,14.58,2008-09-20
"2008-10-03",5371,0.001750843,0.00366437574647833,175084,366437,43206.151,1866771445.936,0.605,4.986,0,0,371,382,383,383,391,2.05,2008-10-03
"2008-10-08",5371,0.001175169,0.00586138164514028,117516,586138,85375.805,7289028076.251,2.503,11.305,0,3,65,145,145,146,391,62.66,2008-10-08
"2008-10-12",5371,0.003253683,0.00654636174067275,325368,654636,115774.135,13403650402.263,0.404,2.685,0,73,283,283,283,284,391,27.37,2008-10-12
"2008-10-18",5371,0.001754773,0.00409260659730011,175477,409260,80636.169,6502191758.433,0.471,2.9,0,1,262,312,316,317,391,18.93,2008-10-18
"2008-10-21",5371,0.000716101,0.00242102904673618,71610,242102,45902.381,2107028605.222,1.04,3.978,0,0,63,242,267,282,391,27.88,2008-10-21
"2009-07-06",5371,0.003799284,0.010471285480509,379928,1047128,221054.439,48865065158.936,1.164,3.621,0,56,172,176,176,176,391,54.99,2009-07-06
"2009-07-07",5371,0.008494846,0.0172186857498601,849484,1721868,330999.247,109560501493.607,0.52,2.774,5,191,206,207,207,207,391,47.06,2009-07-07
"2009-07-12",5371,0.008493535,0.018706821403658,849353,1870682,375850.705,141263752096.489,0.418,2.322,7,242,284,284,284,284,391,27.37,2009-07-12
"2009-07-13",5371,0.01247208,0.045289757990362,1247208,4528975,707067.927,499945053328.571,1.152,5.252,100,339,365,366,366,366,391,6.39,2009-07-13
"2009-07-16",5371,0.003978226,0.00990831944892768,397822,990831,206968.225,42835846246.099,1.169,3.846,0,61,177,177,178,179,391,54.22,2009-07-16
"2009-07-19",5371,0.006494224,0.0086297854776697,649422,862978,119471.92,14273539761.544,-0.005,2.471,0,102,106,106,106,106,391,72.89,2009-07-19
"2009-07-28",5371,0.006607728,0.0158489319246111,660772,1584893,337736.715,114066088790.847,0.921,2.96,0,163,207,207,207,207,391,47.06,2009-07-28
"2009-07-31",5371,0.007162698,0.0226986485188382,716269,2269864,497789.225,247794112494.986,1.155,3.503,19,143,229,233,233,233,391,40.41,2009-07-31
"2009-08-01",5371,0.005361682,0.0167494287602644,536168,1674942,400329.459,160263676062.195,1.275,3.501,1,72,155,159,159,160,391,59.08,2009-08-01
"2009-08-04",5371,0.011200936,0.0162929603263972,1120093,1629296,313108,98036619744.125,-0.239,1.785,3,214,214,214,214,214,391,45.27,2009-08-04
"2009-08-11",5371,0.006569849,0.0113762728582343,656984,1137627,215409.59,46401291610.624,-0.019,2.575,0,317,353,355,355,356,391,8.95,2009-08-11
"2009-08-13",5371,0.003303092,0.00420726628384444,330309,420726,33408.066,1116098849.289,0.394,2.884,0,2,96,96,96,96,391,75.45,2009-08-13
"2009-08-14",5371,0.003134594,0.00619441075076781,313459,619441,76445.124,5843857014.207,-0.683,6.528,0,21,313,319,320,320,391,18.16,2009-08-14
"2009-08-23",5371,0.005089361,0.0086297854776697,508936,862978,88496.53,7831635753.58,0.798,4.614,0,368,385,385,385,385,391,1.53,2009-08-23
"2009-08-30",5371,0.00360544,0.00711213513653329,360544,711213,79695.628,6351393121.487,0.198,7.051,0,67,346,349,349,349,391,10.74,2009-08-30
"2009-09-01",5371,0.003990491,0.00672976656284317,399049,672976,119880.54,14371343798.989,-1.111,4.585,0,204,341,351,355,355,391,9.21,2009-09-01
"2009-09-02",5371,0.003912456,0.00711213513653329,391245,711213,99681.665,9936434299.426,-1.799,7.704,0,205,351,362,363,364,391,6.91,2009-09-02
"2009-09-04",5371,0.002482433,0.00539510622515127,248243,539510,138725.698,19244819369.044,-0.152,1.808,0,30,183,217,224,227,391,41.94,2009-09-04
"2009-09-05",5371,0.00185505,0.00483058802039773,185504,483058,108875.77,11853933391.742,0.228,2.423,0,4,129,158,167,173,391,55.75,2009-09-05
"2009-09-07",5371,0.002243172,0.00469894108605215,224317,469894,120146.273,14435126923.473,-0.186,2.01,0,4,90,109,113,115,391,70.59,2009-09-07
"2009-09-08",5371,0.002666908,0.00602559586074357,266690,602559,98655.661,9732939455.425,-0.524,3.496,0,15,228,238,242,243,391,37.85,2009-09-08
"2009-09-11",5371,0.002320747,0.00457088189614875,232074,457088,88489.081,7830317410.11,-0.916,2.998,0,1,291,316,324,328,391,16.11,2009-09-11
"2009-09-17",5371,0.003520405,0.010471285480509,352040,1047128,123165.354,15169704308.116,2.62,11.689,0,52,388,388,388,388,391,0.77,2009-09-17
"2009-09-18",5371,0.002968315,0.00751622894018205,296831,751622,64512.46,4161857518.245,3.359,24.595,0,6,215,216,216,216,391,44.76,2009-09-18
"2009-09-27",5371,0.001802487,0.00990831944892768,180248,990831,116266.037,13517791270.169,2.819,14.141,0,20,271,329,329,329,391,15.86,2009-09-27
"2009-09-30",5371,0.000945287,0.00356451133426244,94528,356451,45213.757,2044283810.4,1.641,8.632,0,0,112,335,347,351,391,10.23,2009-09-30
"2010-06-28",5371,0.001474495,0.00366437574647833,147449,366437,53989.802,2914898744.011,0.448,5.73,0,0,160,183,186,187,391,52.17,2010-06-28
"2010-06-30",5371,0.002522937,0.00619441075076781,252293,619441,117711.264,13855941588.253,-0.001,2.833,0,23,254,281,282,289,391,26.09,2010-06-30
"2010-07-01",5371,0.001571562,0.00483058802039773,157156,483058,90415.474,8174958000.09,0.795,4.499,0,7,182,237,249,255,391,34.78,2010-07-01
"2010-07-17",5371,0.001262768,0.00293764965196153,126276,293764,41428.842,1716348990.619,0.307,4.639,0,0,210,257,261,263,391,32.74,2010-07-17
"2010-08-15",5371,0.001266514,0.00255858588690565,126651,255858,34277.027,1174914608.598,0.542,4.89,0,0,174,211,211,212,391,45.78,2010-08-15
"2010-08-18",5371,0.001176438,0.00194088587759278,117643,194088,24373.783,594081320.616,0.226,3.315,0,0,223,286,286,286,391,26.85,2010-08-18
"2010-09-08",5371,0.000679945,0.00159955802861467,67994,159955,31175.876,971935220.277,0.847,3.974,0,0,32,278,289,294,391,24.81,2010-09-08
"2010-09-12",5371,0.000633468,0.00255858588690565,63346,255858,34713.371,1205018123.725,1.112,7.161,0,0,47,295,327,345,391,11.76,2010-09-12
"2010-09-28",5371,0.001033704,0.00248885731828239,103370,248885,42233.366,1783657227.135,-0.254,2.711,0,0,194,317,328,335,391,14.32,2010-09-28
"2010-10-01",5371,0.000699755,0.00205116217882556,69975,205116,43433.365,1886457206.524,0.724,3.064,0,0,46,183,199,217,391,44.5,2010-10-01
"2010-10-04",5371,0.00251395,0.00619441075076781,251395,619441,109037.66,11889211251.724,0.555,3.529,0,29,349,372,372,373,391,4.6,2010-10-04
"2010-10-05",5371,0.002330307,0.00524807460249772,233030,524807,92360.421,8530447275.479,0.133,2.853,0,10,336,358,362,363,391,7.16,2010-10-05
"2010-10-07",5371,0.001652418,0.00839459986519397,165241,839459,144248.563,20807648025.355,1.588,5.571,0,28,192,304,314,324,391,17.14,2010-10-07
"2010-10-08",5371,0.003787348,0.0167494287602644,378734,1674942,317958.896,101097859635.159,1.539,5.192,1,98,270,293,300,306,391,21.74,2010-10-08
"2010-10-10",5371,0.011353194,0.0325087297385434,1135319,3250872,532163.994,283198516456.54,1.257,4.633,62,382,389,390,390,390,391,0.26,2010-10-10
"2010-10-11",5371,0.008566994,0.0214783047413053,856699,2147830,361095.968,130390297873.569,0.856,3.582,13,376,387,387,388,388,391,0.77,2010-10-11
"2010-10-13",5371,0.003507459,0.00794328234724281,350745,794328,163857.032,26849126875.079,0.224,2.747,0,62,156,167,169,169,391,56.78,2010-10-13
"2010-11-23",5371,0.00032618,0.00135518941235103,32618,135518,30841.405,951192281.981,1.772,5.491,0,0,6,33,58,80,391,79.54,2010-11-23
"2011-01-02",5371,0.001675837,0.00285759054337495,167583,285759,50056.354,2505638548.493,0.006,2.89,0,0,324,350,352,352,391,9.97,2011-01-02
"2011-06-26",5371,0.005704639,0.0145881426027535,570463,1458814,251117.965,63060232443.484,0.683,3.366,0,267,373,375,375,375,391,4.09,2011-06-26
"2011-06-29",5371,0.003753891,0.00816582371358592,375389,816582,121321.869,14718995939.661,1.069,4.084,0,94,283,283,283,283,391,27.62,2011-06-29
"2011-07-06",5371,0.004513447,0.010471285480509,451344,1047128,142874.967,20413256181.041,1.242,5.044,0,158,276,276,276,276,391,29.41,2011-07-06
"2011-08-14",5371,0.001380507,0.0022284351492703,138050,222843,32493.279,1055813172.862,-0.031,4.374,0,0,134,143,144,144,391,63.17,2011-08-14
"2011-08-22",5371,0.001337661,0.00183653834334835,133766,183653,35666.002,1272063693.088,-1.352,5.249,0,0,73,77,78,79,391,79.8,2011-08-22
"2011-08-25",5371,0.001307165,0.00270395836410884,130716,270395,24339.654,592418734.783,1.041,7.088,0,0,248,268,268,268,391,31.46,2011-08-25
"2011-10-02",5371,0.001346983,0.00356451133426244,134698,356451,57771.611,3337558984.142,0.169,3.664,0,0,261,333,340,347,391,11.25,2011-10-02
"2011-10-05",5371,0.004224238,0.0123594743344451,422423,1235947,212027.766,44955773758.341,0.823,4.773,0,117,233,247,250,250,391,36.06,2011-10-05
"2011-10-21",5371,0.000456599,0.00248885731828239,45659,248885,32246.181,1039816198.891,1.887,10.74,0,0,8,131,160,187,391,52.17,2011-10-21
"2011-10-24",5371,0.000496291,0.00248885731828239,49629,248885,37810.846,1429660062.347,1.874,8.276,0,0,16,141,177,201,391,48.59,2011-10-24
"2011-10-27",5371,0.00090378,0.00277971326775929,90378,277971,66976.938,4485910195.285,1.11,3.881,0,0,48,111,124,136,391,65.22,2011-10-27
"2011-10-29",5371,0.000514922,0.00216770410481969,51492,216770,40540.81,1643557292.693,1.895,7.529,0,0,7,59,73,82,391,79.03,2011-10-29
"2011-11-04",5371,0.001751442,0.00376703798983909,175144,376703,92459.944,8548841271.445,0.064,2.006,0,0,216,283,292,295,391,24.55,2011-11-04
"2011-11-15",5371,0.000480064,0.00188799134909629,48006,188799,30966.718,958937626.976,1.131,5.297,0,0,7,93,114,125,391,68.03,2011-11-15
"2011-11-17",5371,0.000497651,0.00188799134909629,49765,188799,32726.939,1071052522.685,1.106,4.728,0,0,14,171,213,236,391,39.64,2011-11-17
"2011-11-23",5371,0.000573425,0.00135518941235103,57342,135518,27625.235,763153610.202,0.26,2.444,0,0,12,172,188,198,391,49.36,2011-11-23
"2011-12-09",5371,0.000292915,0.00124738351424294,29291,124738,19585.379,383587053.894,1.702,7.265,0,0,2,113,201,243,391,37.85,2011-12-09
"2016-10-21",5371,0.000674563,0.00346736850452532,67456,346736,75248.289,5662305029.482,2.211,7.54,0,0,15,60,80,92,391,76.47,2016-10-21
"2016-11-01",5371,0.000903537,0.00328095293113119,90353,328095,65466.861,4285909855.583,0.985,3.633,0,0,113,257,290,306,391,21.74,2016-11-01
"2016-11-05",5371,0.001122456,0.00524807460249772,112245,524807,105290.581,11086106484.774,1.733,5.956,0,12,135,298,322,346,391,11.51,2016-11-05
"2016-11-06",5371,0.003971389,0.0172186857498601,397138,1721868,306903.273,94189619243.226,1.223,4.524,1,129,302,337,341,346,391,11.51,2016-11-06
"2016-11-08",5371,0.000647996,0.00751622894018205,64799,751622,92513.736,8558791264.654,3.89,22.744,0,4,40,151,210,244,391,37.6,2016-11-08
"2016-11-09",5371,0.000554834,0.00432513831035009,55483,432513,62694.209,3930563851.461,2.866,13.749,0,1,30,137,185,217,391,44.5,2016-11-09
"2016-11-10",5371,0.000523837,0.00524807460249772,52383,524807,61770.454,3815588967.257,4.157,27.226,0,1,17,104,136,164,391,58.06,2016-11-10
"2016-11-12",5371,0.000401155,0.00554625712957911,40115,554625,54825.064,3005787683.741,6.655,57.781,0,2,9,108,153,195,391,50.13,2016-11-12
"2016-11-13",5371,0.000331728,0.00229086765276777,33172,229086,31413.445,986804545.558,2.851,14.571,0,0,6,71,119,162,391,58.57,2016-11-13
"2016-11-16",5371,0.000824288,0.00539510622515127,82428,539510,62463.836,3901730757.379,1.884,11.441,0,1,104,266,300,319,391,18.41,2016-11-16
"2016-11-21",5371,0.000516139,0.00248885731828239,51613,248885,39821.515,1585753021.695,1.479,6.411,0,0,16,106,130,153,391,60.87,2016-11-21
"2017-01-01",5371,0.001083596,0.00636795520907916,108359,636795,108684.364,11812290939.243,1.986,7.625,0,7,102,266,294,315,391,19.44,2017-01-01
"2017-01-06",5371,0.001616732,0.00310455958812836,161673,310455,65694.501,4315767471.819,-0.064,2.066,0,0,92,120,120,120,391,69.31,2017-01-06
"2017-02-09",5371,0.00133026,0.00293764965196153,133026,293764,58271.455,3395562501.053,0.366,2.896,0,0,193,281,285,287,391,26.6,2017-02-09
"2017-06-01",5371,0.000681096,0.00151356124843621,68109,151356,35143.56,1235069835.965,0.101,2.139,0,0,30,146,160,170,391,56.52,2017-06-01
"2017-06-02",5371,0.002982405,0.00602559586074357,298240,602559,126641.128,16037975317.571,0.336,3.019,0,26,128,135,137,137,391,64.96,2017-06-02
"2017-06-06",5371,0.001146669,0.00301995172040201,114666,301995,75196.081,5654450573.122,0.49,2.353,0,0,44,71,82,84,391,78.52,2017-06-06
"2017-06-09",5371,0.002554634,0.00751622894018205,255463,751622,155921.089,24311385874.943,0.934,3.693,0,50,253,284,291,296,391,24.3,2017-06-09
"2017-06-10",5371,0.002085712,0.00654636174067275,208571,654636,111112.347,12345953651.78,0.619,4.172,0,13,196,230,234,236,391,39.64,2017-06-10
"2017-06-12",5371,0.006923366,0.0172186857498601,692336,1721868,332486.257,110547110827.594,0.884,3.161,1,184,229,229,229,229,391,41.43,2017-06-12
"2017-06-13",5371,0.011925654,0.0343557947899875,1192565,3435579,615287.109,378578226404.194,0.864,3.835,78,335,365,365,365,365,391,6.65,2017-06-13
"2017-06-16",5371,0.008652105,0.0363078054770101,865210,3630780,701129.214,491582174997.829,1.625,5.414,31,169,250,250,250,251,391,35.81,2017-06-16
"2017-07-03",5371,0.008290894,0.0149968483550237,829089,1499684,279606.754,78179936766.722,-0.562,2.885,0,271,285,288,288,289,391,26.09,2017-07-03
"2017-07-15",5371,0.002542819,0.00409260659730011,254281,409260,107097.851,11469949671.47,-0.728,2.384,0,3,169,186,191,192,391,50.9,2017-07-15
"2017-07-17",5371,0.003186526,0.00432513831035009,318652,432513,104052.064,10826832021.079,-1.396,3.951,0,12,92,99,100,100,391,74.42,2017-07-17
"2017-08-10",5371,0.001940425,0.00444631267469108,194042,444631,81137.68,6583323132.138,-0.173,2.835,0,2,265,303,311,313,391,19.95,2017-08-10
"2017-08-14",5371,0.00192027,0.00524807460249772,192027,524807,73097.69,5343272260.252,0.363,5.11,0,4,317,343,346,350,391,10.49,2017-08-14
"2017-08-22",5371,0.001057829,0.00210862814993329,105782,210862,51185.514,2619956883.104,-0.06,2.16,0,0,77,133,140,144,391,63.17,2017-08-22
"2017-09-05",5371,0.000692594,0.00118032063565173,69259,118032,24265.749,588826559.941,0.031,2.333,0,0,10,99,102,102,391,73.91,2017-09-05
"2017-09-09",5371,0.001126021,0.00199526231496888,112602,199526,37829.809,1431094411.813,-0.728,3.45,0,0,236,321,332,337,391,13.81,2017-09-09
"2017-09-10",5371,0.002606437,0.00346736850452532,260643,346736,70307.855,4943194508.689,-2.55,8.804,0,0,114,117,122,122,391,68.8,2017-09-10
"2017-09-13",5371,0.001079675,0.00310455958812836,107967,310455,64722.22,4188965790.29,0.473,2.382,0,0,141,274,293,303,391,22.51,2017-09-13
"2017-10-18",5371,0.000345079,0.00301995172040201,34507,301995,26733.897,714701268.919,4.063,35.519,0,0,5,172,265,308,391,21.23,2017-10-18
"2017-10-26",5371,0.000428825,0.00229086765276777,42882,229086,33164.794,1099903594.066,2.276,11.998,0,0,11,118,168,187,391,52.17,2017-10-26
"2017-10-29",5371,0.000272389,0.0022284351492703,27238,222843,25169.287,633493006.08,3.631,21.776,0,0,8,94,195,260,391,33.5,2017-10-29
"2017-11-03",5371,0.001126582,0.00469894108605215,112658,469894,78216.113,6117760356.558,1.485,5.779,0,1,54,117,122,125,391,68.03,2017-11-03
"2017-11-19",5371,0.000637037,0.00293764965196153,63703,293764,71810.225,5156708446.885,1.901,5.724,0,0,19,68,93,106,391,72.89,2017-11-19
"2017-11-22",5371,0.000207422,0.001,20742,100000,18994.136,360777189.912,2.282,7.958,0,0,0,21,50,94,391,75.96,2017-11-22
"2017-11-25",5371,0.000305512,0.00173780082874937,30551,173780,26620.341,708642533.092,2.581,12.268,0,0,3,44,71,93,391,76.21,2017-11-25
"2017-11-29",5371,0.000161372,0.00128233058265602,16137,128233,14521.272,210867342.778,5.603,41.818,0,0,1,6,46,90,391,76.98,2017-11-29
"2017-12-07",5371,0.000205106,0.00108642562361706,20510,108642,15608.082,243612233.522,2.403,11.478,0,0,1,31,70,117,391,70.08,2017-12-07
"2018-05-23",5371,0.002051036,0.00816582371358592,205103,816582,134937.167,18208038928.66,1.865,7.912,0,9,110,126,127,128,391,67.26,2018-05-23
"2018-05-26",5371,0.003545642,0.0110662378397767,354564,1106623,212782.112,45276227206.334,0.684,3.268,0,141,323,361,362,364,391,6.91,2018-05-26
"2018-05-27",5371,0.006359169,0.0214783047413053,635916,2147830,312398.407,97592764610.809,1.516,6.536,6,291,375,376,376,376,391,3.84,2018-05-27
"2018-05-29",5371,0.010772818,0.0162929603263972,1077281,1629296,224445.969,50375992783.206,0.108,2.753,1,208,208,208,208,208,391,46.8,2018-05-29
"2018-05-31",5371,0.005669804,0.0120226443461741,566980,1202264,198176.432,39273898180.851,0.235,3.071,0,259,322,322,322,322,391,17.65,2018-05-31
"2018-06-04",5371,0.00767797,0.0141905752168909,767797,1419057,191234.94,36570802362.669,0.114,3.276,0,376,385,385,385,385,391,1.53,2018-06-04
"2018-06-06",5371,0.01062221,0.018706821403658,1062221,1870682,295253.294,87174507673.363,0.338,2.231,11,285,285,285,285,285,391,27.11,2018-06-06
"2018-06-07",5371,0.032504166,0.0685488226452661,3250416,6854882,1794613.065,3220636052408,0.009,1.757,301,380,388,388,388,388,391,0.77,2018-06-07
"2018-06-23",5371,0.004489632,0.00672976656284317,448963,672976,85913.43,7381117467.951,0.526,3.234,0,88,118,118,118,118,391,69.82,2018-06-23
"2018-06-29",5371,0.005235114,0.0192309172891016,523511,1923091,326133.147,106362829589.04,1.621,6.446,4,150,247,256,259,260,391,33.5,2018-06-29
"2018-06-30",5371,0.005227111,0.0138038426460288,522711,1380384,256498.144,65791297674.24,0.213,3.102,0,184,250,259,262,265,391,32.23,2018-06-30
"2018-07-07",5371,0.001715863,0.00285759054337495,171586,285759,70525.686,4973872357.854,-0.768,2.556,0,0,280,332,343,349,391,10.74,2018-07-07
"2018-07-08",5371,0.001606783,0.00346736850452532,160678,346736,85132.471,7247537696.033,-0.206,1.953,0,0,165,215,225,232,391,40.66,2018-07-08
"2018-07-15",5371,0.003657538,0.00554625712957911,365753,554625,67836.938,4601850130.282,-1.061,7.683,0,87,349,352,353,353,391,9.72,2018-07-15
"2018-07-23",5371,0.003934389,0.00672976656284317,393438,672976,61992.243,3843038132.497,-0.087,8.14,0,144,376,377,377,377,391,3.58,2018-07-23
"2018-07-24",5371,0.004270777,0.00711213513653329,427077,711213,95873.084,9191648220.008,0.339,2.992,0,171,295,295,295,295,391,24.55,2018-07-24
"2018-07-30",5371,0.003290656,0.00731139083483417,329065,731139,108207.874,11708944035.892,1.171,6.673,0,16,125,125,126,126,391,67.77,2018-07-30
"2018-08-22",5371,0.00082594,0.00159955802861467,82594,159955,27113.975,735167647.217,-0.569,3.888,0,0,45,185,188,194,391,50.38,2018-08-22
"2018-08-23",5371,0.001144342,0.00263026799189538,114434,263026,38381.254,1473120654.654,0.479,5.564,0,0,181,283,288,290,391,25.83,2018-08-23
"2018-09-04",5371,0.001690502,0.00570164272280747,169050,570164,74895.673,5609361839.595,1.658,9.602,0,2,132,141,145,145,391,62.92,2018-09-04
"2018-09-11",5371,0.004201534,0.0167494287602644,420153,1674942,264109.037,69753583538.373,1.604,6.177,1,159,380,390,390,390,391,0.26,2018-09-11
"2018-09-12",5371,0.003166571,0.0120226443461741,316657,1202264,186725.936,34866575188.353,2.055,8.837,0,70,365,378,379,380,391,2.81,2018-09-12
"2018-09-14",5371,0.004581484,0.0291071711806661,458148,2910717,380707.01,144937827186.456,1.924,8.565,5,157,381,391,391,391,391,0,2018-09-14
"2018-09-15",5371,0.0044053,0.0181970085860998,440529,1819700,348042.582,121133638928.347,1.426,4.435,3,142,385,386,386,386,391,1.28,2018-09-15
"2018-09-16",5371,0.006611652,0.0275422870333817,661165,2754228,606351.848,367662563573.169,1.701,5.154,22,112,219,220,220,221,391,43.48,2018-09-16
"2018-09-22",5371,0.00168608,0.00457088189614875,168607,457088,70388.156,4954492477.764,1.341,5.361,0,5,342,381,382,382,391,2.3,2018-09-22
"2018-09-23",5371,0.002715883,0.00691830970918936,271588,691830,106764.354,11398627277.097,1.088,4.381,0,43,386,389,389,389,391,0.51,2018-09-23
"2018-09-24",5371,0.003257429,0.00816582371358592,325742,816582,145007.786,21027258130.046,0.907,3.543,0,96,364,370,370,370,391,5.37,2018-09-24
"2018-09-26",5371,0.00202712,0.00619441075076781,202711,619441,106376.657,11315993174.86,1.047,3.999,0,19,335,376,377,379,391,3.07,2018-09-26
"2018-09-27",5371,0.001995114,0.00398107170553497,199511,398107,81704.367,6675603554.647,0.361,2.981,0,0,151,166,167,168,391,57.03,2018-09-27
"2018-10-04",5371,0.002112598,0.00586138164514028,211259,586138,70822.419,5015815082.501,1.769,8.864,0,10,377,388,388,388,391,0.77,2018-10-04
"2018-10-09",5371,0.003164468,0.0127057410520854,316446,1270574,171263.194,29331081556.042,2.342,11.65,0,38,223,225,227,228,391,41.69,2018-10-09
"2018-10-15",5371,0.001843992,0.00654636174067275,184399,654636,135275.902,18299569614.444,0.914,3.544,0,14,105,150,158,162,391,58.57,2018-10-15
"2018-10-16",5371,0.00098116,0.00366437574647833,98115,366437,63921.1,4085906980.384,0.99,4.317,0,0,140,291,324,332,391,15.09,2018-10-16
"2018-10-17",5371,0.001357666,0.00654636174067275,135766,654636,109569.887,12005560172.868,2.212,8.621,0,14,196,333,347,351,391,10.23,2018-10-17
"2018-10-21",5371,0.001288326,0.00887156012037961,128832,887156,136559.98,18648628227.586,2.707,11.474,0,17,122,292,309,316,391,19.18,2018-10-21
"2018-10-23",5371,0.000770621,0.00242102904673618,77062,242102,44575.638,1986987534.476,0.893,3.816,0,0,85,327,347,359,391,8.18,2018-10-23
"2018-10-24",5371,0.002273317,0.00420726628384444,227331,420726,86258.466,7440523005.751,-0.315,2.75,0,3,332,366,368,369,391,5.63,2018-10-24
"2018-11-01",5371,0.003816469,0.00963829023623971,381646,963829,231142.503,53426856678.733,0.452,2.136,0,106,220,236,238,238,391,39.13,2018-11-01
"2018-11-10",5371,0.000340493,0.00135518941235103,34049,135518,20367.741,414844854.24,1.196,5.506,0,0,2,154,219,254,391,35.04,2018-11-10
"2018-11-11",5371,0.000353545,0.00128233058265602,35354,128233,20118.719,404762864.494,1.005,4.713,0,0,3,202,279,317,391,18.93,2018-11-11
"2018-11-13",5371,0.000598491,0.0022284351492703,59849,222843,45584.318,2077930026.776,1.715,6.392,0,0,21,145,162,178,391,54.48,2018-11-13
"2018-11-14",5371,0.000271059,0.000847227414140596,27105,84722,17143.363,293894911.089,1.098,3.752,0,0,0,95,169,219,391,43.99,2018-11-14
"2018-11-15",5371,0.000321743,0.00118032063565173,32174,118032,20230.959,409291704.83,1.283,4.947,0,0,2,149,226,267,391,31.71,2018-11-15
"2018-11-18",5371,0.000250482,0.00143218789927354,25048,143218,17368.461,301663420.341,2.389,13.577,0,0,1,80,157,206,391,47.31,2018-11-18
"2018-12-07",5371,0.000246141,0.00114815362149688,24614,114815,17956.04,322419363.719,1.917,8.243,0,0,1,57,104,147,391,62.4,2018-12-07
"2018-12-15",5371,0.000220707,0.000642687717317019,22070,64268,14216.833,202118340.843,1.065,3.328,0,0,0,35,69,102,391,73.91,2018-12-15
"2019-06-26",5371,0.007948455,0.0246603933723434,794845,2466039,430835.894,185619567345.619,1.529,5.548,8,153,169,169,169,169,391,56.78,2019-06-26
"2019-06-27",5371,0.003646827,0.0134276496113786,364682,1342764,166256.012,27641061381.786,1.308,7.398,0,108,307,312,313,314,391,19.69,2019-06-27
"2019-06-29",5371,0.004148302,0.0162929603263972,414830,1629296,254991.86,65020848556.973,1.692,7.027,1,149,359,365,365,365,391,6.65,2019-06-29
"2019-07-02",5371,0.009626781,0.018706821403658,962678,1870682,207578.243,43088727087.975,0.803,5.177,1,142,142,142,142,142,391,63.68,2019-07-02
"2019-07-04",5371,0.004968676,0.00990831944892768,496867,990831,211147.286,44583176313.787,0.154,2.178,0,116,180,180,180,180,391,53.96,2019-07-04
"2019-07-07",5371,0.005566255,0.0120226443461741,556625,1202264,195149.369,38083276214.618,0.741,3.926,0,236,295,296,296,296,391,24.3,2019-07-07
"2019-07-08",5371,0.008439942,0.0172186857498601,843994,1721868,326833.481,106820124351.668,0.176,2.248,2,338,366,367,367,367,391,6.14,2019-07-08
"2019-07-10",5371,0.005441389,0.0127057410520854,544138,1270574,186197.719,34669590619.354,0.981,4.641,0,277,363,363,363,363,391,7.16,2019-07-10
"2019-07-11",5371,0.005464299,0.0101859138805412,546429,1018591,167631.313,28100257065.33,0.088,2.81,0,314,375,377,377,377,391,3.58,2019-07-11
"2019-07-12",5371,0.006732265,0.0181970085860998,673226,1819700,380801.646,145009893582.487,0.595,2.142,3,236,379,379,379,379,391,3.07,2019-07-12
"2019-07-13",5371,0.005017142,0.00887156012037961,501714,887156,150671.052,22701765865.23,0.194,2.974,0,74,112,112,112,112,391,71.36,2019-07-13
"2019-07-14",5371,0.002571029,0.00346736850452532,257102,346736,38177.696,1457536442.129,-0.291,3.8,0,0,231,231,231,231,391,40.92,2019-07-14
"2019-07-16",5371,0.002204757,0.00839459986519397,220475,839459,65533.171,4294596550.091,2.956,27.918,0,3,353,354,354,354,391,9.46,2019-07-16
"2019-07-19",5371,0.004075773,0.00751622894018205,407577,751622,87598.026,7673414206.189,0.073,5.734,0,180,363,364,365,365,391,6.65,2019-07-19
"2019-07-22",5371,0.005009365,0.00839459986519397,500936,839459,163816.01,26835685031.821,0.005,2.569,0,247,354,356,357,357,391,8.7,2019-07-22
"2019-07-23",5371,0.006696478,0.00887156012037961,669647,887156,94950.449,9015587704.704,-1.43,7.809,0,356,362,362,362,362,391,7.42,2019-07-23
"2019-07-24",5371,0.004896012,0.00816582371358592,489601,816582,116991.64,13687043820.358,0.2,4.438,0,315,368,369,370,370,391,5.37,2019-07-24
"2019-07-25",5371,0.004033316,0.00772680585095702,403331,772680,127922.01,16364040697.215,-0.201,4.245,0,149,326,331,333,335,391,14.32,2019-07-25
"2019-07-27",5371,0.002321704,0.00444631267469108,232170,444631,73032.15,5333694872.637,-0.731,3.792,0,2,289,309,310,311,391,20.46,2019-07-27
"2019-07-28",5371,0.005464448,0.00887156012037961,546444,887156,115536.413,13348662815.963,0.308,4.491,0,282,294,295,295,295,391,24.55,2019-07-28
"2019-07-29",5371,0.005298709,0.0145881426027535,529870,1458814,240730.483,57951165615.906,0.873,3.502,0,181,268,269,270,270,391,30.95,2019-07-29
"2019-07-30",5371,0.0051502,0.00963829023623971,515020,963829,246985.525,61001849436.214,0.044,1.641,0,186,318,321,323,323,391,17.39,2019-07-30
"2019-07-31",5371,0.009231674,0.0192309172891016,923167,1923091,258471.104,66807311670.633,1.366,5.382,8,321,323,323,323,323,391,17.39,2019-07-31
"2019-08-01",5371,0.007524021,0.0116949939101987,752402,1169499,174325.51,30389383463.732,-0.383,3.944,0,363,369,369,370,370,391,5.37,2019-08-01
"2019-08-02",5371,0.007943052,0.0197696964011186,794305,1976969,329113.459,108315669153.815,0.468,2.85,4,335,368,368,368,368,391,5.88,2019-08-02
"2019-08-03",5371,0.004541865,0.0116949939101987,454186,1169499,159772.377,25527212334.574,0.874,5.468,0,232,371,373,374,374,391,4.35,2019-08-03
"2019-08-04",5371,0.005617002,0.010471285480509,561700,1047128,121131.277,14672786286.694,0.215,6.891,0,350,377,378,378,378,391,3.32,2019-08-04
"2019-08-06",5371,0.006279545,0.010471285480509,627954,1047128,103477.277,10707546779.77,0.52,5.439,0,339,342,342,342,342,391,12.53,2019-08-06
"2019-08-07",5371,0.005824254,0.0123594743344451,582425,1235947,195105.761,38066257834.022,0.703,4.301,0,90,115,115,115,115,391,70.59,2019-08-07
"2019-08-08",5371,0.006625927,0.0113762728582343,662592,1137627,157947.367,24947370808.378,-0.9,4.687,0,350,383,383,384,384,391,1.79,2019-08-08
"2019-08-09",5371,0.006959073,0.0093756200692588,695907,937562,93472.274,8737066037.94,-2.011,11.086,0,373,380,380,380,380,391,2.81,2019-08-09
"2019-08-15",5371,0.008531338,0.0127057410520854,853133,1270574,172244.242,29668079073.908,-0.242,2.523,0,391,391,391,391,391,391,0,2019-08-15
"2019-08-17",5371,0.00930007,0.0141905752168909,930007,1419057,238681.348,56968785866.641,-0.16,1.808,0,156,156,156,156,156,391,60.1,2019-08-17
"2019-08-19",5371,0.010056849,0.0145881426027535,1005684,1458814,152764.156,23336887358.434,-0.132,3.06,0,391,391,391,391,391,391,0,2019-08-19
"2019-08-22",5371,0.008073281,0.0138038426460288,807328,1380384,290231.892,84234550864.358,-0.107,1.855,0,245,257,257,257,257,391,34.27,2019-08-22
"2019-08-23",5371,0.00791461,0.0110662378397767,791460,1106623,155973.573,24327755576.555,0.464,2.019,0,105,105,105,105,105,391,73.15,2019-08-23
"2019-08-24",5371,0.007298159,0.0127057410520854,729815,1270574,210491.682,44306748289.889,-0.187,3.782,0,244,256,256,257,257,391,34.27,2019-08-24
"2019-08-27",5371,0.005678019,0.0116949939101987,567801,1169499,98651.66,9732150093.906,0.525,11.551,0,382,384,385,385,386,391,1.28,2019-08-27
"2019-08-28",5371,0.004963918,0.00887156012037961,496391,887156,134036.567,17965801215.923,0.05,3.095,0,276,368,368,368,368,391,5.88,2019-08-28
"2019-08-29",5371,0.005126483,0.00990831944892768,512648,990831,82733.466,6844826395.491,1.604,10.911,0,376,378,379,379,379,391,3.07,2019-08-29
"2019-09-01",5371,0.00697481,0.0154170045294956,697481,1541700,213456.154,45563529680.172,0.723,4.164,0,347,377,378,378,378,391,3.32,2019-09-01
"2019-09-05",5371,0.005728396,0.00963829023623971,572839,963829,133044.626,17700872549.876,-0.103,2.867,0,336,385,385,385,385,391,1.53,2019-09-05
"2019-09-14",5371,0.009135261,0.0127057410520854,913526,1270574,151677.501,23006064413.639,-0.876,6.246,0,292,293,294,294,294,391,24.81,2019-09-14
"2019-09-16",5371,0.022757332,0.0549540873857624,2275733,5495408,1235438.308,1526307813524.7,0.587,2.38,229,379,383,383,383,383,391,2.05,2019-09-16
"2019-09-17",5371,0.007590091,0.0260615354999889,759009,2606153,491806.707,241873836985.863,0.976,3.447,24,265,386,386,386,386,391,1.28,2019-09-17
"2019-09-18",5371,0.008116875,0.0253512863049791,811687,2535128,529155.939,280006007452.16,0.82,2.545,49,301,384,387,388,388,391,0.77,2019-09-18
"2019-09-20",5371,0.015766576,0.0267916832481903,1576657,2679168,470789.147,221642421254.692,-0.011,2.424,141,280,280,280,280,280,391,28.39,2019-09-20
"2019-09-23",5371,0.006359235,0.0181970085860998,635923,1819700,180966.196,32748764029.533,2.385,12.38,1,382,391,391,391,391,391,0,2019-09-23
"2019-09-24",5371,0.005553717,0.0123594743344451,555371,1235947,124352.623,15463574838.211,0.279,5.148,0,347,387,388,388,388,391,0.77,2019-09-24
"2019-09-25",5371,0.004958733,0.0130617088813184,495873,1306170,268203.028,71932864420.724,1.243,3.549,0,91,190,190,190,190,391,51.41,2019-09-25
"2019-09-26",5371,0.005475796,0.0101859138805412,547579,1018591,152061.966,23122841420.318,-0.629,3.615,0,312,381,383,383,383,391,2.05,2019-09-26
"2019-09-30",5371,0.003593474,0.010471285480509,359347,1047128,119663.235,14319289924.319,2.163,11.255,0,76,294,294,294,294,391,24.81,2019-09-30
"2019-10-07",5371,0.00407878,0.0093756200692588,407877,937562,103150.366,10639998047.671,0.564,7.446,0,203,387,391,391,391,391,0,2019-10-07
"2019-10-08",5371,0.004455092,0.010471285480509,445509,1047128,118791.624,14111449940.967,-0.035,6.233,0,270,384,389,389,389,391,0.51,2019-10-08
"2019-10-09",5371,0.004217742,0.0113762728582343,421774,1137627,170935.59,29218976070.436,0.78,4.017,0,183,383,388,388,388,391,0.77,2019-10-09
"2019-10-12",5371,0.00355908,0.010471285480509,355907,1047128,108952.339,11870612117.983,1.12,7.294,0,111,386,387,388,388,391,0.77,2019-10-12
"2019-10-14",5371,0.002264266,0.00772680585095702,226426,772680,96384.617,9289994423.248,1.546,8.978,0,17,356,384,387,387,391,1.02,2019-10-14
"2019-10-16",5371,0.002190876,0.00602559586074357,219087,602559,86924.284,7555831107.344,1.364,6.411,0,9,134,137,138,138,391,64.71,2019-10-16
"2019-10-18",5371,0.002060947,0.00636795520907916,206094,636795,98301.278,9663141283.616,1.007,4.518,0,13,332,361,365,365,391,6.65,2019-10-18
"2019-10-19",5371,0.001752564,0.00277971326775929,175256,277971,70909.845,5028206111.626,-0.7,2.764,0,0,79,89,91,93,391,76.21,2019-10-19
"2019-10-23",5371,0.000885991,0.00366437574647833,88599,366437,47532.989,2259385038.027,0.988,6.904,0,0,158,323,348,358,391,8.44,2019-10-23
"2019-10-25",5371,0.000912104,0.00277971326775929,91210,277971,46015.534,2117429375.099,0.616,4.507,0,0,159,328,348,362,391,7.42,2019-10-25
"2019-10-27",5371,0.000520142,0.00169044093164326,52014,169044,29701.462,882176862.722,1.246,5.779,0,0,16,267,308,330,391,15.6,2019-10-27
"2019-10-29",5371,0.000558728,0.00554625712957911,55872,554625,62716.906,3933410279.536,5.484,39.275,0,3,10,206,244,258,391,34.02,2019-10-29
"2019-11-05",5371,0.00129793,0.00356451133426244,129793,356451,91268.16,8329877020.052,0.715,2.718,0,0,70,117,121,127,391,67.52,2019-11-05
"2019-11-07",5371,0.000569756,0.00432513831035009,56975,432513,39482.482,1558866367.63,3.57,30.729,0,1,20,255,291,316,391,19.18,2019-11-07
"2019-11-12",5371,0.000592339,0.00570164272280747,59233,570164,63785.442,4068582646.747,3.947,27.211,0,1,25,118,151,171,391,56.27,2019-11-12
"2019-12-06",5371,0.000312504,0.00199526231496888,31250,199526,31520.727,993556209.146,3.077,14.542,0,0,6,60,106,144,391,63.17,2019-12-06
"2019-12-10",5371,0.000457045,0.00229086765276777,45704,229086,39677.823,1574329638.328,1.948,7.519,0,0,10,83,105,127,391,67.52,2019-12-10
"2019-12-11",5371,0.000547131,0.00235504928389601,54713,235504,39263.526,1541624463.161,1.919,9.142,0,0,11,134,164,179,391,54.22,2019-12-11
"2019-12-15",5371,0.000412404,0.00108642562361706,41240,108642,27490.085,755704795.85,0.776,2.307,0,0,1,48,70,80,391,79.54,2019-12-15
"2020-06-16",5371,0.001272469,0.00248885731828239,127246,248885,49278.841,2428404156.147,-0.136,3.46,0,0,110,132,135,138,391,64.71,2020-06-16
"2020-06-17",5371,0.003512742,0.00772680585095702,351274,772680,142189.404,20217826641.232,0.854,3.615,0,51,201,204,204,205,391,47.57,2020-06-17
"2020-06-18",5371,0.003401292,0.0123594743344451,340129,1235947,210613.488,44358041192.956,0.922,3.861,0,87,246,267,269,271,391,30.69,2020-06-18
"2020-06-19",5371,0.004933598,0.0177010895831742,493359,1770108,337676.865,114025665030.083,0.736,2.988,1,164,280,304,305,306,391,21.74,2020-06-19
"2020-06-21",5371,0.008093559,0.0208929613085404,809355,2089296,366284.248,134164150441.349,1.231,4.908,16,310,349,349,349,349,391,10.74,2020-06-21
"2020-06-23",5371,0.003897194,0.00772680585095702,389719,772680,136556.036,18647550874.055,0.227,4.081,0,70,147,152,152,152,391,61.13,2020-06-23
"2020-06-24",5371,0.003089918,0.00794328234724281,308991,794328,142343.758,20261745343.107,0.248,2.539,0,99,328,340,341,342,391,12.53,2020-06-24
"2020-06-25",5371,0.006304791,0.0134276496113786,630479,1342764,232145.396,53891484907.677,0.078,2.889,0,303,368,370,370,370,391,5.37,2020-06-25
"2020-06-27",5371,0.005335727,0.0123594743344451,533572,1235947,199268.668,39708002151.339,0.699,3.065,0,158,238,238,238,238,391,39.13,2020-06-27
"2020-07-10",5371,0.001760726,0.00285759054337495,176072,285759,80779.915,6525394713.063,-0.473,1.93,0,0,78,97,101,102,391,73.91,2020-07-10
"2020-07-12",5371,0.001856334,0.00398107170553497,185633,398107,107596.724,11577054990.039,-0.095,1.781,0,0,124,162,166,172,391,56.01,2020-07-12
"2020-07-13",5371,0.002781844,0.00457088189614875,278184,457088,73478.489,5399088316.322,-1.613,7.155,0,5,226,234,237,238,391,39.13,2020-07-13
"2020-07-16",5371,0.003054709,0.00636795520907916,305470,636795,100751.443,10150853274.425,0.214,4.386,0,43,267,275,276,276,391,29.41,2020-07-16
"2020-07-17",5371,0.002873544,0.00654636174067275,287354,654636,98417.092,9685924066.209,0.458,5.804,0,29,311,323,324,326,391,16.62,2020-07-17
"2020-07-22",5371,0.004959481,0.00711213513653329,495948,711213,64288.593,4133023169.447,0.429,5.755,0,338,353,353,353,353,391,9.72,2020-07-22
"2020-07-23",5371,0.003641142,0.00711213513653329,364114,711213,96025.726,9220940082.961,-0.894,4.568,0,94,235,238,238,238,391,39.13,2020-07-23
"2020-07-24",5371,0.005444017,0.00794328234724281,544401,794328,81329.538,6614493735.289,-1.085,9.728,0,370,376,377,377,377,391,3.58,2020-07-24
"2020-07-26",5371,0.004117466,0.00469894108605215,411746,469894,25456.21,648018639.51,-0.494,3.063,0,86,121,121,121,121,391,69.05,2020-07-26
"2020-07-28",5371,0.004016056,0.00816582371358592,401605,816582,80904.052,6545465581.818,0.133,5.613,0,159,315,316,316,316,391,19.18,2020-07-28
"2020-07-29",5371,0.005776417,0.0093756200692588,577641,937562,73308.798,5374179871.646,0.13,10.111,0,367,372,372,372,372,391,4.86,2020-07-29
"2020-07-30",5371,0.00582299,0.00839459986519397,582299,839459,137048.92,18782406369.447,-1.076,4.633,0,264,296,298,298,298,391,23.79,2020-07-30
"2020-07-31",5371,0.005968652,0.0086297854776697,596865,862978,104591.739,10939431924.529,-1.836,9.993,0,352,362,363,364,364,391,6.91,2020-07-31
"2020-08-01",5371,0.006773143,0.00990831944892768,677314,990831,98782.489,9757980059.042,-1.126,9.049,0,372,378,378,378,378,391,3.32,2020-08-01
"2020-08-04",5371,0.005459362,0.0093756200692588,545936,937562,77916.008,6070904257.987,-0.154,12.484,0,375,379,380,380,380,391,2.81,2020-08-04
"2020-08-06",5371,0.007117835,0.0110662378397767,711783,1106623,134091.742,17980595401.423,-0.3,4.456,0,372,377,377,377,377,391,3.58,2020-08-06
"2020-08-07",5371,0.004630287,0.00731139083483417,463028,731139,94757.968,8979072450.069,-0.203,5.267,0,299,378,380,380,380,391,2.81,2020-08-07
"2020-08-08",5371,0.004494424,0.00711213513653329,449442,711213,90214.175,8138597332.397,-0.633,4.841,0,273,373,376,376,376,391,3.84,2020-08-08
"2020-08-10",5371,0.004291855,0.00672976656284317,429185,672976,74315.431,5522783259.446,-0.427,5.342,0,187,270,270,270,270,391,30.95,2020-08-10
"2020-08-11",5371,0.00558403,0.00839459986519397,558402,839459,93246.974,8694998189.913,-1.43,7.304,0,353,378,378,378,378,391,3.32,2020-08-11
"2020-08-12",5371,0.00638453,0.0101859138805412,638453,1018591,98808.272,9763074655.82,-0.594,11.588,0,372,377,378,378,378,391,3.32,2020-08-12
"2020-08-13",5371,0.005904918,0.00772680585095702,590491,772680,69324.119,4805833428.254,-1.93,12.749,0,212,216,216,216,216,391,44.76,2020-08-13
"2020-08-14",5371,0.005356463,0.0086297854776697,535646,862978,91989.256,8462023191.351,-0.124,4.573,0,348,373,373,373,373,391,4.6,2020-08-14
"2020-08-16",5371,0.004154335,0.00711213513653329,415433,711213,87580.475,7670339671.756,0.044,4.104,0,198,385,385,385,386,391,1.28,2020-08-16
"2020-08-18",5371,0.004355028,0.00794328234724281,435502,794328,112118.622,12570585478.889,0.558,4.183,0,205,349,350,350,350,391,10.49,2020-08-18
"2020-08-19",5371,0.004073686,0.00963829023623971,407368,963829,79275.095,6284540636.095,-0.12,12.748,0,207,380,380,381,382,391,2.3,2020-08-19
"2020-08-20",5371,0.00409233,0.00619441075076781,409232,619441,100226.625,10045376429.812,-0.588,3.164,0,209,370,372,372,372,391,4.86,2020-08-20
"2020-08-21",5371,0.003453273,0.00539510622515127,345327,539510,50440.232,2544217030.835,-1.37,11.614,0,21,378,380,380,380,391,2.81,2020-08-21
"2020-08-23",5371,0.003249331,0.0101859138805412,324933,1018591,56482.563,3190279923.791,4.168,65.413,0,10,379,380,381,381,391,2.56,2020-08-23
"2020-08-30",5371,0.002804356,0.00524807460249772,280435,524807,39323.27,1546319578.089,0.802,16.99,0,6,381,382,383,383,391,2.05,2020-08-30
"2020-09-02",5371,0.002495862,0.00711213513653329,249586,711213,66196.071,4381919879.144,2.849,15.179,0,14,380,381,381,381,391,2.56,2020-09-02
"2020-09-04",5371,0.002171254,0.00602559586074357,217125,602559,62702.908,3931654725.015,2.254,9.934,0,10,379,381,381,381,391,2.56,2020-09-04
"2020-09-05",5371,0.002649151,0.00539510622515127,264915,539510,59499.666,3540210285.941,1.781,6.868,0,20,384,385,385,385,391,1.53,2020-09-05
"2020-09-15",5371,0.004088373,0.00619441075076781,408837,619441,151047.707,22815409777.409,-1.038,3.125,0,106,146,155,157,157,391,59.85,2020-09-15
"2020-09-19",5371,0.00228256,0.00496592321450336,228255,496592,66816.547,4464450917.443,0.168,6.156,0,6,353,367,370,370,391,5.37,2020-09-19
"2020-09-20",5371,0.003333577,0.00751622894018205,333357,751622,181605.258,32980469850.442,0.161,2.245,0,30,78,91,91,91,391,76.73,2020-09-20
"2020-09-22",5371,0.003930519,0.00602559586074357,393051,602559,54633.454,2984814299.679,-1.009,8.386,0,166,366,367,367,367,391,6.14,2020-09-22
"2020-09-23",5371,0.004968375,0.00711213513653329,496837,711213,75282.099,5667394377.263,-2.156,13.474,0,371,384,386,386,386,391,1.28,2020-09-23
"2020-09-25",5371,0.002403939,0.00570164272280747,240393,570164,100497.276,10099702384.103,0.005,3.036,0,16,321,342,349,352,391,9.97,2020-09-25
"2020-10-02",5371,0.003378405,0.0127057410520854,337840,1270574,163309.819,26670096976.045,1.762,8.862,0,80,282,289,289,290,391,25.83,2020-10-02
"2020-10-04",5371,0.0016887,0.00524807460249772,168869,524807,67073.881,4498905482.685,0.707,7.006,0,3,308,352,356,360,391,7.93,2020-10-04
"2020-10-05",5371,0.001084193,0.00483058802039773,108419,483058,77455.916,5999418985.377,1.852,8.551,0,3,145,265,286,297,391,24.04,2020-10-05
"2020-10-06",5371,0.00161175,0.00496592321450336,161174,496592,70906.168,5027684644.124,0.631,5.237,0,3,295,357,367,369,391,5.63,2020-10-06
"2020-10-07",5371,0.001063754,0.00963829023623971,106375,963829,94121.379,8858833930.634,4.611,39.185,0,3,86,164,176,187,391,52.17,2020-10-07
"2020-10-08",5371,0.000846352,0.00409260659730011,84635,409260,65335.216,4268690428.758,1.661,7.722,0,1,69,168,190,206,391,47.31,2020-10-08
"2020-10-09",5371,0.002658602,0.00751622894018205,265860,751622,182095.513,33158775937.611,0.355,1.893,0,47,121,149,154,158,391,59.59,2020-10-09
"2020-10-10",5371,0.000900814,0.00293764965196153,90081,293764,69852.192,4879328725.007,0.82,2.771,0,0,43,94,114,123,391,68.54,2020-10-10
"2020-10-16",5371,0.000533056,0.00248885731828239,53305,248885,45380.345,2059375693.399,1.755,6.7,0,0,14,63,88,98,391,74.94,2020-10-16
"2020-10-27",5371,0.000322935,0.00111686324778056,32293,111686,22159.356,491037078.466,1.024,3.609,0,0,1,51,75,98,391,74.94,2020-10-27
"2020-10-30",5371,0.000401076,0.00263026799189538,40107,263026,43849.2,1922752352.314,2.842,12.26,0,0,9,53,82,103,391,73.66,2020-10-30
"2020-11-01",5371,0.000776568,0.00328095293113119,77656,328095,77264.26,5969765829.703,1.562,4.756,0,0,36,99,125,137,391,64.96,2020-11-01
"2020-11-02",5371,0.000974896,0.00242102904673618,97489,242102,51067.951,2607935615.895,0.486,3.647,0,0,65,124,130,137,391,64.96,2020-11-02
"2020-11-03",5371,0.000424467,0.00173780082874937,42446,173780,27872.626,776883306.863,1.619,7.686,0,0,4,103,146,157,391,59.85,2020-11-03
"2020-11-04",5371,0.000224156,0.000946237161365793,22415,94623,15883.018,252270245.837,2.204,9.179,0,0,0,54,119,172,391,56.01,2020-11-04
"2020-11-05",5371,0.000913203,0.00199526231496888,91320,199526,40785.72,1663474969.426,-0.145,2.459,0,0,102,227,241,247,391,36.83,2020-11-05
"2020-11-06",5371,0.001554613,0.00444631267469108,155461,444631,85224.71,7263251253.919,0.863,3.427,0,1,183,250,256,256,391,34.53,2020-11-06
"2020-11-11",5371,0.00060472,0.00263026799189538,60471,263026,64698.777,4185931740.363,2.032,6.093,0,0,16,86,107,124,391,68.29,2020-11-11
"2020-11-12",5371,0.000330245,0.00102801629812647,33024,102801,21716.769,471618053.619,1.232,4.28,0,0,4,112,166,200,391,48.85,2020-11-12
"2020-11-13",5371,0.000360782,0.00235504928389601,36078,235504,34481.008,1188939936.73,2.986,13.781,0,0,17,163,235,284,391,27.37,2020-11-13
"2020-11-17",5371,0.000266466,0.00356451133426244,26646,356451,40777.991,1662844589.369,6.065,45.586,0,0,4,65,117,193,391,50.64,2020-11-17
"2020-11-20",5371,0.000272109,0.001,27210,100000,17869.571,319321559.837,1.355,5.131,0,0,0,51,83,110,391,71.87,2020-11-20
"2020-11-21",5371,0.000487434,0.00169044093164326,48743,169044,31990.2,1023372892.335,0.947,3.522,0,0,25,232,293,325,391,16.88,2020-11-21
"2020-11-23",5371,0.00036946,0.00328095293113119,36946,328095,30359.632,921707252.742,4.278,38.496,0,0,4,135,192,233,391,40.41,2020-11-23
"2020-11-28",5371,0.000246243,0.000801678063387679,24624,80167,16872.766,284690244.549,1.197,4.075,0,0,0,42,68,100,391,74.42,2020-11-28
"2020-11-29",5371,0.000831596,0.00194088587759278,83159,194088,43017.849,1850535335.797,0.123,2.37,0,0,55,147,157,164,391,58.06,2020-11-29
"2020-12-01",5371,0.000256879,0.00108642562361706,25687,108642,17114.667,292911835.939,1.471,5.952,0,0,1,103,182,249,391,36.32,2020-12-01
"2020-12-02",5371,0.000371839,0.00169044093164326,37183,169044,25105.365,630279348.527,1.542,7.051,0,0,10,194,265,315,391,19.44,2020-12-02
"2020-12-05",5371,0.00060206,0.00159955802861467,60206,159955,35427.111,1255080198.585,0.491,2.502,0,0,21,129,149,160,391,59.08,2020-12-05
"2020-12-09",5371,0.000209976,0.00118032063565173,20997,118032,16287.157,265271490.392,2.308,10.592,0,0,1,48,114,192,391,50.9,2020-12-09
"2020-12-10",5371,0.000545279,0.00293764965196153,54527,293764,42094.793,1771971558.37,1.714,7.779,0,0,41,216,273,299,391,23.53,2020-12-10
"2020-12-25",5371,0.000323552,0.00229086765276777,32355,229086,35254.101,1242851636.391,3.161,14.877,0,0,7,78,150,200,391,48.85,2020-12-25
"2021-03-18",5371,0.000933177,0.00483058802039773,93317,483058,79410.674,6306055113.79,2.924,13.74,0,2,26,75,77,80,391,79.54,2021-03-18
"2021-03-20",5371,0.000374103,0.00263026799189538,37410,263026,46159.291,2130680149.066,2.755,11.204,0,0,11,48,91,127,391,67.52,2021-03-20
"2021-06-02",5371,0.001215787,0.00731139083483417,121578,731139,118514.414,14045666252.062,2.875,12.772,0,5,46,95,99,104,391,73.4,2021-06-02
"2021-06-09",5371,0.001359345,0.00619441075076781,135934,619441,89437.626,7999089004.556,2.167,12.07,0,1,56,77,81,83,391,78.77,2021-06-09
"2021-06-10",5371,0.001298954,0.00242102904673618,129895,242102,48456.483,2348030719.96,-0.356,3.083,0,0,84,106,110,111,391,71.61,2021-06-10
"2021-06-13",5371,0.00130853,0.00248885731828239,130853,248885,47571.108,2263010271.956,-0.871,3.399,0,0,176,210,216,221,391,43.48,2021-06-13
"2021-06-14",5371,0.0008517,0.00205116217882556,85170,205116,41798.642,1747126494.344,0.034,2.259,0,0,103,255,267,277,391,29.16,2021-06-14
"2021-06-15",5371,0.002084295,0.00356451133426244,208429,356451,55169.902,3043718041.084,-0.205,3.967,0,0,295,305,305,306,391,21.74,2021-06-15
"2021-06-16",5371,0.002206068,0.00619441075076781,220606,619441,91804.893,8428138463.838,0,4.072,0,9,319,354,359,366,391,6.39,2021-06-16
"2021-06-18",5371,0.002707433,0.00524807460249772,270743,524807,87914.047,7728879572.575,-0.151,3.539,0,21,325,337,337,338,391,13.55,2021-06-18
"2021-06-19",5371,0.003421066,0.00602559586074357,342106,602559,112060.33,12557517473.731,-0.171,3.066,0,102,330,337,340,340,391,13.04,2021-06-19
"2021-06-21",5371,0.003232367,0.00816582371358592,323236,816582,136483.391,18627716048.596,0.865,3.522,0,59,206,208,208,209,391,46.55,2021-06-21
"2021-06-22",5371,0.002465891,0.00510504999975406,246589,510504,74818.446,5597799802.06,0.082,3.656,0,4,248,252,252,253,391,35.29,2021-06-22
"2021-06-30",5371,0.008661638,0.0267916832481903,866163,2679168,576699.161,332581921882.497,1.29,3.613,55,326,369,372,372,372,391,4.86,2021-06-30
"2021-07-01",5371,0.003301632,0.0086297854776697,330163,862978,145109.524,21056773820.214,0.777,3.31,0,99,370,376,377,378,391,3.32,2021-07-01
"2021-07-02",5371,0.006049009,0.0091201083935591,604900,912010,125820.313,15830751092.846,0.008,2.836,0,213,217,217,217,217,391,44.5,2021-07-02
"2021-07-05",5371,0.002435607,0.00346736850452532,243560,346736,32630.976,1064780573.61,-1.476,12.972,0,0,246,248,248,248,391,36.57,2021-07-05
"2021-07-06",5371,0.003110855,0.00444631267469108,311085,444631,57679.712,3326949151.242,-1.409,7.671,0,11,320,325,325,325,391,16.88,2021-07-06
"2021-07-09",5371,0.00522762,0.00794328234724281,522762,794328,81528.617,6646915325.428,0.357,3.873,0,280,289,289,289,289,391,26.09,2021-07-09
"2021-07-17",5371,0.005032211,0.00794328234724281,503221,794328,96900.469,9389700933.328,-0.017,12.402,0,97,98,98,98,99,391,74.68,2021-07-17
"2021-07-18",5371,0.004886064,0.010471285480509,488606,1047128,89246.137,7964873025.499,3.431,18.378,0,247,252,252,252,252,391,35.55,2021-07-18
"2021-07-22",5371,0.002715543,0.00602559586074357,271554,602559,50888.596,2589649238.775,1.29,20.24,0,2,134,134,135,135,391,65.47,2021-07-22
"2021-07-25",5371,0.003186147,0.00483058802039773,318614,483058,64026.058,4099336165.941,-0.92,6.859,0,29,365,368,368,369,391,5.63,2021-07-25
"2021-08-01",5371,0.00258511,0.00444631267469108,258510,444631,62160.273,3863899503.502,0.286,3.459,0,1,142,144,144,144,391,63.17,2021-08-01
"2021-08-02",5371,0.002769401,0.0093756200692588,276940,937562,75236.209,5660487074.743,2.111,24.111,0,7,368,375,377,377,391,3.58,2021-08-02
"2021-08-12",5371,0.003439555,0.0093756200692588,343955,937562,93998.442,8835707191.889,2.665,13.605,0,43,295,296,296,296,391,24.3,2021-08-12
"2021-08-13",5371,0.00379311,0.00839459986519397,379310,839459,84092.664,7071576131.516,0.54,5.192,0,159,384,384,384,384,391,1.79,2021-08-13
"2021-08-14",5371,0.004066345,0.00963829023623971,406634,963829,112028.101,12550295431.501,0.752,4.677,0,184,383,383,383,384,391,1.79,2021-08-14
"2021-08-15",5371,0.003831176,0.00711213513653329,383117,711213,110003.243,12100713550.415,0.466,2.567,0,139,376,377,377,377,391,3.58,2021-08-15
"2021-08-16",5371,0.004207452,0.00794328234724281,420745,794328,137678.366,18955332508.423,0.004,2.842,0,185,346,349,350,351,391,10.23,2021-08-16
"2021-08-17",5371,0.004523086,0.0086297854776697,452308,862978,136081.781,18518251079.241,0.354,2.772,0,238,387,387,387,387,391,1.02,2021-08-17
"2021-08-18",5371,0.004358654,0.00990831944892768,435865,990831,138426.62,19161929137.416,0.733,4.155,0,207,370,371,371,371,391,5.12,2021-08-18
"2021-08-19",5371,0.004700357,0.0134276496113786,470035,1342764,146841.112,21562312202.106,1.443,7.44,0,190,309,309,309,309,391,20.97,2021-08-19
"2021-08-20",5371,0.003981821,0.00963829023623971,398182,963829,128265.138,16451945584.23,0.995,4.098,0,143,335,335,335,335,391,14.32,2021-08-20
"2021-08-22",5371,0.003541623,0.00816582371358592,354162,816582,84810.361,7192797339.337,1.698,9.515,0,94,388,390,390,390,391,0.26,2021-08-22
"2021-08-28",5371,0.002213278,0.0113762728582343,221327,1137627,125724.976,15806769616.921,4.543,27.004,0,14,310,312,312,312,391,20.2,2021-08-28
"2021-08-29",5371,0.002291323,0.0107646521362983,229132,1076465,128614.606,16541716786.513,3.45,16.967,0,20,246,247,247,247,391,36.83,2021-08-29
"2021-08-30",5371,0.002684719,0.0134276496113786,268471,1342764,136678.095,18680901679.342,5.013,32.202,0,22,391,391,391,391,391,0,2021-08-30
"2021-09-01",5371,0.002244711,0.0123594743344451,224471,1235947,142868.881,20411517273.341,4.254,24.578,0,20,334,339,340,340,391,13.04,2021-09-01
"2021-09-05",5371,0.002214882,0.00672976656284317,221488,672976,86056.269,7405681353.246,3.437,16.34,0,16,390,391,391,391,391,0,2021-09-05
"2021-09-06",5371,0.002749601,0.0127057410520854,274960,1270574,118255.261,13984306758.803,5.075,33.341,0,20,391,391,391,391,391,0,2021-09-06
"2021-09-08",5371,0.001794112,0.00751622894018205,179411,751622,82551.156,6814693328.972,3.227,18.634,0,7,347,369,370,370,391,5.37,2021-09-08
"2021-09-09",5371,0.00245224,0.0091201083935591,245223,912010,70071.936,4910076185.852,4.036,34.995,0,8,320,320,321,321,391,17.9,2021-09-09
"2021-09-10",5371,0.003222186,0.00794328234724281,322218,794328,65756.643,4323936144.255,2.495,17.9,0,20,389,390,390,390,391,0.26,2021-09-10
"2021-09-15",5371,0.002369842,0.00816582371358592,236984,816582,82418.099,6792742998.838,3.283,17.186,0,22,389,389,389,389,391,0.51,2021-09-15
"2021-09-16",5371,0.00162363,0.00510504999975406,162362,510504,58954.883,3475678286.937,2.096,11.021,0,4,364,384,385,386,391,1.28,2021-09-16
"2021-09-17",5371,0.001785885,0.00794328234724281,178588,794328,98993.105,9799634916.313,4.631,28.382,0,4,162,166,167,168,391,57.03,2021-09-17
"2021-09-18",5371,0.002416027,0.00691830970918936,241602,691830,65365.54,4272653768.659,2.232,11.95,0,12,385,388,388,388,391,0.77,2021-09-18
"2021-09-23",5371,0.001909421,0.00772680585095702,190942,772680,89741.386,8053516443.533,2.915,14.917,0,15,375,379,379,380,391,2.81,2021-09-23
"2021-09-24",5371,0.001363914,0.00337287308658869,136391,337287,36609.969,1340289805.176,1.47,8.808,0,0,338,381,382,383,391,2.05,2021-09-24
"2021-09-25",5371,0.002751296,0.00398107170553497,275129,398107,54713.515,2993568745.557,-1.227,6.62,0,0,167,169,169,169,391,56.78,2021-09-25
"2021-09-26",5371,0.001456984,0.00337287308658869,145698,337287,41510.41,1723114124.5,1.218,6.763,0,0,343,370,371,371,391,5.12,2021-09-26
"2021-09-27",5371,0.0019508,0.00301995172040201,195080,301995,34801.106,1211116968.473,0.64,3.777,0,0,314,314,314,314,391,19.69,2021-09-27
"2021-09-28",5371,0.001318509,0.00483058802039773,131850,483058,52536.459,2760079523.787,2.982,19.851,0,4,314,373,376,377,391,3.58,2021-09-28
"2021-09-29",5371,0.002013312,0.00554625712957911,201331,554625,53198.312,2830060364.189,1.174,9.998,0,1,378,383,386,386,391,1.28,2021-09-29
"2021-09-30",5371,0.001594681,0.00310455958812836,159468,310455,46491.615,2161470286.064,-0.54,3.717,0,0,334,374,377,377,391,3.58,2021-09-30
"2021-10-06",5371,0.001062539,0.00277971326775929,106253,277971,38945.142,1516724058.491,1.013,5.948,0,0,109,198,201,202,391,48.34,2021-10-06
"2021-10-09",5371,0.001548176,0.00328095293113119,154817,328095,47131.887,2221414789.028,0.648,3.717,0,0,344,384,384,384,391,1.79,2021-10-09
"2021-10-16",5371,0.001068329,0.00554625712957911,106832,554625,73485.05,5400052559.298,2.38,10.264,0,3,135,367,377,381,391,2.56,2021-10-16
"2021-10-17",5371,0.000952453,0.00337287308658869,95245,337287,45548.963,2074707991.86,2.055,9.421,0,0,114,377,382,383,391,2.05,2021-10-17
"2021-10-18",5371,0.001054198,0.00469894108605215,105419,469894,65489.93,4288930908.357,2.347,10.395,0,2,146,360,369,371,391,5.12,2021-10-18
"2021-10-19",5371,0.000966952,0.00346736850452532,96695,346736,54796.355,3002640566.213,1.669,6.611,0,0,94,295,301,306,391,21.74,2021-10-19
"2021-10-22",5371,0.001355397,0.00483058802039773,135539,483058,91720.351,8412622820.133,0.878,3.465,0,3,183,289,307,315,391,19.44,2021-10-22
"2021-10-23",5371,0.000653396,0.00366437574647833,65339,366437,54312.478,2949845270.515,2.426,10.917,0,0,50,278,311,334,391,14.58,2021-10-23
"2021-10-26",5371,0.001214587,0.00539510622515127,121458,539510,88915.086,7905892589.793,1.332,4.918,0,4,176,332,348,360,391,7.93,2021-10-26
"2021-10-31",5371,0.000605943,0.00346736850452532,60594,346736,78175.706,6111441072.415,2.564,9.286,0,0,14,50,71,84,391,78.52,2021-10-31
"2021-11-01",5371,0.001325329,0.00376703798983909,132532,376703,100203.444,10040730229.291,0.551,2.123,0,0,154,254,281,298,391,23.79,2021-11-01
"2021-11-02",5371,0.000496146,0.00337287308658869,49614,337287,50450.05,2545207532.057,3.063,15.342,0,0,30,181,249,284,391,27.37,2021-11-02
"2021-11-03",5371,0.002048639,0.00376703798983909,204863,376703,100839.589,10168622706.775,-0.105,2.042,0,0,97,112,115,116,391,70.33,2021-11-03
"2021-11-04",5371,0.001151932,0.00469894108605215,115193,469894,98603.632,9722676317.802,1.924,6.974,0,4,58,109,118,123,391,68.54,2021-11-04
"2021-11-05",5371,0.00052362,0.00164437172321493,52361,164437,36167.837,1308112419.744,0.75,2.668,0,0,34,204,246,280,391,28.39,2021-11-05
"2021-11-21",5371,0.000217298,0.00111686324778056,21729,111686,18666.168,348425842.782,2.432,9.904,0,0,1,25,59,92,391,76.47,2021-11-21
"2021-11-28",5371,0.000243209,0.00151356124843621,24320,151356,21441.333,459730745.921,2.734,13.102,0,0,3,59,104,162,391,58.57,2021-11-28
"2021-11-30",5371,0.000269853,0.00183653834334835,26985,183653,27357.233,748418193.268,2.762,12.199,0,0,5,47,98,140,391,64.19,2021-11-30
"2021-12-26",5371,0.001810874,0.00990831944892768,181087,990831,217623.85,47360140286.339,1.684,5.247,0,30,95,154,182,206,391,47.31,2021-12-26
"2022-01-10",5371,0.000859429,0.00277971326775929,85942,277971,53305.723,2841500090.207,0.75,3.788,0,0,64,155,168,176,391,54.99,2022-01-10
"2022-01-19",5371,0.001084411,0.00199526231496888,108441,199526,53181.523,2828274394.471,-0.156,2.006,0,0,66,101,105,108,391,72.38,2022-01-19
"2022-01-20",5371,0.00101078,0.00178648757485205,101078,178648,39331.952,1547002440.154,-0.013,2.61,0,0,82,161,163,164,391,58.06,2022-01-20
"2022-01-21",5371,0.00112086,0.0022284351492703,112086,222843,48800.655,2381503945.638,-0.038,2.092,0,0,54,92,93,93,391,76.21,2022-01-21
"2022-02-12",5371,0.000888843,0.00248885731828239,88884,248885,57269.45,3279789889.852,0.817,3.22,0,0,40,89,101,103,391,73.66,2022-02-12
"2022-06-07",5371,0.001338328,0.00554625712957911,133832,554625,109806.852,12057544745.243,1.564,5.664,0,7,81,134,147,154,391,60.61,2022-06-07
"2022-06-14",5371,0.001808414,0.00794328234724281,180841,794328,136874.572,18734648479.757,1.273,5.643,0,11,154,212,224,233,391,40.41,2022-06-14
"2022-06-16",5371,0.000888396,0.00205116217882556,88839,205116,55349.205,3063534490.019,0.218,1.924,0,0,42,87,100,106,391,72.89,2022-06-16
"2022-06-17",5371,0.001085304,0.00216770410481969,108530,216770,35817.941,1282924898.349,0.012,3.164,0,0,139,244,246,249,391,36.32,2022-06-17
"2022-06-18",5371,0.001560349,0.00420726628384444,156034,420726,74627.961,5569332508.816,0.191,3.219,0,1,223,289,294,300,391,23.27,2022-06-18
"2022-06-19",5371,0.002701597,0.00337287308658869,270159,337287,68283.638,4662655211.656,-1.644,5.416,0,0,107,110,111,111,391,71.61,2022-06-19
"2022-06-20",5371,0.001569238,0.00277971326775929,156923,277971,62806.493,3944655525.156,-0.663,2.744,0,0,179,218,223,228,391,41.69,2022-06-20
"2022-06-22",5371,0.000873905,0.00242102904673618,87390,242102,54062.715,2922777100.704,0.423,2.559,0,0,58,124,139,149,391,61.89,2022-06-22
"2022-06-23",5371,0.00061876,0.00178648757485205,61875,178648,39748.963,1579980090.556,0.582,2.615,0,0,22,94,110,121,391,69.05,2022-06-23
"2022-06-26",5371,0.001784217,0.00524807460249772,178421,524807,74381.132,5532552814.083,0.285,4.116,0,2,268,308,310,316,391,19.18,2022-06-26
"2022-06-27",5371,0.001895755,0.00469894108605215,189575,469894,78048.135,6091511422.847,-0.29,3.458,0,3,273,316,323,328,391,16.11,2022-06-27
"2022-06-29",5371,0.001713801,0.00310455958812836,171380,310455,62352.18,3887794293.767,-1.102,3.591,0,0,284,325,335,341,391,12.79,2022-06-29
"2022-06-30",5371,0.001966138,0.00319153785510076,196613,319153,75542.409,5706655506.236,-0.458,2.131,0,0,204,225,227,229,391,41.43,2022-06-30
"2022-07-03",5371,0.002063073,0.00346736850452532,206307,346736,43034.908,1852003302.02,-1.899,8.812,0,0,355,365,368,369,391,5.63,2022-07-03
"2022-07-09",5371,0.001250261,0.00255858588690565,125026,255858,43256.802,1871150917.696,0.252,5.52,0,0,107,118,121,124,391,68.29,2022-07-09
"2022-07-10",5371,0.001099339,0.00346736850452532,109933,346736,64986.016,4223182295.087,1.108,4.039,0,0,92,222,224,229,391,41.43,2022-07-10
"2022-07-14",5371,0.00161218,0.00270395836410884,161217,270395,29644.338,878786752.811,-0.515,5.77,0,0,261,268,269,269,391,31.2,2022-07-14
"2022-07-18",5371,0.001089702,0.00328095293113119,108970,328095,50465.404,2546757029.489,1.173,5.475,0,0,172,332,338,343,391,12.28,2022-07-18
"2022-07-25",5371,0.001898467,0.00444631267469108,189846,444631,68883.86,4744986159.27,1.997,7.145,0,3,107,109,109,109,391,72.12,2022-07-25
"2022-07-28",5371,0.001207905,0.00310455958812836,120790,310455,34863.024,1215430407.629,1.526,9.036,0,0,121,162,162,163,391,58.31,2022-07-28
"2022-07-30",5371,0.001577934,0.00772680585095702,157793,772680,73297.844,5372574004.832,5.191,39.309,0,3,271,276,277,278,391,28.9,2022-07-30
"2022-07-31",5371,0.001211591,0.00432513831035009,121159,432513,51129.235,2614198641.538,3.636,20.505,0,3,183,280,280,280,391,28.39,2022-07-31
"2022-08-01",5371,0.000962429,0.00205116217882556,96242,205116,32480.655,1054992942.703,-0.039,3.895,0,0,36,92,94,95,391,75.7,2022-08-01
"2022-08-04",5371,0.000931256,0.00691830970918936,93125,691830,63150.013,3987924123.447,4.689,34.299,0,3,79,364,370,372,391,4.86,2022-08-04
"2022-08-05",5371,0.000990878,0.010471285480509,99087,1047128,90980.092,8277377070.157,6.478,57.336,0,5,85,251,259,265,391,32.23,2022-08-05
"2022-08-09",5371,0.001346447,0.00990831944892768,134644,990831,100928.318,10186525333.171,4.862,32.416,0,10,229,364,365,365,391,6.65,2022-08-09
"2022-08-10",5371,0.002031616,0.0101859138805412,203161,1018591,176642.771,31202668649.449,2.717,10.737,0,9,86,92,92,93,391,76.21,2022-08-10
"2022-08-11",5371,0.001293714,0.010471285480509,129371,1047128,128645.519,16549669448.121,4.327,25.18,0,7,126,215,222,228,391,41.69,2022-08-11
"2022-08-16",5371,0.00171923,0.00990831944892768,171922,990831,140086.261,19624160395.824,4.101,21.38,0,10,168,177,177,178,391,54.48,2022-08-16
"2022-08-22",5371,0.00155912,0.00691830970918936,155911,691830,53618.219,2874913427.456,7.452,70.666,0,3,339,343,343,343,391,12.28,2022-08-22
"2022-08-26",5371,0.000997305,0.00570164272280747,99730,570164,44088.497,1943795551.472,4.428,45.175,0,2,158,343,350,354,391,9.46,2022-08-26
"2022-08-30",5371,0.000827073,0.00432513831035009,82707,432513,39903.968,1592326691.02,3.905,28.469,0,1,62,359,363,364,391,6.91,2022-08-30
"2022-08-31",5371,0.000713429,0.00173780082874937,71342,173780,24202.22,585747473.947,0.932,5.789,0,0,25,359,363,366,391,6.39,2022-08-31
"2022-09-06",5371,0.001207331,0.0022284351492703,120733,222843,33990.396,1155346989.087,-0.067,5.196,0,0,109,142,143,145,391,62.92,2022-09-06
"2022-09-19",5371,0.001430174,0.00328095293113119,143017,328095,50994.321,2600420744.565,-0.006,3.727,0,0,279,349,352,355,391,9.21,2022-09-19
"2022-09-22",5371,0.000858664,0.00420726628384444,85866,420726,69069.966,4770660198.644,2.567,11.141,0,2,50,191,205,211,391,46.04,2022-09-22
"2022-09-27",5371,0.00089407,0.00366437574647833,89407,366437,46844.568,2194413567.804,2.272,12.393,0,0,110,358,367,372,391,4.86,2022-09-27
"2022-09-28",5371,0.001151721,0.00469894108605215,115172,469894,59979.466,3597536310.099,2.54,12.914,0,3,210,363,370,375,391,4.09,2022-09-28
"2022-09-29",5371,0.002650556,0.00619441075076781,265055,619441,104506.193,10921544339.606,0.225,3.637,0,7,138,142,143,144,391,63.17,2022-09-29
"2022-09-30",5371,0.001641708,0.00510504999975406,164170,510504,70519.253,4972965014.991,1.906,8.004,0,4,355,375,378,379,391,3.07,2022-09-30
"2022-10-01",5371,0.002005133,0.00636795520907916,200513,636795,81139.021,6583540666.874,1.546,6.971,0,11,372,388,388,388,391,0.77,2022-10-01
"2022-10-03",5371,0.001584797,0.00387257644921617,158479,387257,67435.802,4547587339.026,0.818,3.639,0,0,319,375,376,378,391,3.32,2022-10-03
"2022-10-04",5371,0.003145012,0.0101859138805412,314501,1018591,129754.112,16836129600.278,1.679,8.915,0,52,320,328,330,330,391,15.6,2022-10-04
"2022-10-05",5371,0.003464097,0.00711213513653329,346409,711213,122654.241,15044062866.556,0.683,3.644,0,22,79,79,79,79,391,79.8,2022-10-05
"2022-10-07",5371,0.001069141,0.00376703798983909,106914,376703,68646.283,4712312217.784,1.081,4.491,0,0,96,194,204,209,391,46.55,2022-10-07
"2022-10-08",5371,0.001065459,0.00420726628384444,106545,420726,57675.299,3326440161.352,2.171,10.498,0,1,168,365,372,375,391,4.09,2022-10-08
"2022-10-09",5371,0.00120488,0.00319153785510076,120487,319153,71516.79,5114651189.801,0.936,3.21,0,0,70,135,139,141,391,63.94,2022-10-09
"2022-10-10",5371,0.001504769,0.00963829023623971,150476,963829,112783.518,12720121852.17,3.005,16.551,0,15,254,330,335,341,391,12.79,2022-10-10
"2022-10-11",5371,0.000837794,0.00387257644921617,83779,387257,44637.532,1992509259.58,2.744,18.026,0,0,37,150,155,159,391,59.34,2022-10-11
"2022-10-15",5371,0.000364274,0.00255858588690565,36427,255858,28659.114,821344835.411,3.357,20.879,0,0,9,180,260,296,391,24.3,2022-10-15
"2022-10-18",5371,0.00060353,0.00510504999975406,60353,510504,62058.425,3851248154.427,2.815,14.938,0,1,40,191,233,273,391,30.18,2022-10-18
"2022-10-20",5371,0.000407695,0.00409260659730011,40769,409260,46170.348,2131701054.721,4.342,30.381,0,1,9,82,118,152,391,61.13,2022-10-20
"2022-11-23",5371,0.000409772,0.00164437172321493,40977,164437,31003.892,961241300.928,1.39,5.286,0,0,5,56,77,94,391,75.96,2022-11-23
"2022-12-01",5371,0.000669705,0.00263026799189538,66970,263026,58088.742,3374301931.894,1.107,3.784,0,0,24,61,77,91,391,76.73,2022-12-01
"2022-12-03",5371,0.00090512,0.00432513831035009,90512,432513,79241.963,6279288694.204,1.915,7.503,0,2,42,100,111,119,391,69.57,2022-12-03
"2022-12-04",5371,0.000367729,0.00173780082874937,36772,173780,33831.191,1144549495.179,2.218,8.551,0,0,5,42,70,89,391,77.24,2022-12-04
"2022-12-24",5371,0.00093808,0.00229086765276777,93808,229086,60491.918,3659272144.021,0.4,2.219,0,0,35,68,78,82,391,79.03,2022-12-24
"2023-03-08",5371,0.000603755,0.00483058802039773,60375,483058,70157.539,4922080339.068,3.332,16.969,0,1,10,71,89,108,391,72.38,2023-03-08
"2023-05-16",5371,0.00302935,0.00469894108605215,302935,469894,88290.315,7795179682.471,-1.189,5.245,0,7,75,78,79,79,391,79.8,2023-05-16
"2023-05-20",5371,0.001842018,0.00356451133426244,184201,356451,78914.105,6227435989.139,-0.325,2.699,0,0,79,91,95,96,391,75.45,2023-05-20
"2023-05-21",5371,0.002544804,0.00691830970918936,254480,691830,115320.54,13298826866.46,0.277,3.888,0,30,282,300,311,314,391,19.69,2023-05-21
"2023-05-22",5371,0.006610387,0.0158489319246111,661038,1584893,251294.52,63148936008.366,0.217,3.071,0,284,330,333,333,333,391,14.83,2023-05-22
"2023-05-23",5371,0.006862505,0.0162929603263972,686250,1629296,267701.79,71664248119.213,0.794,3.541,1,230,257,257,257,257,391,34.27,2023-05-23
"2023-05-25",5371,0.003306695,0.0110662378397767,330669,1106623,220956.615,48821825667.495,1.427,5.433,0,36,162,176,179,182,391,53.45,2023-05-25
"2023-05-26",5371,0.003631524,0.0107646521362983,363152,1076465,205833.542,42367446872.784,0.451,2.715,0,132,307,326,332,334,391,14.58,2023-05-26
"2023-05-27",5371,0.003233837,0.0149968483550237,323383,1499684,192623.999,37104004986.403,1.567,8.981,0,80,273,306,308,313,391,19.95,2023-05-27
"2023-05-28",5371,0.007318156,0.0093756200692588,731815,937562,107913.036,11645223268.495,-0.339,2.29,0,152,152,152,152,152,391,61.13,2023-05-28
"2023-05-29",5371,0.004171596,0.0145881426027535,417159,1458814,228608.369,52261786247.946,1.156,4.863,0,128,272,276,278,278,391,28.9,2023-05-29
"2023-05-30",5371,0.00331552,0.00963829023623971,331551,963829,197874.045,39154137703.884,0.444,2.95,0,104,242,268,275,277,391,29.16,2023-05-30
"2023-06-02",5371,0.002678192,0.00636795520907916,267819,636795,54708.053,2992971014.532,2.862,19.925,0,2,115,115,115,115,391,70.59,2023-06-02
