"","year","sampledate","doy","scaled_chlor_rfu","scaled_phyco_rfu","avg_fdom","avg_turbidity"
"1","2019",2019-04-16,106,2.02348378232756,-0.0647173520814172,11.1,2.31
"2","2019",2019-04-17,107,3.1208774459988,-0.0015477537895204,11.42,2.48
"3","2019",2019-04-18,108,3.30704244251446,-0.00429425806308114,11.43,2.56
"4","2019",2019-04-19,109,2.68975850669939,-0.0345058050722491,11.35,2.57
"5","2019",2019-04-20,110,1.43559431964654,-0.130633454646875,10.82,1.95
"6","2019",2019-04-21,111,1.14164958830603,-0.152605488835361,10.9,1.83
"7","2019",2019-04-22,112,1.79322707611083,-0.103168411911267,11.23,2.04
"8","2019",2019-04-23,113,1.33761274253304,-0.144365976014678,10.97,1.85
"9","2019",2019-04-24,114,0.725227885573638,-0.202042565759454,10.7,1.64
"10","2019",2019-04-25,115,0.970181828357397,-0.18831004439165,10.68,1.47
"11","2019",2019-04-26,116,0.940787355223346,-0.185563540118089,10.92,1.55
"12","2019",2019-04-27,117,0.877099330099568,-0.199296061485893,10.9,1.45
"13","2019",2019-04-28,118,0.504769337068254,-0.229507608495061,10.74,1.32
"14","2019",2019-04-29,119,0.563558283336356,-0.221268095674379,10.89,1.25
"15","2019",2019-04-30,120,0.558659204480681,-0.2267611042215,11.01,1.21
"16","2019",2019-05-01,121,0.3969896022434,-0.240493625589304,10.99,1.2
"17","2019",2019-05-02,122,0.284310788562871,-0.248733138409986,10.8,1.07
"18","2019",2019-05-03,123,0.26471447314017,-0.240493625589304,10.4,1.04
"19","2019",2019-05-04,124,-0.00473486392196541,-0.287184198239836,10.2,0.94
"20","2019",2019-05-05,125,0.210824605727743,-0.259719155504229,10.2,1.16
"21","2019",2019-05-06,126,0.514567494779605,-0.224014599947939,10.31,1.28
"22","2019",2019-05-07,127,0.0932467131915384,-0.276198181145593,10.48,1.12
"23","2019",2019-05-08,128,-0.0145330216333158,-0.295423711060518,10.93,1.02
"24","2019",2019-05-09,129,0.0442559246347865,-0.284437693966275,10.79,1.07
"25","2019",2019-05-10,130,0.00506329378938497,-0.287184198239836,10.56,1.11
"26","2019",2019-05-11,131,0.0246596092120857,-0.284437693966275,10.47,1.12
"27","2019",2019-05-12,132,-0.0586247313343924,-0.295423711060518,10.5,1.06
"28","2019",2019-05-13,133,-0.137009993025195,-0.306409728154761,10.24,0.99
"29","2019",2019-05-14,134,-0.0929182833241188,-0.309156232428322,9.92,0.93
"30","2019",2019-05-15,135,-0.249688806705725,-0.350353796531733,9.5,0.8
"31","2019",2019-05-16,136,-0.230092491283024,-0.33936777943749,9.79,0.83
"32","2019",2019-05-17,137,-0.347670383819228,-0.347607292258172,10.09,0.79
"33","2019",2019-05-18,138,-0.38686301466463,-0.347607292258172,10.2,0.76
"34","2019",2019-05-19,139,-0.401560251231656,-0.350353796531733,10.27,0.74
"35","2019",2019-05-20,140,-0.426055645510031,-0.355846805078855,10.26,0.76
"36","2019",2019-05-21,141,-0.440752882077057,-0.353100300805294,10.37,0.79
"37","2019",2019-05-22,142,-0.465248276355433,-0.355846805078855,10.48,0.73
"38","2019",2019-05-23,143,-0.475046434066783,-0.366832822173097,10.27,0.71
"39","2019",2019-05-24,144,-0.479945512922459,-0.372325830720219,10.18,0.61
"40","2019",2019-05-25,145,-0.484844591778134,-0.37781883926734,10.07,0.53
"41","2019",2019-05-26,146,-0.489743670633809,-0.397044369182265,9.49,0.42
"42","2019",2019-05-27,147,-0.489743670633809,-0.391551360635144,9.86,0.42
"43","2019",2019-05-28,148,-0.489743670633809,-0.388804856361583,10.05,0.41
"44","2019",2019-05-29,149,-0.494642749489484,-0.402537377729387,9.78,0.39
"45","2019",2019-05-30,150,-0.484844591778134,-0.416269899097191,9.69,0.45
"46","2019",2019-05-31,151,-0.489743670633809,-0.416269899097191,9.97,0.42
"47","2019",2019-06-01,152,-0.479945512922459,-0.416269899097191,10.08,0.4
"48","2019",2019-06-02,153,-0.460349197499758,-0.410776890550069,10.13,0.43
"49","2019",2019-06-03,154,-0.470147355211108,-0.410776890550069,9.92,0.38
"50","2019",2019-06-04,155,-0.460349197499758,-0.410776890550069,9.95,0.36
"51","2019",2019-06-05,156,-0.440752882077057,-0.419016403370751,9.76,0.4
"52","2019",2019-06-06,157,-0.440752882077057,-0.432748924738555,8.98,0.3
"53","2019",2019-06-07,158,-0.426055645510031,-0.435495429012116,9.09,0.3
"54","2019",2019-06-08,159,-0.421156566654356,-0.430002420464994,9.46,0.34
"55","2019",2019-06-09,160,-0.37706485695328,-0.430002420464994,9.24,0.33
"56","2019",2019-06-10,161,-0.37706485695328,-0.430002420464994,9.45,0.39
"57","2019",2019-06-11,162,-0.274184200984101,-0.41352339482363,9.43,0.53
"58","2019",2019-06-12,163,-0.391762093520305,-0.419016403370751,9.64,0.48
"59","2019",2019-06-13,164,-0.421156566654356,-0.419016403370751,9.7,0.5
"60","2019",2019-06-14,165,-0.430954724365707,-0.41352339482363,9.73,0.51
"61","2019",2019-06-15,166,-0.426055645510031,-0.416269899097191,9.5,0.59
"62","2019",2019-06-16,167,-0.435853803221382,-0.416269899097191,9.71,0.51
"63","2019",2019-06-17,168,-0.445651960932732,-0.427255916191433,9.29,0.46
"64","2019",2019-06-18,169,-0.445651960932732,-0.438241933285676,8.9,0.44
"65","2019",2019-06-19,170,-0.421156566654356,-0.424509411917873,8.96,0.56
"66","2019",2019-06-20,171,-0.435853803221382,-0.424509411917873,9.3,0.46
"67","2019",2019-06-21,172,-0.430954724365707,-0.427255916191433,9.33,0.45
"68","2019",2019-06-22,173,-0.430954724365707,-0.427255916191433,9.46,0.38
"69","2019",2019-06-23,174,-0.411358408943006,-0.419016403370751,9.39,0.5
"70","2019",2019-06-24,175,-0.416257487798681,-0.344860787984612,9.35,1.7
"71","2019",2019-06-25,176,-0.450551039788407,-0.399790873455826,9.37,0.98
"72","2019",2019-06-26,177,-0.445651960932732,-0.380565343540901,8.93,1.19
"73","2019",2019-06-27,178,-0.430954724365707,-0.325635258069687,8.9,2.47
"74","2019",2019-06-28,179,-0.440752882077057,-0.388804856361583,9.07,1.2
"75","2019",2019-06-29,180,-0.421156566654356,-0.303663223881201,8.49,2.12
"76","2019",2019-06-30,181,-0.411358408943006,-0.331128266616808,8.78,2.11
"77","2019",2019-07-01,182,-0.430954724365707,-0.366832822173097,8.96,1.86
"78","2019",2019-07-02,183,-0.416257487798681,-0.259719155504229,9.08,3.82
"79","2019",2019-07-03,184,-0.37706485695328,-0.259719155504229,8.94,4.7
"80","2019",2019-07-04,185,-0.430954724365707,-0.331128266616808,9.07,2.46
"81","2019",2019-07-05,186,-0.38686301466463,-0.0619708478078565,9.1,6.56
"82","2019",2019-07-06,187,-0.406459330087331,-0.152605488835361,9.34,4.75
"83","2019",2019-07-07,188,-0.411358408943006,-0.270705172598472,9.91,3.15
"84","2019",2019-07-08,189,-0.411358408943006,-0.166338010203164,9.23,5.7
"85","2019",2019-07-09,190,-0.416257487798681,-0.248733138409986,9.39,3.52
"86","2019",2019-07-10,191,-0.411358408943006,-0.185563540118089,9.55,4.81
"87","2019",2019-07-11,192,-0.401560251231656,-0.056477839260735,9.37,6.49
"88","2019",2019-07-12,193,-0.401560251231656,-0.108661420458389,9.27,5.8
"89","2019",2019-07-13,194,-0.416257487798681,-0.284437693966275,9.69,3.42
"90","2019",2019-07-14,195,-0.411358408943006,-0.259719155504229,9.47,3.91
"91","2019",2019-07-15,196,-0.406459330087331,-0.224014599947939,9.92,4.62
"92","2019",2019-07-16,197,-0.401560251231656,-0.267958668324911,9.42,3.62
"93","2019",2019-07-17,198,-0.372165778097604,-0.174577523023846,9.81,4.9
"94","2019",2019-07-18,199,-0.381963935808955,-0.171831018750286,10.07,5
"95","2019",2019-07-19,200,-0.381963935808955,-0.0894358905434637,8.63,6.99
"96","2019",2019-07-20,201,-0.37706485695328,0.045142818861012,8.59,6.53
"97","2019",2019-07-21,202,-0.337872226107878,0.0314102974932084,8.46,6.5
"98","2019",2019-07-22,203,-0.323174989540853,0.0204242803989655,7.96,6.62
"99","2019",2019-07-23,204,0.147136580603965,0.100072904332227,7.68,8.83
"100","2019",2019-07-24,205,-0.0586247313343924,-0.0619708478078565,6.79,7.68
"101","2019",2019-07-25,206,0.0736503977688377,0.133030955614955,6.93,12.12
"102","2019",2019-07-26,207,0.524365652490955,0.410427887244589,7.58,9.02
"103","2019",2019-07-27,208,NA,NA,NA,NA
"104","2019",2019-07-28,209,NA,0.424160408612393,NA,NA
"105","2019",2019-07-29,210,0.323503419408272,0.847122066740745,8.25,10.21
"106","2019",2019-07-30,211,0.79381498955309,0.690571323147784,7.82,12.2
"107","2019",2019-07-31,212,1.01427353805847,0.709796853062709,8.28,19.46
"108","2019",2019-08-01,213,0.833007620398492,0.800431494090213,8.07,20.42
"109","2019",2019-08-02,214,-0.352569462674904,-0.0317593007986884,8.04,7.18
"110","2019",2019-08-03,215,-0.293780516406801,0.105565912879348,7.42,7.48
"111","2019",2019-08-04,216,-0.274184200984101,-0.0125337708837633,7.56,7.04
"112","2019",2019-08-05,217,-0.210496175860323,0.108312417152909,7.53,8.23
"113","2019",2019-08-06,218,-0.0439274947673668,0.350004793226253,7.34,9.29
"114","2019",2019-08-07,219,NA,NA,NA,NA
"115","2019",2019-08-08,220,NA,NA,NA,NA
"116","2019",2019-08-09,221,NA,2.89052124626993,NA,NA
"117","2019",2019-08-10,222,1.7197408932757,4.33518249416287,6.44,12.94
"118","2019",2019-08-11,223,3.02779494774098,6.64499258822744,6.47,13.01
"119","2019",2019-08-12,224,3.36093230992689,8.26817661390184,6.02,15.5
"120","2019",2019-08-13,225,4.64449097011379,1.98417483599489,5.93,14.76
"121","2019",2019-08-14,226,7.20181013277624,3.5496822719245,5.77,15.07
"122","2019",2019-08-15,227,3.66957427783443,3.00862093003304,6.36,14.9
"123","2019",2019-08-16,228,-0.2545878855614,-0.0317593007986884,8.11,8.27
"124","2019",2019-08-17,229,-0.239890648994374,0.00669175903116178,7.91,8.92
"125","2019",2019-08-18,230,-0.239890648994374,0.0423963145874513,8.12,9.23
"126","2019",2019-08-19,231,-0.274184200984101,-0.00704076233664187,7.66,9.84
"127","2019",2019-08-20,232,-0.2545878855614,-0.0125337708837633,7.57,10.46
"128","2019",2019-08-21,233,-0.24478972785005,0.108312417152909,7.73,12.71
"129","2019",2019-08-22,234,-0.279083279839776,0.0231707846725262,7.46,12.19
"130","2019",2019-08-23,235,-0.293780516406801,-0.0125337708837633,7.73,11.47
"131","2019",2019-08-24,236,-0.308477752973827,-0.0290127965251277,7.88,10.5
"132","2019",2019-08-25,237,-0.288881437551126,-0.0619708478078565,7.86,9.5
"133","2019",2019-08-26,238,-0.26438604327275,-0.0207732837044455,7.97,9.17
"134","2019",2019-08-27,239,-0.313376831829502,-0.056477839260735,7.98,8.68
"135","2019",2019-08-28,240,-0.308477752973827,-0.0235197879780062,7.98,8.73
"136","2019",2019-08-29,241,-0.26438604327275,0.0341568017667691,7.97,9.41
"137","2019",2019-08-30,242,-0.225193412427349,0.0918333915115444,7.83,10.09
"138","2019",2019-08-31,243,-0.234991570138699,0.086340382964423,7.89,9.91
"139","2019",2019-09-01,244,-0.274184200984101,-0.00429425806308114,8.5,8.06
"140","2019",2019-09-02,245,-0.274184200984101,0.0423963145874513,8.97,8.68
"141","2019",2019-09-03,246,-0.274184200984101,-0.0427453178929313,9.45,6.96
"142","2019",2019-09-04,247,-0.230092491283024,-0.0207732837044455,9.48,6.87
"143","2019",2019-09-05,248,-0.230092491283024,-0.0427453178929313,9.35,6.73
"144","2019",2019-09-06,249,-0.293780516406801,-0.0647173520814172,9.64,5.81
"145","2019",2019-09-07,250,-0.279083279839776,-0.0152802751573241,9.59,6.78
"146","2019",2019-09-08,251,-0.293780516406801,0.00119875048404032,9.69,6.64
"147","2019",2019-09-09,252,-0.337872226107878,-0.0811963777227816,9.89,5.51
"148","2019",2019-09-10,253,-0.318275910685177,-0.0345058050722491,9.69,6.43
"149","2019",2019-09-11,254,-0.279083279839776,0.0533823316816942,9.55,7.9
"150","2019",2019-09-12,255,-0.298679595262477,0.00943826330472252,9.62,6.87
"151","2019",2019-09-13,256,-0.328074068396528,-0.0592243435342957,9.76,6.01
"152","2019",2019-09-14,257,-0.308477752973827,-0.0097872666102026,9.58,7.3
"153","2019",2019-09-15,258,-0.239890648994374,0.127537947067834,9.64,8.65
"154","2019",2019-09-16,259,-0.24478972785005,0.141270468435638,9.24,9.79
"155","2019",2019-09-17,260,-0.318275910685177,-0.103168411911267,9.79,5.61
"156","2019",2019-09-18,261,-0.332973147252203,-0.180070531570968,9.83,4.59
"157","2019",2019-09-19,262,-0.239890648994374,0.124791442794273,9.66,9.65
"158","2019",2019-09-20,263,-0.26438604327275,0.07535436587018,9.67,8.14
"159","2019",2019-09-21,264,NA,NA,NA,NA
"160","2019",2019-09-22,265,NA,NA,NA,NA
"161","2019",2019-09-23,266,NA,NA,NA,NA
"162","2019",2019-09-24,267,NA,NA,NA,NA
"163","2019",2019-09-25,268,NA,NA,NA,NA
"164","2019",2019-09-26,269,NA,NA,NA,NA
"165","2019",2019-09-27,270,NA,NA,NA,NA
"166","2019",2019-09-28,271,NA,NA,NA,NA
"167","2019",2019-09-29,272,NA,NA,NA,NA
"168","2019",2019-09-30,273,NA,NA,NA,NA
"169","2019",2019-10-01,274,NA,NA,NA,NA
"170","2019",2019-10-02,275,NA,NA,NA,NA
"171","2019",2019-10-03,276,NA,NA,NA,NA
"172","2019",2019-10-04,277,NA,NA,NA,NA
"173","2019",2019-10-05,278,NA,NA,NA,NA
"174","2019",2019-10-06,279,NA,NA,NA,NA
"175","2019",2019-10-07,280,NA,NA,NA,NA
"176","2019",2019-10-08,281,-0.38686301466463,-0.155351993108921,11.55,6.14
"177","2019",2019-10-09,282,-0.39666117237598,-0.196549557212332,11.69,5.07
"178","2019",2019-10-10,283,-0.391762093520305,-0.174577523023846,11.79,5.25
"179","2019",2019-10-11,284,-0.406459330087331,-0.218521591400818,11.95,4.3
"180","2019",2019-10-12,285,-0.39666117237598,-0.196549557212332,12.09,4.76
"181","2019",2019-10-13,286,-0.406459330087331,-0.2267611042215,12.29,3.9
"182","2019",2019-10-14,287,-0.416257487798681,-0.240493625589304,12.27,3.75
"183","2019",2019-10-15,288,-0.411358408943006,-0.235000617042182,12.37,3.6
"184","2019",2019-10-16,289,-0.416257487798681,-0.256972651230668,12.39,3.22
"185","2019",2019-10-17,290,-0.411358408943006,-0.26246565977779,12.38,3
"186","2019",2019-10-18,291,-0.421156566654356,-0.273451676872033,12.55,2.74
"187","2019",2019-10-19,292,-0.426055645510031,-0.295423711060518,12.63,2.27
"188","2019",2019-10-20,293,-0.435853803221382,-0.30091671960764,12.39,2.22
"189","2019",2019-10-21,294,-0.435853803221382,-0.30091671960764,12.73,2.09
"190","2019",2019-10-22,295,-0.421156566654356,-0.289930702513397,12.67,2.23
"191","2019",2019-10-23,296,-0.421156566654356,-0.298170215334079,12.72,2.15
"192","2019",2019-10-24,297,-0.426055645510031,-0.306409728154761,12.71,1.95
"193","2019",2019-10-25,298,-0.426055645510031,-0.311902736701883,12.63,1.63
"194","2019",2019-10-26,299,-0.426055645510031,-0.309156232428322,12.72,1.6
"195","2019",2019-10-27,300,-0.435853803221382,-0.320142249522565,12.59,1.49
"196","2019",2019-10-28,301,-0.426055645510031,-0.311902736701883,12.74,1.49
"197","2019",2019-10-29,302,-0.430954724365707,-0.320142249522565,12.71,1.37
"198","2019",2019-10-30,303,-0.426055645510031,-0.311902736701883,12.64,1.36
"199","2019",2019-10-31,304,-0.421156566654356,-0.30091671960764,12.65,1.43
"200","2019",2019-11-01,305,-0.421156566654356,-0.303663223881201,12.69,1.36
"201","2019",2019-11-02,306,-0.421156566654356,-0.303663223881201,12.84,1.23
"202","2020",2020-03-31,91,NA,NA,NA,NA
"203","2020",2020-04-01,92,NA,NA,NA,NA
"204","2020",2020-04-02,93,2.83604696860093,0.592403766024014,11.11,1.51
"205","2020",2020-04-03,94,2.6069317892977,0.482921748451589,11.07,1.42
"206","2020",2020-04-04,95,1.88341017044541,0.190969701591788,11.05,1.45
"207","2020",2020-04-05,96,1.90752755774049,0.282204716235476,10.65,1.42
"208","2020",2020-04-06,97,3.30633602085492,0.793120798240127,10.8,1.61
"209","2020",2020-04-07,98,2.98075129237139,0.720132786525177,10.76,1.5
"210","2020",2020-04-08,99,2.65516656388786,0.537662757237801,10.76,1.45
"211","2020",2020-04-09,100,2.1004666561011,0.336945725021688,10.77,1.49
"212","2020",2020-04-10,101,2.6672252575354,0.574156763095276,10.64,1.58
"213","2020",2020-04-11,102,3.43898165097784,0.884355812883815,10.56,1.64
"214","2020",2020-04-12,103,3.0772208415517,0.665391777738964,10.58,1.58
"215","2020",2020-04-13,104,1.22018201983081,-0.00974733062432558,10.64,1.56
"216","2020",2020-04-14,105,1.20812332618327,-0.0462413364818008,10.64,1.54
"217","2020",2020-04-15,106,1.19606463253573,-0.0279943335530632,10.6,1.47
"218","2020",2020-04-16,107,1.1237124706505,-0.0644883394105383,10.54,1.46
"219","2020",2020-04-17,108,1.26841679442096,-0.00974733062432558,10.44,1.41
"220","2020",2020-04-18,109,1.01518422782266,-0.173970356982964,10.46,1.48
"221","2020",2020-04-19,110,1.20812332618327,-0.155723354054226,10.27,1.54
"222","2020",2020-04-20,111,1.48547328007665,-0.137476351125488,10.28,1.53
"223","2020",2020-04-21,112,1.22018201983081,-0.265205371626652,10.28,1.48
"224","2020",2020-04-22,113,1.46135589278157,-0.246958368697914,10.2,1.57
"225","2020",2020-04-23,114,1.67841237843726,-0.173970356982964,10.15,1.49
"226","2020",2020-04-24,115,1.8472340895028,-0.173970356982964,10.47,1.47
"227","2020",2020-04-25,116,1.60606021655203,-0.265205371626652,10.87,1.44
"228","2020",2020-04-26,117,0.665482112044049,-0.593651424343928,10.47,1.25
"229","2020",2020-04-27,118,1.55782544196188,-0.356440386270339,10.79,1.39
"230","2020",2020-04-28,119,1.19606463253573,-0.447675400914027,10.82,1.37
"231","2020",2020-04-29,120,1.09959508335543,-0.557157418486453,10.91,1.41
"232","2020",2020-04-30,121,0.629306031101434,-0.64839243313014,10.87,1.57
"233","2020",2020-05-01,122,1.36488634360127,-0.392934392127815,10.64,1.62
"234","2020",2020-05-02,123,1.5337080546668,-0.338193383341602,10.61,1.51
"235","2020",2020-05-03,124,1.7869406212651,-0.374687389199077,10.49,1.75
"236","2020",2020-05-04,125,2.13664273704371,-0.173970356982964,10.38,1.64
"237","2020",2020-05-05,126,2.06429057515848,-0.338193383341602,10.49,1.52
"238","2020",2020-05-06,127,2.24517097987156,-0.246958368697914,10.29,1.48
"239","2020",2020-05-07,128,2.13664273704371,-0.173970356982964,10.39,1.54
"240","2020",2020-05-08,129,1.52164936101926,-0.42942839798529,10.37,1.55
"241","2020",2020-05-09,130,2.11252534974864,-0.228711365769176,10.3,1.63
"242","2020",2020-05-10,131,1.42517981183896,-0.520663412628978,10.42,1.52
"243","2020",2020-05-11,132,0.906655984994814,-0.611898427272665,10.38,1.49
"244","2020",2020-05-12,133,0.122840897904829,-0.849109465346254,10.06,1.35
"245","2020",2020-05-13,134,0.195193059790058,-0.776121453631303,10.35,1.47
"246","2020",2020-05-14,135,-0.347448154349162,-0.976838485847417,10.34,1.36
"247","2020",2020-05-15,136,-0.443917703529468,-1.0680735004911,9.87,1.19
"248","2020",2020-05-16,137,-1.09508716049653,-1.23229652684974,10.1,0.97
"249","2020",2020-05-17,138,-1.10714585414407,-1.14106151220605,10.57,1.19
"250","2020",2020-05-18,139,NA,-1.214049523921,10.44,0.94
"251","2020",2020-05-19,140,NA,-1.26879053270722,10.32,0.81
"252","2020",2020-05-20,141,NA,-1.28703753563596,10.33,0.77
"253","2020",2020-05-21,142,NA,-1.32353154149343,10.08,0.67
"254","2020",2020-05-22,143,NA,-1.28703753563596,10.05,0.56
"255","2020",2020-05-23,144,NA,-1.17755551806353,10.19,0.5
"256","2020",2020-05-24,145,NA,-1.26879053270722,10.05,0.42
"257","2020",2020-05-25,146,NA,-1.36002554735091,9.86,0.39
"258","2020",2020-05-26,147,NA,-1.37827255027964,9.73,0.33
"259","2020",2020-05-27,148,-1.14332193508669,-1.43301355906586,9.43,0.29
"260","2020",2020-05-28,149,-1.09508716049653,-1.46950756492333,9.22,0.29
"261","2020",2020-05-29,150,-1.09508716049653,-1.46950756492333,9.7,0.35
"262","2020",2020-05-30,151,-1.09508716049653,-1.45126056199459,9.32,0.33
"263","2020",2020-05-31,152,-1.07096977320146,-1.45126056199459,9.28,0.33
"264","2020",2020-06-01,153,-1.01067630496376,-1.34177854442217,9.73,0.37
"265","2020",2020-06-02,154,-0.97450022402115,-1.37827255027964,9.5,0.36
"266","2020",2020-06-03,155,-0.926265449430997,-1.43301355906586,9,0.34
"267","2020",2020-06-04,156,-0.97450022402115,-1.52424857370954,9.2,0.36
"268","2020",2020-06-05,157,-0.914206755783459,-1.48775456785207,9.13,0.39
"269","2020",2020-06-06,158,-0.793619819308077,-1.46950756492333,8.91,0.37
"270","2020",2020-06-07,159,-0.673032882832694,-1.32353154149343,9.2,0.44
"271","2020",2020-06-08,160,-0.552445946357312,-1.30528453856469,9.11,0.44
"272","2020",2020-06-09,161,-0.600680720947465,-1.32353154149343,9.09,0.45
"273","2020",2020-06-10,162,-0.733326351070386,-1.26879053270722,9.36,0.54
"274","2020",2020-06-11,163,-0.853913287545768,-1.23229652684974,9.46,0.58
"275","2020",2020-06-12,164,-0.926265449430997,-1.26879053270722,9.15,0.65
"276","2020",2020-06-13,165,-0.986558917668688,-1.32353154149343,9.43,0.56
"277","2020",2020-06-14,166,-0.986558917668688,-1.26879053270722,9.41,0.59
"278","2020",2020-06-15,167,-0.986558917668688,-1.25054352977848,9.3,0.64
"279","2020",2020-06-16,168,-0.97450022402115,-1.25054352977848,9.17,0.71
"280","2020",2020-06-17,169,-0.97450022402115,-1.25054352977848,9.05,0.76
"281","2020",2020-06-18,170,-0.817737206603153,-1.04982649756237,8.91,0.93
"282","2020",2020-06-19,171,-0.805678512955615,-0.447675400914027,8.92,2.49
"283","2020",2020-06-20,172,-0.805678512955615,-0.265205371626652,9.04,2.68
"284","2020",2020-06-21,173,-0.853913287545768,-0.0827353423392759,8.97,3.36
"285","2020",2020-06-22,174,-0.805678512955615,0.592403766024014,9.38,4.43
"286","2020",2020-06-23,175,-0.890089368488383,0.482921748451589,9.77,4.25
"287","2020",2020-06-24,176,-0.902148062135921,0.610650768952752,9.82,4.74
"288","2020",2020-06-25,177,-0.938324143078536,-0.0827353423392759,9.69,3.61
"289","2020",2020-06-26,178,-0.914206755783459,-0.301699377484127,9.88,2.94
"290","2020",2020-06-27,179,-0.902148062135921,-0.630145430201403,9.44,2.45
"291","2020",2020-06-28,180,-0.865971981193306,-0.538910415557715,9.42,2.76
"292","2020",2020-06-29,181,-0.769502432013,-0.392934392127815,9.64,2.82
"293","2020",2020-06-30,182,-0.793619819308077,-0.630145430201403,9.53,2.63
"294","2020",2020-07-01,183,-0.383624235291777,-0.666639436058878,9.31,2.58
"295","2020",2020-07-02,184,0.858421210404661,-0.557157418486453,8.62,3.26
"296","2020",2020-07-03,185,0.677540805691587,-0.867356468274991,8.07,3.03
"297","2020",2020-07-04,186,0.532836481921128,-0.812615459488779,8.23,3.55
"298","2020",2020-07-05,187,0.31577999626544,-0.593651424343928,8.25,3.65
"299","2020",2020-07-06,188,0.436366932740823,-0.338193383341602,8.45,3.87
"300","2020",2020-07-07,189,0.327838689912979,-0.484169406771502,8.36,3.55
"301","2020",2020-07-08,190,0.291662608970364,-0.228711365769176,8.83,3.41
"302","2020",2020-07-09,191,0.376073464503132,0.0267466752331496,9.09,3.44
"303","2020",2020-07-10,192,0.243427834380211,0.136228692805575,9.3,3.38
"304","2020",2020-07-11,193,0.351956077208055,0.482921748451589,9.03,3.28
"305","2020",2020-07-12,194,0.544895175568667,0.939096821670028,8.89,3.46
"306","2020",2020-07-13,195,0.279603915322826,0.592403766024014,8.68,3.5
"307","2020",2020-07-14,196,0.122840897904829,0.756626792382652,9.31,3.24
"308","2020",2020-07-15,197,0.207251753437596,1.08507284509993,9.44,3.55
"309","2020",2020-07-16,198,-0.106274281398398,0.610650768952752,9.02,3.47
"310","2020",2020-07-17,199,-0.0339221195131683,0.92084981874129,9.3,4.51
"311","2020",2020-07-18,200,-0.142450362341012,1.17630785974362,9.29,4.22
"312","2020",2020-07-19,201,-0.0942155877508594,1.15806085681488,9.53,4.65
"313","2020",2020-07-20,202,-0.178626443283627,0.902602815812552,9.43,4.72
"314","2020",2020-07-21,203,-0.455976397177006,0.975590827527503,9.29,5.09
"315","2020",2020-07-22,204,-0.480093784472083,1.03033183631372,9.45,5.05
"316","2020",2020-07-23,205,-0.43185900988193,0.884355812883815,9.39,5.23
"317","2020",2020-07-24,206,-0.552445946357312,0.482921748451589,9.07,5.52
"318","2020",2020-07-25,207,-0.540387252709774,0.464674745522851,9.01,5.9
"319","2020",2020-07-26,208,-0.56450464000485,0.811367801168865,9.25,6.16
"320","2020",2020-07-27,209,-0.588622027299927,0.99383783045624,9.32,5.82
"321","2020",2020-07-28,210,-0.588622027299927,1.28578987731604,9.22,5.73
"322","2020",2020-07-29,211,-0.576563333652389,0.957343824598765,8.73,5.09
"323","2020",2020-07-30,212,-0.552445946357312,1.23104886852983,9.03,5.9
"324","2020",2020-07-31,213,-0.540387252709774,1.43176590074594,9.34,5.83
"325","2020",2020-08-01,214,-0.540387252709774,1.34053088610225,9.11,5.95
"326","2020",2020-08-02,215,-0.540387252709774,1.35877788903099,9.18,5.98
"327","2020",2020-08-03,216,-0.468035090824545,1.83319996517817,9.64,5.41
"328","2020",2020-08-04,217,-0.468035090824545,1.96092898567933,9.53,5.55
"329","2020",2020-08-05,218,-0.443917703529468,2.12515201203797,9.45,5.72
"330","2020",2020-08-06,219,-0.480093784472083,2.07041100325176,9.14,6.37
"331","2020",2020-08-07,220,-0.480093784472083,1.76021195346322,9.42,5.56
"332","2020",2020-08-08,221,-0.43185900988193,1.63248293296206,9.27,5.55
"333","2020",2020-08-09,222,-0.371565541644239,1.77845895639196,9.19,6.15
"334","2020",2020-08-10,223,-0.516269865414697,1.70547094467701,9.26,5.7
"335","2020",2020-08-11,224,-0.660974189185156,1.28578987731604,8.85,5.52
"336","2020",2020-08-12,225,-0.697150270127771,1.03033183631372,8.71,5.73
"337","2020",2020-08-13,226,-0.769502432013,0.99383783045624,9.13,4.88
"338","2020",2020-08-14,227,-0.793619819308077,0.793120798240127,8.9,4.83
"339","2020",2020-08-15,228,-0.660974189185156,1.13981385388614,9.08,5.18
"340","2020",2020-08-16,229,-0.63685680189008,1.03033183631372,8.95,4.96
"341","2020",2020-08-17,230,-0.673032882832694,1.04857883924245,8.85,4.91
"342","2020",2020-08-18,231,-0.685091576480233,0.939096821670028,8.68,4.73
"343","2020",2020-08-19,232,-0.697150270127771,0.683638780667702,8.39,4.56
"344","2020",2020-08-20,233,-0.624798108242542,0.793120798240127,8.72,4.81
"345","2020",2020-08-21,234,-0.648915495537618,0.756626792382652,8.58,4.46
"346","2020",2020-08-22,235,-0.588622027299927,0.939096821670028,8.6,4.51
"347","2020",2020-08-23,236,-0.660974189185156,0.592403766024014,8.28,4.07
"348","2020",2020-08-24,237,-0.648915495537618,0.0814876840193623,8.04,4.03
"349","2020",2020-08-25,238,-0.516269865414697,0.355192727950426,8.25,4.39
"350","2020",2020-08-26,239,-0.455976397177006,0.720132786525177,8.33,4.46
"351","2020",2020-08-27,240,-0.395682928939315,0.756626792382652,8.26,4.41
"352","2020",2020-08-28,241,-0.3595068479967,0.738379789453915,8.3,4.14
"353","2020",2020-08-29,242,-0.335389460701624,0.884355812883815,8.52,3.96
"354","2020",2020-08-30,243,-0.3595068479967,0.720132786525177,8.38,3.68
"355","2020",2020-08-31,244,-0.299213379759009,0.975590827527503,8.77,3.58
"356","2020",2020-09-01,245,-0.238919911521318,0.939096821670028,8.74,3.46
"357","2020",2020-09-02,246,-0.323330767054086,0.884355812883815,8.78,3.39
"358","2020",2020-09-03,247,-0.335389460701624,0.939096821670028,8.81,3.32
"359","2020",2020-09-04,248,-0.250978605168856,1.04857883924245,8.75,3.39
"360","2020",2020-09-05,249,-0.00980473221809181,1.17630785974362,8.68,3.6
"361","2020",2020-09-06,250,-0.118332975045936,0.975590827527503,8.87,3.32
"362","2020",2020-09-07,251,-0.118332975045936,1.23104886852983,8.99,3.5
"363","2020",2020-09-08,252,-0.263037298816395,1.39527189488847,9.18,3.4
"364","2020",2020-09-09,253,-0.371565541644239,1.34053088610225,9.34,3.34
"365","2020",2020-09-10,254,-0.3595068479967,1.30403688024478,9.53,3.34
"366","2020",2020-09-11,255,-0.383624235291777,1.21280186560109,9.52,3.11
"367","2020",2020-09-12,256,-0.347448154349162,1.1215668509574,9.47,3.13
"368","2020",2020-09-13,257,-0.263037298816395,0.884355812883815,9.41,3.06
"369","2020",2020-09-14,258,0.0746061233146759,1.1215668509574,9.23,3.68
"370","2020",2020-09-15,259,-0.263037298816395,0.756626792382652,9.5,2.93
"371","2020",2020-09-16,260,0.701658192986664,1.79670595932069,9.38,4.27
"372","2020",2020-09-17,261,0.400190851798208,1.39527189488847,9.35,4.14
"373","2020",2020-09-18,262,0.207251753437596,1.15806085681488,9.28,3.74
"374","2020",2020-09-19,263,0.134899591552367,1.03033183631372,9.38,3.62
"375","2020",2020-09-20,264,-0.142450362341012,0.884355812883815,9.49,3.3
"376","2020",2020-09-21,265,-0.0700982004557829,1.03033183631372,9.5,3.35
"377","2020",2020-09-22,266,0.0625474296671376,1.2675428743873,9.31,3.79
"378","2020",2020-09-23,267,0.0263713487245229,1.13981385388614,9.12,4.5
"379","2020",2020-09-24,268,0.0384300423720612,1.2675428743873,9.46,4.05
"380","2020",2020-09-25,269,-0.238919911521318,0.77487379531139,9.66,3.13
"381","2020",2020-09-26,270,-0.130391668693474,0.939096821670028,9.52,3.43
"382","2020",2020-09-27,271,0.195193059790058,1.23104886852983,9.55,3.9
"383","2020",2020-09-28,272,-0.178626443283627,0.975590827527503,9.65,3.5
"384","2020",2020-09-29,273,-0.166567749636089,1.13981385388614,9.67,3.53
"385","2020",2020-09-30,274,-0.202743830578703,0.866108809955078,9.82,3.3
"386","2020",2020-10-01,275,-0.142450362341012,1.08507284509993,9.77,3.51
"387","2020",2020-10-02,276,-0.154509055988551,1.15806085681488,9.72,3.54
"388","2020",2020-10-03,277,-0.3595068479967,1.10331984802867,9.9,3.17
"389","2020",2020-10-04,278,-0.238919911521318,1.06682584217119,9.92,3.25
"390","2020",2020-10-05,279,-0.0821568941033211,1.19455486267235,9.94,3.16
"391","2020",2020-10-06,280,-0.118332975045936,0.975590827527503,9.96,3.07
"392","2020",2020-10-07,281,-0.0339221195131683,0.84786180702634,9.95,3
"393","2020",2020-10-08,282,0.484601707330976,0.574156763095276,9.66,2.99
"394","2020",2020-10-09,283,-0.142450362341012,-0.100982345268014,10.03,2.63
"395","2020",2020-10-10,284,0.327838689912979,0.209216704520525,9.83,3
"396","2020",2020-10-11,285,-0.142450362341012,-0.246958368697914,10.09,2.53
"397","2020",2020-10-12,286,-0.311272073406548,-0.447675400914027,10.21,2.38
"398","2020",2020-10-13,287,-0.275095992463933,-0.611898427272665,10.32,2.23
"399","2020",2020-10-14,288,-0.00980473221809181,-0.356440386270339,10.21,2.43
"400","2020",2020-10-15,289,-0.106274281398398,-0.484169406771502,10.32,2.5
"401","2020",2020-10-16,290,-0.118332975045936,-0.538910415557715,10.34,2.31
"402","2020",2020-10-17,291,0.0746061233146759,-0.392934392127815,10.32,2.4
"403","2020",2020-10-18,292,-0.190685136931165,-0.666639436058878,10.49,2.13
"404","2020",2020-10-19,293,0.00225396142944642,-0.301699377484127,10.5,2.09
"405","2020",2020-10-20,294,0.436366932740823,0.117981689876837,10.39,2.22
"406","2020",2020-10-21,295,0.134899591552367,-0.0827353423392759,10.36,2.09
"407","2020",2020-10-22,296,-0.540387252709774,-0.64839243313014,10.91,1.71
"408","2020",2020-10-23,297,-0.106274281398398,-0.356440386270339,10.65,1.91
"409","2020",2020-10-24,298,-0.311272073406548,-0.484169406771502,10.69,1.85
"410","2020",2020-10-25,299,0.0263713487245229,-0.283452374555389,10.6,1.91
"411","2020",2020-10-26,300,-0.202743830578703,-0.447675400914027,10.72,1.81
"412","2020",2020-10-27,301,-0.43185900988193,-0.739627447773828,10.74,1.71
"413","2020",2020-10-28,302,-0.56450464000485,-0.940344479989942,10.88,1.68
"414","2020",2020-10-29,303,-0.673032882832694,-1.03157949463363,11.03,1.61
"415","2020",2020-10-30,304,-0.540387252709774,-0.940344479989942,10.77,1.67
"416","2020",2020-10-31,305,-0.612739414595003,-1.01333249170489,10.88,1.6
"417","2020",2020-11-01,306,-0.97450022402115,-1.19580252099227,11.16,1.59
"418","2020",2020-11-02,307,-1.0227349986113,-1.214049523921,11.2,1.53
"419","2020",2020-11-03,308,-1.04685238590638,-1.23229652684974,11.13,1.45
"420","2020",2020-11-04,309,-1.10714585414407,-1.26879053270722,11.09,1.41
"421","2020",2020-11-05,310,-1.10714585414407,-1.26879053270722,10.79,1.31
"422","2020",2020-11-06,311,NA,-1.34177854442217,10.83,1.42
"423","2020",2020-11-07,312,NA,-1.59723658542449,10.99,1.16
"424","2020",2020-11-08,313,NA,-1.63373059128197,10.95,1.14
"425","2020",2020-11-09,314,-1.22773279061945,-1.61548358835323,10.9,1.16
"426","2020",2020-11-10,315,NA,-1.65197759421071,10.94,1.11
"427","2020",2020-11-11,316,NA,-1.65197759421071,10.92,1.51
"428","2020",2020-11-12,317,NA,-1.30528453856469,10.88,1.29
"429","2020",2020-11-13,318,-1.20361540332438,-1.214049523921,10.91,1.24
"430","2020",2020-11-14,319,-1.20361540332438,-1.214049523921,10.93,1.21
"431","2020",2020-11-15,320,NA,-1.19580252099227,11,1.33
"432","2020",2020-11-16,321,-1.22773279061945,-1.214049523921,11.02,1.37
"433","2020",2020-11-17,322,NA,-1.17755551806353,11,1.35
"434","2020",2020-11-18,323,NA,-1.17755551806353,11.02,1.34
"435","2020",2020-11-19,324,NA,-1.19580252099227,11.05,1.33
"436","2020",2020-11-20,325,NA,-1.12281450927732,11.01,1.43
"437","2020",2020-11-21,326,-1.16743932238176,-1.12281450927732,11.01,1.41
"438","2021",2021-03-26,85,NA,NA,NA,NA
"439","2021",2021-03-27,86,NA,NA,NA,NA
"440","2021",2021-03-28,87,NA,NA,NA,NA
"441","2021",2021-03-29,88,NA,NA,NA,NA
"442","2021",2021-03-30,89,NA,NA,NA,NA
"443","2021",2021-03-31,90,NA,NA,NA,NA
"444","2021",2021-04-01,91,NA,NA,NA,NA
"445","2021",2021-04-02,92,NA,NA,NA,NA
"446","2021",2021-04-03,93,NA,NA,NA,NA
"447","2021",2021-04-04,94,NA,NA,NA,NA
"448","2021",2021-04-05,95,2.78983561812726,0.327704447339189,9.68,1.61
"449","2021",2021-04-06,96,3.66368777693846,0.648941678780963,9.55,1.75
"450","2021",2021-04-07,97,3.9232478241101,0.588709697885631,9.42,1.87
"451","2021",2021-04-08,98,5.03070402537579,0.428091082164744,9.51,1.87
"452","2021",2021-04-09,99,4.47697592474295,0.387936428234522,9.49,1.9
"453","2021",2021-04-10,100,4.62405995147354,0.709173659676296,9.36,2.09
"454","2021",2021-04-11,101,4.10493985713026,0.3477817743043,9.47,1.93
"455","2021",2021-04-12,102,3.72425178794518,0.227317812513635,9.55,1.94
"456","2021",2021-04-13,103,3.80211980209667,0.207240485548524,9.56,1.95
"457","2021",2021-04-14,104,3.11861167787801,0.066699196792748,9.56,1.9
"458","2021",2021-04-15,105,2.59083958196233,-0.093919418928139,9.61,1.73
"459","2021",2021-04-16,106,1.34495135553843,-0.35492466947458,9.46,1.38
"460","2021",2021-04-17,107,0.713355240754099,-0.636007246986133,9.35,1.2
"461","2021",2021-04-18,108,0.964263286353355,-0.475388631265245,9.25,1.22
"462","2021",2021-04-19,109,0.843135264339921,-0.5757752660908,9.42,1.19
"463","2021",2021-04-20,110,0.289407163707079,-0.615929920021022,9.3,1.04
"464","2021",2021-04-21,111,0.228843152700362,-0.515543285195467,9.47,1.08
"465","2021",2021-04-22,112,0.0817591259697632,-0.5757752660908,9.41,1.06
"466","2021",2021-04-23,113,-0.117236910195164,-0.696239227881465,9.45,1
"467","2021",2021-04-24,114,-0.195104924346658,-0.756471208776798,9.31,0.92
"468","2021",2021-04-25,115,-0.497924979380243,-0.937167151462796,9.29,0.88
"469","2021",2021-04-26,116,-0.532532985669796,-0.957244478427907,9.42,0.88
"470","2021",2021-04-27,117,-0.541184987242184,-0.997399132358128,9.19,0.78
"471","2021",2021-04-28,118,NA,-1.03755378628835,9.32,0.77
"472","2021",2021-04-29,119,NA,-1.45917765255568,9.22,0.66
"473","2021",2021-04-30,120,-0.662313009255618,-1.63987359524168,9.1,0.68
"474","2021",2021-05-01,121,NA,-1.72018290310212,9.21,0.68
"475","2021",2021-05-02,122,NA,-1.76033755703234,9.02,0.78
"476","2021",2021-05-03,123,NA,-1.76033755703234,8.96,0.63
"477","2021",2021-05-04,124,NA,-1.76033755703234,9.13,0.66
"478","2021",2021-05-05,125,NA,-1.6800282491719,8.97,0.6
"479","2021",2021-05-06,126,NA,-1.53948696041612,9.03,0.55
"480","2021",2021-05-07,127,NA,-1.53948696041612,9.04,0.54
"481","2021",2021-05-08,128,NA,-1.59971894131145,8.79,0.52
"482","2021",2021-05-09,129,NA,-1.61979626827657,8.85,0.49
"483","2021",2021-05-10,130,NA,-1.61979626827657,8.88,0.49
"484","2021",2021-05-11,131,NA,-1.63987359524168,8.74,0.46
"485","2021",2021-05-12,132,NA,-1.63987359524168,8.38,0.43
"486","2021",2021-05-13,133,NA,-1.39894567166035,8.22,0.42
"487","2021",2021-05-14,134,NA,-1.29855903683479,8.14,0.39
"488","2021",2021-05-15,135,NA,-1.27848170986968,8.42,0.41
"489","2021",2021-05-16,136,NA,-1.29855903683479,8.17,0.37
"490","2021",2021-05-17,137,NA,-1.33871369076501,8.08,0.37
"491","2021",2021-05-18,138,-0.601748998248901,-1.29855903683479,8.44,0.39
"492","2021",2021-05-19,139,-0.55848899038696,-1.33871369076501,8.14,0.38
"493","2021",2021-05-20,140,-0.549836988814572,-1.37886834469524,8.07,0.38
"494","2021",2021-05-21,141,-0.523880984097408,-1.37886834469524,8.07,0.39
"495","2021",2021-05-22,142,-0.549836988814572,-1.55956428738123,7.9,0.38
"496","2021",2021-05-23,143,-0.523880984097408,-1.6800282491719,7.71,0.39
"497","2021",2021-05-24,144,-0.532532985669796,-1.76033755703234,7.77,0.38
"498","2021",2021-05-25,145,-0.471968974663079,-1.76033755703234,7.83,0.4
"499","2021",2021-05-26,146,-0.411404963656362,-1.72018290310212,7.8,0.52
"500","2021",2021-05-27,147,-0.402752962083973,-1.63987359524168,8.09,0.55
"501","2021",2021-05-28,148,-0.506576980952631,-1.59971894131145,8.36,0.53
"502","2021",2021-05-29,149,-0.575792993531737,-1.63987359524168,8.27,0.52
"503","2021",2021-05-30,150,-0.497924979380243,-1.57964161434634,7.93,0.57
"504","2021",2021-05-31,151,-0.454664971518302,-1.61979626827657,7.83,0.59
"505","2021",2021-06-01,152,-0.42005696522875,-1.57964161434634,7.77,0.64
"506","2021",2021-06-02,153,-0.402752962083973,-1.59971894131145,7.46,0.7
"507","2021",2021-06-03,154,-0.402752962083973,-1.61979626827657,7.4,0.67
"508","2021",2021-06-04,155,-0.385448958939197,-1.65995092220679,7.55,0.6
"509","2021",2021-06-05,156,-0.394100960511585,-1.51940963345101,7.53,0.94
"510","2021",2021-06-06,157,-0.446012969945914,-1.57964161434634,7.54,0.96
"511","2021",2021-06-07,158,-0.454664971518302,-1.55956428738123,7.53,1.11
"512","2021",2021-06-08,159,-0.471968974663079,-1.05763111325346,7.46,1.74
"513","2021",2021-06-09,160,-0.532532985669796,-1.41902299862546,7.04,0.8
"514","2021",2021-06-10,161,-0.515228982525019,-1.41902299862546,6.91,0.8
"515","2021",2021-06-11,162,-0.532532985669796,-1.3186363637999,6.66,1.1
"516","2021",2021-06-12,163,-0.515228982525019,-1.33871369076501,6.66,0.96
"517","2021",2021-06-13,164,-0.515228982525019,-1.25840438290457,6.78,1.16
"518","2021",2021-06-14,165,-0.471968974663079,-0.957244478427907,7.21,1.52
"519","2021",2021-06-15,166,-0.385448958939197,-0.174228726788583,7.31,2.51
"520","2021",2021-06-16,167,-0.385448958939197,-0.334847342509469,7.42,2
"521","2021",2021-06-17,168,-0.376796957366809,-0.154151399823472,7.88,2.46
"522","2021",2021-06-18,169,-0.402752962083973,0.207240485548524,7.91,3.44
"523","2021",2021-06-19,170,-0.376796957366809,1.17095217987385,7.93,5.47
"524","2021",2021-06-20,171,-0.428708966801138,0.849714948432072,8.37,4.66
"525","2021",2021-06-21,172,-0.471968974663079,0.00646721589741552,8.87,3.04
"526","2021",2021-06-22,173,-0.480620976235467,0.187163158583413,8.7,3.48
"527","2021",2021-06-23,174,-0.471968974663079,0.327704447339189,8.9,3.66
"528","2021",2021-06-24,175,-0.463316973090691,0.548555043955409,9.15,3.95
"529","2021",2021-06-25,176,-0.42005696522875,1.21110683380407,8.71,5.22
"530","2021",2021-06-26,177,-0.42005696522875,1.25126148773429,8.77,4.91
"531","2021",2021-06-27,178,-0.437360968373526,0.849714948432072,8.71,4.76
"532","2021",2021-06-28,179,-0.454664971518302,0.307627120374079,8.58,3.56
"533","2021",2021-06-29,180,-0.446012969945914,0.528477716990298,8.56,3.83
"534","2021",2021-06-30,181,-0.446012969945914,0.528477716990298,8.18,4.97
"535","2021",2021-07-01,182,-0.463316973090691,-0.134074072858361,8.28,3.63
"536","2021",2021-07-02,183,-0.428708966801138,0.00646721589741552,8.29,3.73
"537","2021",2021-07-03,184,-0.446012969945914,-0.0537647649979172,7.91,4.02
"538","2021",2021-07-04,185,-0.428708966801138,0.00646721589741552,7.75,4.29
"539","2021",2021-07-05,186,-0.42005696522875,0.367859101269411,8.09,5.11
"540","2021",2021-07-06,187,-0.385448958939197,0.56863237092052,8.11,5.45
"541","2021",2021-07-07,188,-0.359492954222033,0.829637621466961,8.25,5.3
"542","2021",2021-07-08,189,-0.394100960511585,0.488323063060077,8.68,4.44
"543","2021",2021-07-09,190,-0.376796957366809,0.548555043955409,8.07,4.63
"544","2021",2021-07-10,191,-0.385448958939197,0.428091082164744,7.65,4.27
"545","2021",2021-07-11,192,-0.368144955794421,0.387936428234522,7.62,4.35
"546","2021",2021-07-12,193,-0.359492954222033,0.287549793408968,7.63,3.74
"547","2021",2021-07-13,194,-0.342188951077256,0.327704447339189,7.55,4.19
"548","2021",2021-07-14,195,-0.255668935353375,0.950101583257626,7.57,4.96
"549","2021",2021-07-15,196,-0.18645292277427,0.849714948432072,7.51,4.9
"550","2021",2021-07-16,197,-0.212408927491434,0.769405640571629,7.46,4.78
"551","2021",2021-07-17,198,-0.238364932208599,0.608787024850742,7.62,4.14
"552","2021",2021-07-18,199,-0.290276941642927,0.327704447339189,7.4,3.71
"553","2021",2021-07-19,200,-0.255668935353375,0.066699196792748,7.2,3.35
"554","2021",2021-07-20,201,-0.221060929063822,-0.093919418928139,7.29,3.58
"555","2021",2021-07-21,202,-0.195104924346658,0.187163158583413,7.51,3.6
"556","2021",2021-07-22,203,0.14232313697648,0.970178910222737,7.67,4.36
"557","2021",2021-07-23,204,-0.22971293063621,0.327704447339189,7.57,4.15
"558","2021",2021-07-24,205,-0.203756925919046,0.56863237092052,7.77,4.53
"559","2021",2021-07-25,206,-0.203756925919046,0.287549793408968,7.59,4.31
"560","2021",2021-07-26,207,-0.203756925919046,0.0867765237578589,6.94,3.77
"561","2021",2021-07-27,208,-0.203756925919046,0.287549793408968,6.86,3.83
"562","2021",2021-07-28,209,-0.203756925919046,0.0466218698276373,6.71,3.44
"563","2021",2021-07-29,210,-0.143192914912329,0.287549793408968,6.97,3.7
"564","2021",2021-07-30,211,-0.195104924346658,0.167085831618302,7.03,3.5
"565","2021",2021-07-31,212,-0.177800921201881,0.207240485548524,7.15,3.53
"566","2021",2021-08-01,213,-0.203756925919046,0.247395139478746,7.18,3.36
"567","2021",2021-08-02,214,-0.238364932208599,0.126931177688081,6.68,2.99
"568","2021",2021-08-03,215,-0.255668935353375,-0.11399674589325,6.67,2.99
"569","2021",2021-08-04,216,-0.290276941642927,-0.254538034649026,6.52,2.92
"570","2021",2021-08-05,217,-0.272972938498151,0.066699196792748,6.83,3.11
"571","2021",2021-08-06,218,-0.298928943215316,0.227317812513635,6.86,3.25
"572","2021",2021-08-07,219,-0.290276941642927,0.408013755199633,6.96,3.16
"573","2021",2021-08-08,220,-0.307580944787704,0.548555043955409,7.09,3.07
"574","2021",2021-08-09,221,-0.316232946360092,0.749328313606518,7.13,3.13
"575","2021",2021-08-10,222,-0.255668935353375,0.78948296753674,6.98,3.49
"576","2021",2021-08-11,223,-0.195104924346658,1.01033356415296,7.12,3.48
"577","2021",2021-08-12,224,0.0125431133906579,1.41188010345518,7.01,4.41
"578","2021",2021-08-13,225,-0.0480208976160591,1.13079752594362,6.87,4.48
"579","2021",2021-08-14,226,-0.177800921201881,0.990256237187848,6.62,4.44
"580","2021",2021-08-15,227,-0.151844916484717,1.21110683380407,6.67,4.95
"581","2021",2021-08-16,228,-0.18645292277427,0.889869602362294,6.81,4.54
"582","2021",2021-08-17,229,-0.221060929063822,0.588709697885631,6.79,4.02
"583","2021",2021-08-18,230,-0.238364932208599,0.307627120374079,6.64,4.03
"584","2021",2021-08-19,231,-0.169148919629493,0.267472466443857,6.51,3.84
"585","2021",2021-08-20,232,-0.0393688960436709,0.287549793408968,6.47,4.02
"586","2021",2021-08-21,233,-0.0653249007608354,0.56863237092052,6.7,4.02
"587","2021",2021-08-22,234,-0.0566728991884473,0.508400390025187,6.71,3.89
"588","2021",2021-08-31,243,NA,NA,NA,NA
"589","2021",2021-09-01,244,-0.238364932208599,0.648941678780963,6.83,2.85
"590","2021",2021-09-02,245,-0.203756925919046,0.829637621466961,6.82,3.01
"591","2021",2021-09-03,246,-0.177800921201881,1.01033356415296,7.07,2.87
"592","2021",2021-09-04,247,-0.151844916484717,1.13079752594362,7.14,2.6
"593","2021",2021-09-05,248,-0.169148919629493,1.05048821808318,7.08,2.59
"594","2021",2021-09-06,249,-0.151844916484717,0.970178910222737,6.85,2.63
"595","2021",2021-09-07,250,-0.125888911767552,1.07056554504829,7.02,2.73
"596","2021",2021-09-08,251,-0.0566728991884473,1.29141614166451,7.1,2.77
"597","2021",2021-09-09,252,-0.0220648928988946,1.33157079559473,6.96,2.96
"598","2021",2021-09-10,253,-0.0134128913265065,1.15087485290874,6.86,3.03
"599","2021",2021-09-11,254,-0.0653249007608354,1.05048821808318,6.4,2.94
"600","2021",2021-09-12,255,-0.0480208976160591,1.11072019897851,5.92,3.03
"601","2021",2021-09-13,256,-0.0826289039056118,1.23118416076918,6.07,2.75
"602","2021",2021-09-14,257,-0.160496918057105,1.23118416076918,6.18,2.56
"603","2021",2021-09-15,258,-0.0826289039056118,1.2713388146994,6.02,2.55
"604","2021",2021-09-16,259,-0.0307168944712828,1.41188010345518,6.1,2.52
"605","2021",2021-09-17,260,-0.0134128913265065,1.47211208435051,6.07,2.58
"606","2021",2021-09-18,261,-0.0566728991884473,1.17095217987385,5.96,2.47
"607","2021",2021-09-19,262,-0.0912809054779999,1.03041089111807,5.98,2.35
"608","2021",2021-09-20,263,-0.0566728991884473,1.29141614166451,6.12,2.4
"609","2021",2021-09-21,264,0.0125431133906579,1.37172544952496,6.12,2.49
"610","2021",2021-09-22,265,0.0384991181078224,1.49218941131562,6.14,2.58
"611","2021",2021-09-23,266,0.0211951149630461,1.59257604614117,6.18,2.57
"612","2021",2021-09-24,267,0.0471511196802106,1.67288535400162,6.28,2.6
"613","2021",2021-09-25,268,0.0384991181078224,1.71304000793184,6.35,2.67
"614","2021",2021-09-26,269,0.116367132259316,1.83350396972251,6.31,2.66
"615","2021",2021-09-27,270,0.14232313697648,1.65280802703651,6.19,2.58
"616","2021",2021-09-28,271,0.0904111275421514,1.43195743042029,6.19,2.64
"617","2021",2021-09-29,272,-0.0134128913265065,1.07056554504829,6.1,2.43
"618","2021",2021-09-30,273,-0.0047608897541184,1.0906428720134,6.15,2.53
"619","2021",2021-10-01,274,0.0298471165354342,0.78948296753674,6.11,2.55
"620","2021",2021-10-02,275,0.194235146410809,0.428091082164744,5.88,2.78
"621","2021",2021-10-03,276,0.23749515427275,0.528477716990298,5.96,2.78
"622","2021",2021-10-04,277,0.133671135404092,0.809560294501851,6.13,2.67
"623","2021",2021-10-05,278,0.125019133831704,1.0906428720134,6.12,2.72
"624","2021",2021-10-06,279,-0.108584908622776,0.689096332711185,6.22,2.15
"625","2021",2021-10-07,280,-0.0566728991884473,0.990256237187848,6.28,2.19
"626","2021",2021-10-08,281,0.00389111181826975,1.19102950683896,6.18,2.5
"627","2021",2021-10-09,282,-0.151844916484717,0.889869602362294,6.14,2.42
"628","2021",2021-10-10,283,-0.255668935353375,0.648941678780963,6.46,1.9
"629","2021",2021-10-11,284,-0.160496918057105,0.729250986641407,6.4,2.01
"630","2021",2021-10-12,285,-0.281624940070539,0.56863237092052,6.47,1.88
"631","2021",2021-10-13,286,-0.290276941642927,0.468245736094966,6.5,1.83
"632","2021",2021-10-14,287,-0.290276941642927,0.327704447339189,6.52,1.84
"633","2021",2021-10-15,288,-0.143192914912329,0.769405640571629,6.51,1.98
"634","2021",2021-10-16,289,-0.221060929063822,0.528477716990298,6.58,2.06
"635","2021",2021-10-17,290,-0.177800921201881,0.548555043955409,6.55,2.1
"636","2021",2021-10-18,291,-0.0566728991884473,0.628864351815853,6.44,2.13
"637","2021",2021-10-19,292,-0.151844916484717,0.448168409129855,6.64,2.07
"638","2021",2021-10-20,293,-0.0999329070503881,0.588709697885631,6.6,2.05
"639","2021",2021-10-21,294,-0.143192914912329,0.669019005746074,6.66,2.01
"640","2021",2021-10-22,295,-0.18645292277427,0.508400390025187,6.7,1.97
"641","2021",2021-10-23,296,-0.272972938498151,0.00646721589741552,6.69,1.84
"642","2021",2021-10-24,297,-0.342188951077256,-0.11399674589325,6.89,1.78
"643","2021",2021-10-25,298,-0.307580944787704,0.00646721589741552,6.92,2.06
"644","2021",2021-10-26,299,-0.290276941642927,-0.073842091963028,6.81,1.97
"645","2021",2021-10-27,300,-0.359492954222033,-0.234460707683915,7.02,1.81
"646","2021",2021-10-28,301,-0.428708966801138,-0.395079323404802,7.14,1.77
"647","2021",2021-10-29,302,-0.463316973090691,-0.475388631265245,7.25,1.72
"648","2021",2021-10-30,303,-0.463316973090691,-0.535620612160578,7.24,1.62
"649","2021",2021-10-31,304,-0.463316973090691,-0.535620612160578,7.21,1.58
"650","2021",2021-11-01,305,-0.446012969945914,-0.535620612160578,7.18,1.64
"651","2021",2021-11-02,306,-0.471968974663079,-0.636007246986133,7.26,1.5
"652","2021",2021-11-03,307,-0.463316973090691,-0.475388631265245,7.3,1.39
"653","2021",2021-11-04,308,-0.480620976235467,-0.415156650369913,7.34,1.32
"654","2021",2021-11-05,309,-0.515228982525019,-0.475388631265245,7.36,1.35
"655","2021",2021-11-06,310,-0.523880984097408,-0.555697939125689,7.34,1.4
"656","2021",2021-11-07,311,-0.523880984097408,-0.595852593055911,7.41,1.53
"657","2022",2022-04-13,103,NA,NA,NA,NA
"658","2022",2022-04-14,104,NA,NA,NA,NA
"659","2022",2022-04-15,105,NA,NA,NA,NA
"660","2022",2022-04-16,106,NA,NA,NA,NA
"661","2022",2022-04-17,107,NA,NA,NA,NA
"662","2022",2022-04-18,108,NA,NA,NA,NA
"663","2022",2022-04-19,109,NA,NA,NA,NA
"664","2022",2022-04-20,110,3.65242375012576,0.793814080272453,6.72,1.56
"665","2022",2022-04-21,111,2.65546568213387,0.698478348366198,6.73,1.57
"666","2022",2022-04-22,112,3.11406639341014,0.717545494747449,5.66,1.55
"667","2022",2022-04-23,113,2.4560740685355,0.584075470078693,4.31,1.58
"668","2022",2022-04-24,114,2.25668245493712,0.488739738172438,4.87,1.55
"669","2022",2022-04-25,115,3.02434016729087,0.584075470078693,3.93,1.64
"670","2022",2022-04-26,116,2.89473561845192,0.584075470078693,3.53,1.6
"671","2022",2022-04-27,117,2.71528316621338,0.52687403093494,5.79,1.7
"672","2022",2022-04-28,118,2.6155873594142,0.450605445409936,4.52,1.66
"673","2022",2022-04-29,119,2.4062261651359,0.412471152647434,4.97,1.61
"674","2022",2022-04-30,120,2.31649993901663,0.374336859884932,5.7,1.55
"675","2022",2022-05-01,121,2.57570903669452,0.374336859884932,6.72,1.49
"676","2022",2022-05-02,122,3.66239333080567,0.641276909222446,6.68,1.54
"677","2022",2022-05-03,123,3.05424890933062,0.507806884553689,6.57,1.59
"678","2022",2022-05-04,124,2.10713874473834,0.279001127978677,5.96,1.42
"679","2022",2022-05-05,125,2.4560740685355,0.279001127978677,5.33,2.56
"680","2022",2022-05-06,126,1.57875096870264,0.107396810547418,6.03,2.29
"681","2022",2022-05-07,127,0.621671223430431,-0.216744677933848,5.9,2.12
"682","2022",2022-05-08,128,2.21680413221744,0.240866835216175,6.03,2.55
"683","2022",2022-05-09,129,0.930728224507915,-0.0260732141213387,6.02,2.31
"684","2022",2022-05-10,130,2.26665203561704,0.164598249691171,5.87,2.47
"685","2022",2022-05-11,131,3.10409681273022,0.374336859884932,5.8,2.53
"686","2022",2022-05-12,132,2.36634784241623,0.0501953714036653,5.9,2.4
"687","2022",2022-05-13,133,2.28659119697688,-0.0832746532650915,5.81,2.34
"688","2022",2022-05-14,134,-0.145986488923318,-0.712490483846374,6.05,1.81
"689","2022",2022-05-15,135,-0.764100491078286,-0.84596050851513,5.96,1.65
"690","2022",2022-05-16,136,-0.614556780879503,-0.769691922990127,6.13,1.74
"691","2022",2022-05-17,137,-0.903674620597149,-0.82689336213388,6.04,1.58
"692","2022",2022-05-18,138,-0.963492104676662,-0.769691922990127,6.08,1.65
"693","2022",2022-05-19,139,-0.913644201277068,-0.731557630227625,6.01,1.71
"694","2022",2022-05-20,140,-0.9834312660365,-0.731557630227625,6.15,1.65
"695","2022",2022-05-21,141,-1.01334000807626,-0.750624776608876,6.07,1.67
"696","2022",2022-05-22,142,-0.9834312660365,-0.712490483846374,6,1.59
"697","2022",2022-05-23,143,-0.9834312660365,-0.731557630227625,5.96,1.34
"698","2022",2022-05-24,144,-0.943552943316824,-0.712490483846374,6.07,1.31
"699","2022",2022-05-25,145,-0.89370503991723,-0.655289044702621,5.94,1.4
"700","2022",2022-05-26,146,-0.883735459237312,-0.617154751940119,5.81,1.68
"701","2022",2022-05-27,147,-0.883735459237312,-0.674356191083872,5.82,1.46
"702","2022",2022-05-28,148,-0.853826717197555,-0.655289044702621,5.91,1.57
"703","2022",2022-05-29,149,-0.863796297877474,-0.674356191083872,5.84,1.59
"704","2022",2022-05-30,150,-0.89370503991723,-0.712490483846374,5.88,1.54
"705","2022",2022-05-31,151,-0.873765878557393,-0.693423337465123,5.86,1.83
"706","2022",2022-06-01,152,-0.843857136517636,-0.712490483846374,5.82,2.04
"707","2022",2022-06-02,153,-0.863796297877474,-0.807826215752628,NA,1.3
"708","2022",2022-06-03,154,-0.803978813797961,-0.84596050851513,NA,1.07
"709","2022",2022-06-04,155,-0.654435103599179,-0.63622189832137,NA,1.74
"710","2022",2022-06-05,156,-0.664404684279097,-0.712490483846374,5.68,1.98
"711","2022",2022-06-06,157,-0.654435103599179,-0.674356191083872,5.82,1.97
"712","2022",2022-06-08,159,-0.285560618442182,-0.464617580890111,5.91,2.06
"713","2022",2022-06-09,160,-0.375286844561451,-0.617154751940119,5.66,2.13
"714","2022",2022-06-10,161,-0.106108166203643,-0.350214702602605,5.53,2.7
"715","2022",2022-06-11,162,0.12319218943449,-0.331147556221354,5.64,2.53
"716","2022",2022-06-12,163,0.242827157593516,-0.159543238790095,6.33,2.25
"717","2022",2022-06-13,164,NA,-0.102341799646342,6.22,2.24
"718","2022",2022-06-14,165,0.12319218943449,-0.350214702602605,6.15,1.87
"719","2022",2022-06-15,166,0.0035572212754641,-0.350214702602605,6.05,2.07
"720","2022",2022-06-16,167,-0.0163819400843736,-0.121408946027593,5.66,3.42
"721","2022",2022-06-17,168,0.0833138667148146,-0.0832746532650915,5.69,3.94
"722","2022",2022-06-18,169,0.0035572212754641,-0.121408946027593,5.39,3.92
"723","2022",2022-06-19,170,-0.195834392322912,-0.178610385171346,5.72,3.88
"724","2022",2022-06-20,171,-0.345378102521695,-0.293013263458852,5.42,3.79
"725","2022",2022-06-21,172,-0.415165167281127,-0.293013263458852,5.64,4.38
"726","2022",2022-06-22,173,-0.295530199122101,-0.407416141746358,5.51,4.65
"727","2022",2022-06-23,174,-0.375286844561451,-0.502751873652613,5.47,4.5
"728","2022",2022-06-24,175,-0.415165167281127,-0.540886166415115,5.61,4.67
"729","2022",2022-06-25,176,-0.345378102521695,-0.273946117077601,5.79,5.09
"730","2022",2022-06-26,177,NA,-0.0642075068838405,5.48,5.07
"731","2022",2022-06-27,178,-0.335408521841776,-0.0642075068838405,5.83,4.99
"732","2022",2022-06-28,179,-0.185864811642994,0.107396810547418,5.68,5.06
"733","2022",2022-06-29,180,-0.0263515207642924,0.164598249691171,5.3,4.24
"734","2022",2022-06-30,181,-0.245682295722507,0.374336859884932,5.33,3.85
"735","2022",2022-07-01,182,-0.0163819400843736,0.279001127978677,5.27,3.79
"736","2022",2022-07-02,183,-0.155956069603237,0.259933981597426,5.18,3.69
"737","2022",2022-07-05,186,-0.564708877479909,-0.293013263458852,5.06,2.94
"738","2022",2022-07-06,187,-0.455043490000802,0.0883296641661673,5.51,3.26
"739","2022",2022-07-07,188,-0.564708877479909,-0.0832746532650915,5.42,3.19
"740","2022",2022-07-08,189,-0.375286844561451,0.0120610786411633,5.9,2.34
"741","2022",2022-07-09,190,-0.465013070680721,-0.0642075068838405,5.81,9.82
"742","2022",2022-07-10,191,-0.395226005921289,-0.140476092408844,5.81,27.72
"743","2022",2022-07-11,192,-0.205803973002831,-0.0642075068838405,5.97,26.51
"744","2022",2022-07-12,193,0.0534051246750581,0.107396810547418,5.97,37.59
"745","2022",2022-07-13,194,0.551884158670999,0.355269713503681,6.1,41.79
"746","2022",2022-07-14,195,NA,NA,NA,NA
"747","2022",2022-07-15,196,NA,NA,NA,NA
"748","2022",2022-07-16,197,NA,NA,NA,NA
"749","2022",2022-07-17,198,NA,NA,NA,NA
"750","2022",2022-07-18,199,NA,NA,NA,NA
"751","2022",2022-07-19,200,-0.275591037762263,-0.197677531552597,5.63,2.5
"752","2022",2022-07-20,201,-0.185864811642994,0.14553110330992,5.97,2.52
"753","2022",2022-07-21,202,-0.116077746883562,0.259933981597426,5.99,2.54
"754","2022",2022-07-22,203,-0.195834392322912,0.393404006266183,5.92,2.41
"755","2022",2022-07-23,204,-0.116077746883562,0.52687403093494,5.85,2.34
"756","2022",2022-07-24,205,0.202948834873841,1.21329130065997,5.73,2.39
"757","2022",2022-07-25,206,0.192979254193922,1.91877571676626,5.35,2.46
"758","2022",2022-07-26,207,0.402340448472217,2.87213303582881,5.07,2.47
"759","2022",2022-07-27,208,0.442218771191892,3.15814023154757,5.18,2.84
"760","2022",2022-07-28,209,0.541914577991081,3.95896037956012,5.05,3.31
"761","2022",2022-07-29,210,0.791154094989051,4.77884767395391,4.89,3.91
"762","2022",2022-07-30,211,1.63856845278215,6.79996519036651,4.9,4.68
"763","2022",2022-07-31,212,2.58567861737444,8.38253834001034,5.02,6.01
"764","2022",2022-08-01,213,-0.365317263881533,0.0883296641661673,4.98,3.15
"765","2022",2022-08-02,214,-0.455043490000802,-0.159543238790095,5.14,2.92
"766","2022",2022-08-03,215,-0.315469360481938,0.0692625177849163,5.22,2.96
"767","2022",2022-08-04,216,-0.405195586601208,-0.140476092408844,5.02,2.73
"768","2022",2022-08-05,217,-0.465013070680721,-0.312080409840103,4.85,2.71
"769","2022",2022-08-06,218,-0.544769716120071,-0.674356191083872,4.8,2.47
"770","2022",2022-08-07,219,-0.38525642524137,-0.426483288127609,4.86,2.55
"771","2022",2022-08-08,220,-0.445073909320883,-0.25487897069635,4.92,2.52
"772","2022",2022-08-09,221,-0.574678458159828,-0.407416141746358,4.78,2.47
"773","2022",2022-08-10,222,-0.544769716120071,-0.426483288127609,4.87,2.73
"774","2022",2022-08-11,223,-0.534800135440153,-0.559953312796366,4.85,2.8
"775","2022",2022-08-12,224,-0.30549977980202,-0.0260732141213387,5.57,2.73
"776","2022",2022-08-13,225,-0.395226005921289,-0.0260732141213387,5.85,2.11
"777","2022",2022-08-14,226,-0.405195586601208,0.164598249691171,5.88,2.01
"778","2022",2022-08-15,227,-0.405195586601208,0.107396810547418,5.74,2.09
"779","2022",2022-08-16,228,-0.504891393400396,-0.00700606774008769,5.74,2.02
"780","2022",2022-08-17,229,-0.514860974080315,-0.159543238790095,5.64,2.03
"781","2022",2022-08-18,230,-0.514860974080315,-0.388348995365107,5.6,2.16
"782","2022",2022-08-19,231,-0.494921812720477,-0.350214702602605,5.65,2.12
"783","2022",2022-08-20,232,-0.435104328640964,-0.102341799646342,5.7,2.14
"784","2022",2022-08-21,233,-0.47498265136064,-0.0451403605025895,5.69,2.08
"785","2022",2022-08-22,234,-0.584648038839747,-0.216744677933848,5.58,2
"786","2022",2022-08-23,235,-0.64446552291926,-0.426483288127609,5.42,1.94
"787","2022",2022-08-24,236,-0.674374264959016,-0.579020459177617,5.42,1.94
"788","2022",2022-08-25,237,-0.584648038839747,-0.464617580890111,5.48,1.99
"789","2022",2022-08-26,238,-0.64446552291926,-0.483684727271362,5.35,1.98
"790","2022",2022-08-27,239,-0.594617619519666,-0.350214702602605,5.62,1.92
"791","2022",2022-08-28,240,-0.504891393400396,-0.25487897069635,5.73,1.82
"792","2022",2022-08-29,241,-0.524830554760234,-0.197677531552597,5.71,1.91
"793","2022",2022-08-30,242,-0.494921812720477,-0.140476092408844,5.79,1.91
"794","2022",2022-08-31,243,-0.494921812720477,-0.178610385171346,5.69,1.91
"795","2022",2022-09-01,244,-0.47498265136064,-0.25487897069635,5.64,1.88
"796","2022",2022-09-02,245,-0.465013070680721,-0.121408946027593,5.74,1.91
"797","2022",2022-09-03,246,-0.355347683201614,0.0120610786411633,5.86,1.95
"798","2022",2022-09-04,247,-0.415165167281127,0.107396810547418,5.95,1.87
"799","2022",2022-09-05,248,-0.415165167281127,0.14553110330992,5.94,1.82
"800","2022",2022-09-06,249,-0.544769716120071,-0.0451403605025895,5.81,1.66
"801","2022",2022-09-07,250,-0.574678458159828,-0.293013263458852,5.67,1.79
"802","2022",2022-09-08,251,-0.55473929679999,-0.407416141746358,5.73,1.85
"803","2022",2022-09-09,252,-0.524830554760234,-0.293013263458852,5.87,1.76
"804","2022",2022-09-10,253,-0.514860974080315,-0.312080409840103,5.84,1.68
"805","2022",2022-09-11,254,-0.455043490000802,-0.140476092408844,6.06,1.79
"806","2022",2022-09-12,255,-0.435104328640964,-0.102341799646342,6.6,2.09
"807","2022",2022-09-13,256,-0.564708877479909,-0.235811824315099,6.23,1.74
"808","2022",2022-09-14,257,-0.445073909320883,-0.159543238790095,6.19,1.82
"809","2022",2022-09-15,258,-0.355347683201614,-0.0832746532650915,6.18,1.78
"810","2022",2022-09-16,259,-0.245682295722507,0.0120610786411633,6.12,1.87
"811","2022",2022-09-17,260,-0.285560618442182,0.0501953714036653,6.21,1.72
"812","2022",2022-09-18,261,-0.21577355368275,0.107396810547418,6.08,1.77
"813","2022",2022-09-19,262,-0.355347683201614,-0.0451403605025895,5.85,1.83
"814","2022",2022-09-20,263,-0.345378102521695,0.0120610786411633,6.1,1.61
"815","2022",2022-09-21,264,-0.265621457082344,0.107396810547418,6.22,1.6
"816","2022",2022-09-22,265,-0.285560618442182,0.14553110330992,6.22,1.6
"817","2022",2022-09-23,266,-0.21577355368275,0.202732542453673,6.2,1.76
"818","2022",2022-09-24,267,-0.245682295722507,0.317135420741179,6.35,1.64
"819","2022",2022-09-25,268,-0.275591037762263,0.317135420741179,6.42,1.68
"820","2022",2022-09-26,269,-0.275591037762263,0.374336859884932,6.46,1.77
"821","2022",2022-09-27,270,-0.1360169082434,0.584075470078693,6.5,1.92
"822","2022",2022-09-28,271,-0.0961385855237242,0.622209762841195,6.49,1.98
"823","2022",2022-09-29,272,-0.116077746883562,0.584075470078693,6.44,1.97
"824","2022",2022-09-30,273,-0.335408521841776,0.317135420741179,6.48,1.8
"825","2022",2022-10-01,274,-0.265621457082344,0.298068274359928,6.58,1.72
"826","2022",2022-10-02,275,-0.225743134362669,0.33620256712243,6.6,1.8
"827","2022",2022-10-03,276,-0.175895230963075,0.221799688834924,6.42,1.92
"828","2022",2022-10-04,277,-0.185864811642994,0.164598249691171,6.38,1.93
"829","2022",2022-10-05,278,-0.165925650283156,0.164598249691171,6.39,2.24
"830","2022",2022-10-06,279,-0.255651876402425,0.183665396072422,6.64,1.89
"831","2022",2022-10-07,280,-0.295530199122101,0.183665396072422,6.69,1.89
"832","2022",2022-10-08,281,-0.365317263881533,0.14553110330992,6.72,1.93
"833","2022",2022-10-09,282,-0.345378102521695,0.126463956928669,6.69,1.94
"834","2022",2022-10-10,283,-0.375286844561451,-0.140476092408844,6.78,1.79
"835","2022",2022-10-11,284,-0.504891393400396,-0.331147556221354,6.95,1.67
"836","2022",2022-10-12,285,-0.494921812720477,-0.350214702602605,6.98,1.72
"837","2022",2022-10-13,286,-0.544769716120071,-0.407416141746358,7.07,1.74
"838","2022",2022-10-14,287,-0.494921812720477,-0.388348995365107,7.11,1.83
"839","2022",2022-10-15,288,-0.55473929679999,-0.483684727271362,7.14,1.76
"840","2022",2022-10-16,289,-0.594617619519666,-0.502751873652613,7.17,1.63
"841","2022",2022-10-17,290,-0.654435103599179,-0.579020459177617,7.26,1.67
"842","2022",2022-10-18,291,-0.664404684279097,-0.598087605558868,7.29,1.69
"843","2022",2022-10-19,292,-0.714252587678691,-0.674356191083872,7.32,1.47
"844","2022",2022-10-20,293,-0.624526361559422,-0.693423337465123,7.16,1.32
"845","2022",2022-10-21,294,-0.614556780879503,-0.674356191083872,7.32,1.31
"846","2022",2022-10-22,295,-0.664404684279097,-0.693423337465123,7.33,1.26
"847","2022",2022-10-23,296,-0.594617619519666,-0.674356191083872,7.31,1.27
"848","2022",2022-10-24,297,-0.64446552291926,-0.712490483846374,7.33,1.23
"849","2022",2022-10-25,298,-0.55473929679999,-0.693423337465123,7.36,1.23
"850","2022",2022-10-26,299,-0.544769716120071,-0.693423337465123,7.35,1.26
"851","2022",2022-10-27,300,-0.405195586601208,-0.63622189832137,7.31,1.29
"852","2022",2022-10-28,301,-0.47498265136064,-0.579020459177617,7.17,1.18
"853","2022",2022-10-29,302,-0.47498265136064,-0.483684727271362,7.16,1.16
"854","2022",2022-10-30,303,-0.116077746883562,-0.331147556221354,7.15,1.2
"855","2022",2022-10-31,304,0.97060654722759,0.0883296641661673,7,1.34
"856","2022",2022-11-01,305,0.442218771191892,-0.00700606774008769,7.04,1.48
"857","2022",2022-11-02,306,0.452188351871811,-0.00700606774008769,7.14,1.61
"858","2022",2022-11-03,307,0.202948834873841,-0.197677531552597,7.26,1.36
"859","2022",2022-11-04,308,-0.145986488923318,-0.388348995365107,7.3,1.23
"860","2022",2022-11-05,309,-0.21577355368275,-0.388348995365107,7.31,1.28
"861","2022",2022-11-06,310,0.0534051246750581,-0.312080409840103,7.29,1.53
"862","2022",2022-11-07,311,-0.165925650283156,-0.369281848983856,7.27,1.41
"863","2022",2022-11-08,312,-0.325438941161857,-0.407416141746358,7.29,1.43
"864","2022",2022-11-09,313,-0.165925650283156,-0.350214702602605,7.27,1.5
"865","2022",2022-11-10,314,-0.345378102521695,-0.388348995365107,7.26,1.46
"866","2022",2022-11-11,315,-0.425134747961046,-0.464617580890111,7.26,1.42
"867","2022",2022-11-12,316,-0.365317263881533,-0.407416141746358,7.27,1.5
"868","2022",2022-11-13,317,-0.325438941161857,-0.350214702602605,7.24,1.56
"869","2022",2022-11-14,318,-0.375286844561451,-0.407416141746358,7.24,1.47
"870","2022",2022-11-15,319,-0.345378102521695,-0.388348995365107,7.29,1.46
"871","2022",2022-11-16,320,-0.285560618442182,-0.388348995365107,7.32,1.49
"872","2022",2022-11-17,321,-0.205803973002831,-0.293013263458852,7.33,1.59
"873","2022",2022-11-18,322,-0.126047327563481,-0.235811824315099,7.38,1.71
"874","2022",2022-11-19,323,-0.0861690048438054,-0.197677531552597,7.41,1.81
"875","2022",2022-11-20,324,-0.0861690048438054,-0.159543238790095,7.4,1.78
"876","2022",2022-11-21,325,0.0135268019553829,-0.121408946027593,7.44,1.82
"877","2022",2022-11-22,326,0.183009673514003,-0.0260732141213387,7.42,1.85
"878","2022",2022-11-23,327,0.12319218943449,0.0692625177849163,7.39,1.95
"879","2022",2022-11-24,328,0.12319218943449,0.126463956928669,7.4,2.03
"880","2022",2022-11-25,329,0.252796738273435,-0.00700606774008769,7.42,1.87
"881","2022",2022-11-26,330,0.312614222352948,0.0120610786411633,7.4,1.91
"882","2022",2022-11-27,331,0.492066674591487,0.0501953714036653,7.43,1.96
"883","2022",2022-11-28,332,0.561853739350918,0.0311282250224143,7.41,1.93
