"","year","sampledate","doy","scaled_chlor_rfu_corr","scaled_phyco_rfu_corr","avg_fdom_corr","avg_turbidity"
"1","2019",2019-04-16,106,1.76569265473609,-0.0564723840151982,9.68586387434555,2.31
"2","2019",2019-04-17,107,2.70065545690447,-0.00133935080436172,9.88231221876082,2.48
"3","2019",2019-04-18,108,2.86324020996923,-0.003717972348988,9.8961038961039,2.56
"4","2019",2019-04-19,109,2.33932728013514,-0.0300102670657933,9.87128196208036,2.57
"5","2019",2019-04-20,110,1.26662636284325,-0.115258033039417,9.54649726486677,1.95
"6","2019",2019-04-21,111,1.00727862035118,-0.134643981679337,9.61708134815599,1.83
"7","2019",2019-04-22,112,1.57383454108375,-0.0905462628675332,9.85606459540109,2.04
"8","2019",2019-04-23,113,1.18257690967468,-0.127633256135336,9.69852356113518,1.85
"9","2019",2019-04-24,114,0.647062710183474,-0.180266386295016,9.54675231977159,1.64
"10","2019",2019-04-25,115,0.868715820520592,-0.168615727428053,9.56303724928367,1.47
"11","2019",2019-04-26,116,0.838790437966607,-0.165445381703004,9.73609129814551,1.55
"12","2019",2019-04-27,117,0.782356016501265,-0.177768318157072,9.72259388100972,1.45
"13","2019",2019-04-28,118,0.450888197470526,-0.205009029473033,9.59356855739169,1.32
"14","2019",2019-04-29,119,0.502056377137066,-0.197120797928177,9.70155902004454,1.25
"15","2019",2019-04-30,120,0.496674257184105,-0.201601266199769,9.78840682788051,1.21
"16","2019",2019-05-01,121,0.352911016306694,-0.213791115289629,9.76975731176105,1.2
"17","2019",2019-05-02,122,0.253396424744092,-0.22168728913546,9.62566844919786,1.07
"18","2019",2019-05-03,123,0.237731902236345,-0.215979906231975,9.33991917377638,1.04
"19","2019",2019-05-04,124,-0.00428145756575225,-0.259683694945145,9.22325707568496,0.94
"20","2019",2019-05-05,125,0.191432494077675,-0.235829615458303,9.26178153091801,1.16
"21","2019",2019-05-06,126,0.467533613283304,-0.203538615253443,9.36761766309286,1.28
"22","2019",2019-05-07,127,0.0843479992686915,-0.249840055310351,9.47987336047038,1.12
"23","2019",2019-05-08,128,-0.0129898298474399,-0.26405408568155,9.76939578119414,1.02
"24","2019",2019-05-09,129,0.0397163462575487,-0.255261324568137,9.68320918962577,1.07
"25","2019",2019-05-10,130,0.0045672864778865,-0.259051234205156,9.52552769258524,1.11
"26","2019",2019-05-11,131,0.0223264909118024,-0.257526205492327,9.47940244454504,1.12
"27","2019",2019-05-12,132,-0.0530828787888377,-0.267497021967148,9.50742484607026,1.06
"28","2019",2019-05-13,133,-0.124804147408631,-0.279112523369249,9.3277464018947,0.99
"29","2019",2019-05-14,134,-0.0854420996083851,-0.284281593037538,9.12183908045977,0.93
"30","2019",2019-05-15,135,-0.234141791734551,-0.328538818953238,8.90847711927982,0.8
"31","2019",2019-05-16,136,-0.214458468900199,-0.316308863302722,9.12480193867089,0.83
"32","2019",2019-05-17,137,-0.321351681134327,-0.321293365614357,9.32618541454848,0.79
"33","2019",2019-05-18,138,-0.355474606877359,-0.319403925625446,9.37241569420197,0.76
"34","2019",2019-05-19,139,-0.368877688068763,-0.321838872434074,9.43413558699247,0.74
"35","2019",2019-05-20,140,-0.391847370100277,-0.32727564156981,9.436218155063,0.76
"36","2019",2019-05-21,141,-0.404175040877631,-0.323796699500499,9.50939935809262,0.79
"37","2019",2019-05-22,142,-0.425895529435585,-0.325747716110266,9.59355547418528,0.73
"38","2019",2019-05-23,143,-0.438275149060599,-0.338437883728294,9.47504382323092,0.71
"39","2019",2019-05-24,144,-0.444888313795382,-0.345129616907878,9.43641082684464,0.61
"40","2019",2019-05-25,145,-0.452238216377328,-0.352410073003769,9.39278052420483,0.53
"41","2019",2019-05-26,146,-0.465049540056793,-0.377024374876332,9.01148988700029,0.42
"42","2019",2019-05-27,147,-0.461891606746967,-0.369283561855271,9.29925492785061,0.42
"43","2019",2019-05-28,148,-0.460371940810123,-0.365486798610249,9.44726452340666,0.41
"44","2019",2019-05-29,149,-0.469701594805322,-0.38224041185964,9.28686734403191,0.39
"45","2019",2019-05-30,150,-0.468992640528278,-0.402659991388267,9.37318630295995,0.45
"46","2019",2019-05-31,151,-0.472315238339096,-0.401456166551442,9.61519915131642,0.42
"47","2019",2019-06-01,152,-0.463625881880273,-0.402115435758492,9.73724884080371,0.4
"48","2019",2019-06-02,153,-0.445599842706183,-0.397615807327528,9.80543993805053,0.43
"49","2019",2019-06-03,154,-0.453635039763709,-0.396349759311143,9.57159397915863,0.38
"50","2019",2019-06-04,155,-0.444095309183637,-0.39627328820188,9.59868801852209,0.36
"51","2019",2019-06-05,156,-0.431307253231292,-0.410036601791517,9.55083667677855,0.4
"52","2019",2019-06-06,157,-0.440092742962613,-0.432100773578188,8.96655017473789,0.3
"53","2019",2019-06-07,158,-0.425120380672552,-0.434539442239189,9.07004589902215,0.3
"54","2019",2019-06-08,159,-0.417358603363746,-0.426124685823996,9.37469031810524,0.34
"55","2019",2019-06-09,160,-0.377140285010282,-0.430088438152625,9.24184836967394,0.33
"56","2019",2019-06-10,161,-0.375600016887419,-0.428331925953775,9.41328817611316,0.39
"57","2019",2019-06-11,162,-0.272792956903891,-0.411425126677574,9.38215102974828,0.53
"58","2019",2019-06-12,163,-0.387461273385724,-0.414416381535705,9.53417070517259,0.48
"59","2019",2019-06-13,164,-0.413141619241079,-0.411042184982099,9.5154012164018,0.5
"60","2019",2019-06-14,165,-0.421554068635143,-0.404502978405194,9.5177540839284,0.51
"61","2019",2019-06-15,166,-0.418727907135166,-0.409110465943185,9.33660933660934,0.59
"62","2019",2019-06-16,167,-0.426012905113265,-0.406871174955714,9.49076336623986,0.51
"63","2019",2019-06-17,168,-0.440063158815772,-0.421897813954215,9.17349659326553,0.46
"64","2019",2019-06-18,169,-0.445340222776789,-0.437935378520712,8.89377435794944,0.44
"65","2019",2019-06-19,170,-0.42145158276229,-0.424806776661536,8.96627639347543,0.56
"66","2019",2019-06-20,171,-0.431495696684865,-0.420264738063432,9.20700920700921,0.46
"67","2019",2019-06-21,172,-0.426392326472451,-0.422732676552324,9.23122588305135,0.45
"68","2019",2019-06-22,173,-0.425340233286327,-0.421689613295927,9.33675483616265,0.38
"69","2019",2019-06-23,174,-0.407810457958765,-0.415402402469269,9.30901159908794,0.5
"70","2019",2019-06-24,175,-0.415966311380715,-0.344619554296604,9.34345957829519,1.7
"71","2019",2019-06-25,176,-0.449831309692899,-0.399152229888005,9.35503194888179,0.98
"72","2019",2019-06-26,177,-0.450244454367278,-0.38448711208416,9.02202465144474,1.19
"73","2019",2019-06-27,178,-0.439391032183632,-0.332009847134672,9.0742251223491,2.47
"74","2019",2019-06-28,179,-0.446106155948438,-0.39352718255221,9.18016194331984,1.2
"75","2019",2019-06-29,180,-0.437883724947345,-0.315723875942192,8.82719900187149,2.12
"76","2019",2019-06-30,181,-0.426189814487159,-0.343066998152516,9.09656029838376,2.11
"77","2019",2019-07-01,182,-0.446492669255809,-0.380058870879711,9.28305014504766,1.86
"78","2019",2019-07-02,183,-0.437475026588209,-0.27295759905857,9.54282711508145,3.82
"79","2019",2019-07-03,184,-0.39724489775946,-0.273619000741918,9.41845764854614,4.7
"80","2019",2019-07-04,185,-0.454785483712227,-0.34943886304011,9.57154917686788,2.46
"81","2019",2019-07-05,186,-0.416519180302143,-0.0667214123684932,9.79758828596038,6.56
"82","2019",2019-07-06,187,-0.433556618759819,-0.162779188091051,9.96266666666667,4.75
"83","2019",2019-07-07,188,-0.433145634350854,-0.285042826785798,10.4348741707908,3.15
"84","2019",2019-07-08,189,-0.438174700621012,-0.177181519176783,9.83170004260758,5.7
"85","2019",2019-07-09,190,-0.439136499418379,-0.262404408070457,9.90610823926575,3.52
"86","2019",2019-07-10,191,-0.434655968874689,-0.196073055915141,10.0908706677937,4.81
"87","2019",2019-07-11,192,-0.425516849879894,-0.0598472388054837,9.92900286107873,6.49
"88","2019",2019-07-12,193,-0.427692247557413,-0.115732687675353,9.87325593779955,5.8
"89","2019",2019-07-13,194,-0.445385713458893,-0.3043416370279,10.3680719024181,3.42
"90","2019",2019-07-14,195,-0.441135022995181,-0.278519201613114,10.1554959785523,3.91
"91","2019",2019-07-15,196,-0.43351037765287,-0.238923421446181,10.580204778157,4.62
"92","2019",2019-07-16,197,-0.434260031612042,-0.289779029225599,10.1870877041203,3.62
"93","2019",2019-07-17,198,-0.403213194038575,-0.189141411726811,10.6283856988082,4.9
"94","2019",2019-07-18,199,-0.407384743823544,-0.183266871534008,10.7401877133106,5
"95","2019",2019-07-19,200,-0.408736153888662,-0.0957045377672164,9.23488496522205,6.99
"96","2019",2019-07-20,201,-0.403277921875165,0.048281089690922,9.18716577540107,6.53
"97","2019",2019-07-21,202,-0.360089764582626,0.0334757513516022,9.01630608547373,6.5
"98","2019",2019-07-22,203,-0.343255432332292,0.0216933408379877,8.45459373340414,6.62
"99","2019",2019-07-23,204,0.155502621648664,0.105762951101487,8.11667723525682,8.83
"100","2019",2019-07-24,205,-0.0622938384171633,-0.0658493760576522,7.21496121559877,7.68
"101","2019",2019-07-25,206,0.0781851356357088,0.141221821247299,7.35668789808917,12.12
"102","2019",2019-07-26,207,0.55330342143184,0.433077859285205,7.99831170201541,9.02
"103","2019",2019-07-27,208,NA,NA,NA,NA
"104","2019",2019-07-28,209,NA,NA,NA,NA
"105","2019",2019-07-29,210,0.343385436162055,0.899184870757611,8.75703216219085,10.21
"106","2019",2019-07-30,211,0.842422784201518,0.732857182582812,8.29884325586331,12.2
"107","2019",2019-07-31,212,1.08177638444803,0.75703589277166,8.83105802047782,19.46
"108","2019",2019-08-01,213,0.887594694084701,0.85288385092191,8.59882791688865,20.42
"109","2019",2019-08-02,214,-0.378212253459455,-0.0340691920174731,8.62475863548595,7.18
"110","2019",2019-08-03,215,-0.316267107769191,0.113646154461565,7.9879427279578,7.48
"111","2019",2019-08-04,216,-0.294378570951364,-0.01345691527138,8.11681339918402,7.04
"112","2019",2019-08-05,217,-0.225443050080672,0.116003445595918,8.06468887222877,8.23
"113","2019",2019-08-06,218,-0.0469913294473329,0.374416766395221,7.85194694052204,9.29
"114","2019",2019-08-07,219,NA,NA,NA,NA
"115","2019",2019-08-08,220,NA,NA,NA,NA
"116","2019",2019-08-09,221,NA,NA,NA,NA
"117","2019",2019-08-10,222,1.8339990330337,4.62320837598685,6.86786818811987,12.94
"118","2019",2019-08-11,223,3.20096727745108,7.02504766701284,6.84004651654509,13.01
"119","2019",2019-08-12,224,3.54678377999883,8.72538688676851,6.35289151540734,15.5
"120","2019",2019-08-13,225,4.91584564999343,2.10010037679391,6.27646062658764,14.76
"121","2019",2019-08-14,226,7.56810648673417,3.73022517016026,6.0634720470786,15.07
"122","2019",2019-08-15,227,3.8627097661415,3.16696940003478,6.69473684210526,14.9
"123","2019",2019-08-16,228,-0.265693890170528,-0.0331447514075228,8.46378626591526,8.27
"124","2019",2019-08-17,229,-0.251273330883392,0.00700927938741152,8.28532523305751,8.92
"125","2019",2019-08-18,230,-0.250303264810491,0.0442365552874075,8.47245409015025,9.23
"126","2019",2019-08-19,231,-0.288614948404317,-0.00741132877541249,8.06315789473684,9.84
"127","2019",2019-08-20,232,-0.267480442909645,-0.0131684922081985,7.95335154444211,10.46
"128","2019",2019-08-21,233,-0.256646810494915,0.113558835345889,8.10442440763263,12.71
"129","2019",2019-08-22,234,-0.293864672885939,0.0243980042882238,7.855112140676,12.19
"130","2019",2019-08-23,235,-0.306660246771191,-0.0130832681458907,8.06889352818372,11.47
"131","2019",2019-08-24,236,-0.320163729085446,-0.0301118801506255,8.17851582771147,10.5
"132","2019",2019-08-25,237,-0.298431237139593,-0.0640194708758848,8.1198347107438,9.5
"133","2019",2019-08-26,238,-0.271890213155852,-0.021362899737192,8.19621554915673,9.17
"134","2019",2019-08-27,239,-0.321709097453549,-0.0579795085317062,8.19217739451802,8.68
"135","2019",2019-08-28,240,-0.315062560488027,-0.0240218445286551,8.15034215095496,8.73
"136","2019",2019-08-29,241,-0.269232223292006,0.0347828938561804,8.11608961303462,9.41
"137","2019",2019-08-30,242,-0.229414641837152,0.0935547998283867,7.97677261613692,10.09
"138","2019",2019-08-31,243,-0.238691285057084,0.0876997287602062,8.01422041645505,9.91
"139","2019",2019-09-01,244,-0.280036973735166,-0.00438592387200607,8.6814421407415,8.06
"140","2019",2019-09-02,245,-0.281387726789923,0.0435101750692234,9.20566502463054,8.68
"141","2019",2019-09-03,246,-0.278954319853597,-0.0434889794413789,9.61440634856038,6.96
"142","2019",2019-09-04,247,-0.233525313389855,-0.021083206845068,9.62143509590988,6.87
"143","2019",2019-09-05,248,-0.233383194322978,-0.0433566466101342,9.48372045846435,6.73
"144","2019",2019-09-06,249,-0.296747996370506,-0.0653710627085022,9.73737373737374,5.81
"145","2019",2019-09-07,250,-0.281930780725099,-0.0154361805811941,9.68784725729872,6.78
"146","2019",2019-09-08,251,-0.295821686040481,0.00120707933142717,9.75732554626926,6.64
"147","2019",2019-09-09,252,-0.339024910804614,-0.0814733872393955,9.9237407184427,5.51
"148","2019",2019-09-10,253,-0.319939596587432,-0.0346861731727474,9.74065138721351,6.43
"149","2019",2019-09-11,254,-0.281617840403407,0.0538671359048377,9.63673057517659,7.9
"150","2019",2019-09-12,255,-0.301057953091903,0.00951341931732942,9.69660316500353,6.87
"151","2019",2019-09-13,256,-0.329954810818191,-0.0595638575221721,9.8159509202454,6.01
"152","2019",2019-09-14,257,-0.310277361671522,-0.00984436392094408,9.63588815127741,7.3
"153","2019",2019-09-15,258,-0.240999245523784,0.128127332798708,9.68454892505525,8.65
"154","2019",2019-09-16,259,-0.2484418226429,0.143378126901083,9.37785446057038,9.79
"155","2019",2019-09-17,260,-0.320036109286252,-0.103738976280812,9.84414278531926,5.61
"156","2019",2019-09-18,261,-0.335624581445623,-0.18150441646101,9.90827537546618,4.59
"157","2019",2019-09-19,262,-0.243148843497237,0.126486360018521,9.79120210825056,9.65
"158","2019",2019-09-20,263,-0.267461854600658,0.07623102263043,9.78249873545776,8.14
"159","2019",2019-09-21,264,NA,NA,NA,NA
"160","2019",2019-09-22,265,NA,NA,NA,NA
"161","2019",2019-09-23,266,NA,NA,NA,NA
"162","2019",2019-09-24,267,NA,NA,NA,NA
"163","2019",2019-09-25,268,NA,NA,NA,NA
"164","2019",2019-09-26,269,NA,NA,NA,NA
"165","2019",2019-09-27,270,NA,NA,NA,NA
"166","2019",2019-09-28,271,NA,NA,NA,NA
"167","2019",2019-09-29,272,NA,NA,NA,NA
"168","2019",2019-09-30,273,NA,NA,NA,NA
"169","2019",2019-10-01,274,NA,NA,NA,NA
"170","2019",2019-10-02,275,NA,NA,NA,NA
"171","2019",2019-10-03,276,NA,NA,NA,NA
"172","2019",2019-10-04,277,NA,NA,NA,NA
"173","2019",2019-10-05,278,NA,NA,NA,NA
"174","2019",2019-10-06,279,NA,NA,NA,NA
"175","2019",2019-10-07,280,NA,NA,NA,NA
"176","2019",2019-10-08,281,-0.375631628958763,-0.150841822612799,11.2146810369939,6.14
"177","2019",2019-10-09,282,-0.384510636269853,-0.190528845688573,11.3319115936409,5.07
"178","2019",2019-10-10,283,-0.379393853883697,-0.169065972326018,11.4177803602557,5.25
"179","2019",2019-10-11,284,-0.392676388839079,-0.211111575114306,11.5447782822916,4.3
"180","2019",2019-10-12,285,-0.379980048257477,-0.188283894254557,11.5815691158157,4.76
"181","2019",2019-10-13,286,-0.386258034863946,-0.215490928652951,11.6791789413665,3.9
"182","2019",2019-10-14,287,-0.393996675625822,-0.227632395257268,11.6138192143871,3.75
"183","2019",2019-10-15,288,-0.388440423931073,-0.22190804253275,11.6808309726157,3.6
"184","2019",2019-10-16,289,-0.391403373576569,-0.241629197207963,11.6502115655853,3.22
"185","2019",2019-10-17,290,-0.386179505203723,-0.246400356531909,11.6222305670297,3
"186","2019",2019-10-18,291,-0.394636962757081,-0.256232830652205,11.7597451274363,2.74
"187","2019",2019-10-19,292,-0.39922755388871,-0.276821318460006,11.8347076461769,2.27
"188","2019",2019-10-20,293,-0.409637033102802,-0.282816465796654,11.6447368421053,2.22
"189","2019",2019-10-21,294,-0.407988208575664,-0.281678105033829,11.9161284283441,2.09
"190","2019",2019-10-22,295,-0.393273477126115,-0.270735551884767,11.8311700438883,2.23
"191","2019",2019-10-23,296,-0.391846452041642,-0.277419255055898,11.8347599553405,2.15
"192","2019",2019-10-24,297,-0.395815352573422,-0.284661583198403,11.8078781122259,1.95
"193","2019",2019-10-25,298,-0.395521393900883,-0.289549514205238,11.7248421834385,1.63
"194","2019",2019-10-26,299,-0.394532498851775,-0.286282278385334,11.778868413742,1.6
"195","2019",2019-10-27,300,-0.403493615276228,-0.29637312490517,11.6552490279578,1.49
"196","2019",2019-10-28,301,-0.39329423567805,-0.287919077542585,11.7603618572879,1.49
"197","2019",2019-10-29,302,-0.396900648706674,-0.294844584198347,11.705654816725,1.37
"198","2019",2019-10-30,303,-0.391307536287685,-0.286464673679172,11.6091109478325,1.36
"199","2019",2019-10-31,304,-0.384372151733464,-0.27463422433845,11.5451309665054,1.43
"200","2019",2019-11-01,305,NA,NA,NA,1.36
"201","2019",2019-11-02,306,-0.382626116702422,-0.275881915036977,11.6653038975198,1.23
"202","2020",2020-03-31,91,NA,NA,NA,NA
"203","2020",2020-04-01,92,NA,NA,NA,NA
"204","2020",2020-04-02,93,2.44360414320259,0.51042888680339,9.57263484404618,1.51
"205","2020",2020-04-03,94,2.25143085698049,0.417066886995067,9.5604110890405,1.42
"206","2020",2020-04-04,95,1.62896572430843,0.165170127652472,9.5571700397855,1.45
"207","2020",2020-04-05,96,1.66276809426472,0.245994348182946,9.28347280334728,1.42
"208","2020",2020-04-06,97,2.88133858026573,0.691172808923858,9.41176470588235,1.61
"209","2020",2020-04-07,98,2.60009707987735,0.62816886472887,9.38590369853454,1.5
"210","2020",2020-04-08,99,2.31548492534042,0.468878309268162,9.38344815557687,1.45
"211","2020",2020-04-09,100,1.83190882269414,0.293865101187588,9.39298796441654,1.49
"212","2020",2020-04-10,101,2.33047204677623,0.501666022800591,9.29663608562691,1.58
"213","2020",2020-04-11,102,3.01136747020827,0.774392130371117,9.24693520140105,1.64
"214","2020",2020-04-12,103,2.69742359883564,0.58326768735884,9.2741935483871,1.58
"215","2020",2020-04-13,104,1.06724570963947,-0.00852561062216879,9.30639377241319,1.56
"216","2020",2020-04-14,105,1.05485316177706,-0.0403748681409244,9.29014232078931,1.54
"217","2020",2020-04-15,106,1.04414197515123,-0.0244385277634772,9.25360104757748,1.47
"218","2020",2020-04-16,107,0.981322566282859,-0.0563167753126699,9.20443629377347,1.46
"219","2020",2020-04-17,108,1.11040601805214,-0.00853307416994273,9.13945548454872,1.41
"220","2020",2020-04-18,109,0.888486108719287,-0.152258320482202,9.15455977594959,1.48
"221","2020",2020-04-19,110,1.06302096452553,-0.13702010915462,9.03651561812582,1.54
"222","2020",2020-04-20,111,1.30821072661968,-0.121071203104789,9.05328049317481,1.53
"223","2020",2020-04-21,112,1.07495552799824,-0.233640535306714,9.05647079552462,1.48
"224","2020",2020-04-22,113,1.29072239249388,-0.218122565534282,9.00900900900901,1.57
"225","2020",2020-04-23,114,1.48453244156842,-0.153874364923902,8.97753405271537,1.49
"226","2020",2020-04-24,115,1.63645826497413,-0.154119735101846,9.27533664068037,1.47
"227","2020",2020-04-25,116,1.42280316845502,-0.234944517741541,9.62969525159461,1.44
"228","2020",2020-04-26,117,0.596470477766469,-0.53208875534994,9.38424307609573,1.25
"229","2020",2020-04-27,118,1.38621235269788,-0.317174218072913,9.6013525538352,1.39
"230","2020",2020-04-28,119,1.06468277776013,-0.398500445891069,9.63147587680256,1.37
"231","2020",2020-04-29,120,0.978374484700974,-0.495735758062508,9.70726933001157,1.41
"232","2020",2020-04-30,121,0.560529109380453,-0.577529556542389,9.68201656720406,1.57
"233","2020",2020-05-01,122,1.22620280621801,-0.353009066685666,9.55888958763813,1.62
"234","2020",2020-05-02,123,1.38047529672979,-0.304404485455987,9.54995499549955,1.51
"235","2020",2020-05-03,124,1.61948579052484,-0.339575302881164,9.50697843030633,1.75
"236","2020",2020-05-04,125,1.94169641679727,-0.158097380028139,9.43293347873501,1.64
"237","2020",2020-05-05,126,1.86932045201348,-0.306251365880288,9.49923028162637,1.52
"238","2020",2020-05-06,127,2.04571387687613,-0.225019014758919,9.37585421412301,1.48
"239","2020",2020-05-07,128,1.94275571653365,-0.15818363064463,9.44717221312966,1.54
"240","2020",2020-05-08,129,1.38495436517636,-0.390851367966951,9.43842723218349,1.55
"241","2020",2020-05-09,130,1.92450154846373,-0.208355074946867,9.38325589869728,1.63
"242","2020",2020-05-10,131,1.29408863328699,-0.472771644991353,9.46154544629075,1.52
"243","2020",2020-05-11,132,0.823484091730076,-0.55576605565183,9.42779291553134,1.49
"244","2020",2020-05-12,133,0.112729097829521,-0.779213972053091,9.23189868771221,1.35
"245","2020",2020-05-13,134,0.177771457003696,-0.70685013991922,9.42622950819672,1.47
"246","2020",2020-05-14,135,-0.317478211210857,-0.89257902581087,9.44809941520468,1.36
"247","2020",2020-05-15,136,-0.413100412739129,-0.993926577788111,9.18481295365717,1.19
"248","2020",2020-05-16,137,-1.0135941877976,-1.14059286083834,9.34838948537579,0.97
"249","2020",2020-05-17,138,-1.0092487275698,-1.04016546235739,9.63536918869645,1.19
"250","2020",2020-05-18,139,NA,-1.11370472793414,9.57710301807174,0.94
"251","2020",2020-05-19,140,NA,-1.17133542532055,9.52732644017725,0.81
"252","2020",2020-05-20,141,NA,-1.19192214820889,9.56658640488979,0.77
"253","2020",2020-05-21,142,NA,-1.23256802150627,9.38722294654498,0.67
"254","2020",2020-05-22,143,NA,-1.21281335811907,9.47041085563513,0.56
"255","2020",2020-05-23,144,NA,-1.1029931791528,9.54477332334207,0.5
"256","2020",2020-05-24,145,NA,-1.20607465086237,9.5532319391635,0.42
"257","2020",2020-05-25,146,NA,-1.30834588489746,9.48532948532948,0.39
"258","2020",2020-05-26,147,NA,-1.33321005057036,9.41187850648094,0.33
"259","2020",2020-05-27,148,-1.12432091167931,-1.40919811099012,9.27328154194119,0.29
"260","2020",2020-05-28,149,-1.08866404264493,-1.46088832381284,9.1659210657123,0.29
"261","2020",2020-05-29,150,-1.08607275661661,-1.45741105318192,9.62015273232173,0.35
"262","2020",2020-05-30,151,-1.08050040502865,-1.43192951356151,9.19585594474593,0.33
"263","2020",2020-05-31,152,-1.05795690329098,-1.4336269505034,9.16724291218018,0.33
"264","2020",2020-06-01,153,-0.986506886250625,-1.30969111217391,9.49731576378721,0.37
"265","2020",2020-06-02,154,-0.962849742141241,-1.36179483280273,9.38642426637684,0.36
"266","2020",2020-06-03,155,-0.933735332087699,-1.44457012002606,9.07258064516129,0.34
"267","2020",2020-06-04,156,-0.996115939917357,-1.55805844189875,9.40406828171318,0.36
"268","2020",2020-06-05,157,-0.937263436316854,-1.52527636646716,9.36026245642813,0.39
"269","2020",2020-06-06,158,-0.816061510856634,-1.51106176341731,9.16195372750643,0.37
"270","2020",2020-06-07,159,-0.678734250537207,-1.33474338593529,9.27793465106898,0.44
"271","2020",2020-06-08,160,-0.559949266528798,-1.32301291157986,9.23373200891952,0.44
"272","2020",2020-06-09,161,-0.609456900311957,-1.34286885297629,9.22280844155844,0.45
"273","2020",2020-06-10,162,-0.737678655135686,-1.27632082557813,9.4155517553566,0.54
"274","2020",2020-06-11,163,-0.851613929934944,-1.22897828547895,9.43452677770021,0.58
"275","2020",2020-06-12,164,-0.930265591474337,-1.27426989324818,9.18951491413076,0.65
"276","2020",2020-06-13,165,-0.983706169776337,-1.31970439873709,9.40273207697677,0.56
"277","2020",2020-06-14,166,-0.981748350750013,-1.26260377421357,9.36411583242114,0.59
"278","2020",2020-06-15,167,-0.982139290859819,-1.24494129395568,9.258337481334,0.64
"279","2020",2020-06-16,168,-0.976453130281713,-1.25304962903655,9.18837675350701,0.71
"280","2020",2020-06-17,169,-0.982854487162027,-1.26126427612555,9.12758446797781,0.76
"281","2020",2020-06-18,170,-0.829684665790537,-1.06516487171506,9.04017857142857,0.93
"282","2020",2020-06-19,171,-0.829057947062785,-0.46066618739867,9.17884338341223,2.49
"283","2020",2020-06-20,172,-0.831711069428734,-0.2737745139121,9.33209455971921,2.68
"284","2020",2020-06-21,173,-0.888197719519209,-0.0860571482621967,9.33014354066986,3.36
"285","2020",2020-06-22,174,-0.832742649049731,0.612303634133348,9.69509043927649,4.43
"286","2020",2020-06-23,175,-0.914976735699406,0.496424494707636,10.0431743421053,4.25
"287","2020",2020-06-24,176,-0.925849817462973,0.626694138908817,10.0779967159277,4.74
"288","2020",2020-06-25,177,-0.969944328177109,-0.0855234053538101,10.0165391771759,3.61
"289","2020",2020-06-26,178,-0.941510562083892,-0.310709966513004,10.1750772399588,2.94
"290","2020",2020-06-27,179,-0.938271515481977,-0.655377462507959,9.81799271970879,2.45
"291","2020",2020-06-28,180,-0.903088936482747,-0.562008984834409,9.82375638752738,2.76
"292","2020",2020-06-29,181,-0.797907955218789,-0.40743922866841,9.99585234342596,2.82
"293","2020",2020-06-30,182,-0.824540072008391,-0.6546965508586,9.9012987012987,2.63
"294","2020",2020-07-01,183,-0.402037555325694,-0.698637011170486,9.75686438901698,2.58
"295","2020",2020-07-02,184,0.913991919085031,-0.593225530756444,9.17802385008518,3.26
"296","2020",2020-07-03,185,0.734063711475176,-0.939714483504866,8.74322860238353,3.03
"297","2020",2020-07-04,186,0.580748209178342,-0.88568442451093,8.9700272479564,3.55
"298","2020",2020-07-05,187,0.347851945654814,-0.653945168918184,9.08790482485129,3.65
"299","2020",2020-07-06,188,NA,NA,NA,3.87
"300","2020",2020-07-07,189,NA,NA,NA,3.55
"301","2020",2020-07-08,190,0.318374204748787,-0.249657641926838,9.63868573299858,3.41
"302","2020",2020-07-09,191,0.409666083336745,0.0291358118008165,9.90196078431372,3.44
"303","2020",2020-07-10,192,0.262173219580195,0.146719109106704,10.016155088853,3.38
"304","2020",2020-07-11,193,0.378122128500274,0.518824396703469,9.70133218736571,3.28
"305","2020",2020-07-12,194,0.583524497289213,1.00567232991007,9.52023988005997,3.46
"306","2020",2020-07-13,195,0.300746386278182,0.637198844814471,9.33634505754545,3.5
"307","2020",2020-07-14,196,0.130681806281733,0.804922119556013,9.90425531914894,3.24
"308","2020",2020-07-15,197,0.219616142246049,1.14980697795902,10.0031789763696,3.55
"309","2020",2020-07-16,198,-0.113540898929912,0.652404667684564,9.63675213675214,3.47
"310","2020",2020-07-17,199,-0.0361334890425738,0.980879653537804,9.90626331487005,4.51
"311","2020",2020-07-18,200,-0.151124933525368,1.24793959234417,9.8557182261829,4.22
"312","2020",2020-07-19,201,-0.100282690527791,1.23263529197965,10.1436934539649,4.65
"313","2020",2020-07-20,202,-0.190352134786474,0.961852958027017,10.0490196078431,4.72
"314","2020",2020-07-21,203,-0.484359886527519,1.03631912845496,9.86828128319524,5.09
"315","2020",2020-07-22,204,-0.50911323910083,1.09261064296258,10.0212089077413,5.05
"316","2020",2020-07-23,205,-0.458838727031375,0.939604561075027,9.97662558436039,5.23
"317","2020",2020-07-24,206,-0.589715997392519,0.51550143942313,9.68189581554227,5.52
"318","2020",2020-07-25,207,-0.57665911077769,0.495864630800182,9.61476896809305,5.9
"319","2020",2020-07-26,208,-0.603361094490007,0.8672165467816,9.88670371953826,6.16
"320","2020",2020-07-27,209,-0.630553858917972,1.06463613332216,9.98393144081414,5.82
"321","2020",2020-07-28,210,-0.627863495786589,1.37150920247044,9.83466666666667,5.73
"322","2020",2020-07-29,211,-0.621029010827648,1.03117602821926,9.40327445066782,5.09
"323","2020",2020-07-30,212,-0.590535485149452,1.31592610211633,9.65259219668626,5.9
"324","2020",2020-07-31,213,-0.573416015184395,1.51927621046895,9.91086587436333,5.83
"325","2020",2020-08-01,214,-0.574635530316646,1.42549009581269,9.68736707783922,5.95
"326","2020",2020-08-02,215,-0.572929657241066,1.44060420804813,9.73282442748092,5.98
"327","2020",2020-08-03,216,-0.488758449064896,1.91436922011087,10.0668337510443,5.41
"328","2020",2020-08-04,217,-0.487333497318351,2.04178361690892,9.92294877134527,5.55
"329","2020",2020-08-05,218,-0.461548870377904,2.2095570929902,9.82532751091703,5.72
"330","2020",2020-08-06,219,-0.502085112394983,2.16524890530408,9.5586697343652,6.37
"331","2020",2020-08-07,220,-0.498954255323304,1.82936183066225,9.79006443566826,5.56
"332","2020",2020-08-08,221,-0.450463137458986,1.70280894227814,9.66934390320225,5.55
"333","2020",2020-08-09,222,-0.388870268596796,1.86128619193297,9.61800104657248,6.15
"334","2020",2020-08-10,223,-0.539861827266232,1.78340577713793,9.68315382202238,5.7
"335","2020",2020-08-11,224,-0.6975244714913,1.35689096382022,9.33938370620515,5.52
"336","2020",2020-08-12,225,-0.736478206346684,1.08845535211675,9.20135220790197,5.73
"337","2020",2020-08-13,226,-0.805340064901099,1.04012331811223,9.55520669806384,4.88
"338","2020",2020-08-14,227,-0.835037688665906,0.834512624410909,9.36447811447811,4.83
"339","2020",2020-08-15,228,-0.692917694921015,1.19489868318077,9.51881748610966,5.18
"340","2020",2020-08-16,229,-0.667424860501027,1.07978603679912,9.37958499266401,4.96
"341","2020",2020-08-17,230,-0.707115867653598,1.10167980588617,9.29817188484976,4.91
"342","2020",2020-08-18,231,-0.720314978950933,0.987379688434473,9.12627483965934,4.73
"343","2020",2020-08-19,232,-0.736167127906833,0.721899451602642,8.85955649419219,4.56
"344","2020",2020-08-20,233,-0.654375898871535,0.830666944114084,9.13280268118978,4.81
"345","2020",2020-08-21,234,-0.680990130693271,0.794025388165235,9.00409276944066,4.46
"346","2020",2020-08-22,235,-0.617133599601517,0.984584631652367,9.01656531767666,4.51
"347","2020",2020-08-23,236,-0.699813858322029,0.627214151428284,8.76654314452091,4.07
"348","2020",2020-08-24,237,-0.693582188475436,0.087096712290896,8.5934159897392,4.03
"349","2020",2020-08-25,238,-0.548581304234085,0.377422939061126,8.76633726490277,4.39
"350","2020",2020-08-26,239,-0.483486795861527,0.76358051799934,8.83257342805641,4.46
"351","2020",2020-08-27,240,-0.420045572122415,0.803213155395597,8.76857749469214,4.41
"352","2020",2020-08-28,241,-0.381439626521698,0.783426832311846,8.80636604774536,4.14
"353","2020",2020-08-29,242,-0.353749035651961,0.932766388444062,8.9863938403122,3.96
"354","2020",2020-08-30,243,-0.378030334381388,0.757237420110596,8.8117770767613,3.68
"355","2020",2020-08-31,244,-0.311485925212377,1.01560569178378,9.1297105975432,3.58
"356","2020",2020-09-01,245,-0.247688069169934,0.973560876705399,9.06075057018453,3.46
"357","2020",2020-09-02,246,-0.334641654992844,0.915292706358741,9.08714551852618,3.39
"358","2020",2020-09-03,247,-0.345619806988483,0.96774198440852,9.07873042044518,3.32
"359","2020",2020-09-04,248,-0.257361161986112,1.07524491308701,8.97251845775226,3.39
"360","2020",2020-09-05,249,-0.0100489209983518,1.2056040378637,8.89617710361792,3.6
"361","2020",2020-09-06,250,-0.120612552284105,0.994384698325862,9.04087249006217,3.32
"362","2020",2020-09-07,251,-0.120171600534108,1.25017657005162,9.12968416776683,3.5
"363","2020",2020-09-08,252,-0.265024986212992,1.40581551122264,9.24937027707809,3.4
"364","2020",2020-09-09,253,-0.370934952225455,1.33825585115529,9.32414894679046,3.34
"365","2020",2020-09-10,254,-0.355700848913328,1.29023140421963,9.42910853863659,3.34
"366","2020",2020-09-11,255,-0.378178465390159,1.19558543533231,9.38485804416404,3.11
"367","2020",2020-09-12,256,-0.34190922490569,1.10368711961957,9.31903168667585,3.13
"368","2020",2020-09-13,257,-0.259482390072403,0.872403879731494,9.28282529347933,3.06
"369","2020",2020-09-14,258,0.0738016849487347,1.10947358883906,9.13047779206648,3.68
"370","2020",2020-09-15,259,-0.25920112220772,0.745592030333713,9.36145053212456,2.93
"371","2020",2020-09-16,260,0.694092583822993,1.77733302930131,9.27886042140667,4.27
"372","2020",2020-09-17,261,0.395914970120902,1.38036396407644,9.25009893153937,4.14
"373","2020",2020-09-18,262,0.204672875209951,1.14365085602891,9.16452696030022,3.74
"374","2020",2020-09-19,263,0.132696824269494,1.01350760998792,9.22683454652764,3.62
"375","2020",2020-09-20,264,-0.139712007003739,0.867355642294837,9.30757159670459,3.3
"376","2020",2020-09-21,265,-0.0686967860209554,1.00973327745366,9.31007448059584,3.35
"377","2020",2020-09-22,266,0.0617447479438674,1.25127628271205,9.19052319842053,3.79
"378","2020",2020-09-23,267,0.0261516746574007,1.13031917283433,9.04403014676716,4.5
"379","2020",2020-09-24,268,0.0378807711898089,1.2494261945661,9.32479053721045,4.05
"380","2020",2020-09-25,269,-0.234810723853875,0.761546727578762,9.49385749385749,3.13
"381","2020",2020-09-26,270,-0.128452042846492,0.925127397960819,9.37838636587528,3.43
"382","2020",2020-09-27,271,0.192726164879599,1.21549058899075,9.42930489731438,3.9
"383","2020",2020-09-28,272,-0.175519743818048,0.958623196941636,9.48216566768203,3.5
"384","2020",2020-09-29,273,-0.162679704693904,1.11320817842186,9.44428166813165,3.53
"385","2020",2020-09-30,274,-0.197202441959638,0.842436348560527,9.55160003890672,3.3
"386","2020",2020-10-01,275,-0.137766307873319,1.04939346721463,9.44874274661509,3.51
"387","2020",2020-10-02,276,-0.148996196710271,1.11674142412235,9.3731918997107,3.54
"388","2020",2020-10-03,277,-0.345746151179746,1.06108852474386,9.52106174264282,3.17
"389","2020",2020-10-04,278,-0.229025988804945,1.02264747140643,9.50920245398773,3.25
"390","2020",2020-10-05,279,-0.0784913481449519,1.14125810898285,9.49651284990924,3.16
"391","2020",2020-10-06,280,-0.112913144127801,0.930907278175098,9.50381679389313,3.07
"392","2020",2020-10-07,281,-0.0323622586464113,0.808874076537245,9.49246327036825,3
"393","2020",2020-10-08,282,0.465113453624125,0.55106705355147,9.27152317880795,2.99
"394","2020",2020-10-09,283,-0.13579634160249,-0.096265343439479,9.56148713060057,2.63
"395","2020",2020-10-10,284,0.313751258410354,0.200226533180711,9.40759881328357,3
"396","2020",2020-10-11,285,-0.135822237167251,-0.235467552152855,9.62051868802441,2.53
"397","2020",2020-10-12,286,-0.296449593720521,-0.426357524680026,9.72380952380952,2.38
"398","2020",2020-10-13,287,-0.261373864573808,-0.581376177931273,9.80522565320665,2.23
"399","2020",2020-10-14,288,-0.00929887349970771,-0.338050442213903,9.68323216995448,2.43
"400","2020",2020-10-15,289,-0.10046727301796,-0.457713562839386,9.75609756097561,2.5
"401","2020",2020-10-16,290,-0.111456131718881,-0.507591989787807,9.73909767354243,2.31
"402","2020",2020-10-17,291,0.0699607307902062,-0.368468109647238,9.67741935483871,2.4
"403","2020",2020-10-18,292,-0.178460586739509,-0.623902139502927,9.8175011698643,2.13
"404","2020",2020-10-19,293,0.00210218376184147,-0.281383489539383,9.7929490766648,2.09
"405","2020",2020-10-20,294,0.405432437741171,0.10961784806916,9.65344234878751,2.22
"406","2020",2020-10-21,295,0.125429652768356,-0.0769273289997917,9.6327289632729,2.09
"407","2020",2020-10-22,296,-0.501379896743156,-0.601588822722342,10.1224717016144,1.71
"408","2020",2020-10-23,297,-0.0982656323609779,-0.329579645187554,9.84743411927878,1.91
"409","2020",2020-10-24,298,-0.287151359231132,-0.446650744254153,9.86162361623616,1.85
"410","2020",2020-10-25,299,0.0242361444026495,-0.260502136343525,9.74175167723555,1.91
"411","2020",2020-10-26,300,-0.185730881805335,-0.410109381562868,9.82044705020154,1.81
"412","2020",2020-10-27,301,-0.395077312123255,-0.676632922672974,9.82526758759491,1.71
"413","2020",2020-10-28,302,-0.514589462173975,-0.85719642660888,9.9179580674567,1.68
"414","2020",2020-10-29,303,-0.611903702911805,-0.937884802830829,10.0281843803982,1.61
"415","2020",2020-10-30,304,-0.490458570257555,-0.853462043918989,9.77491377745507,1.67
"416","2020",2020-10-31,305,-0.555168446674824,-0.918123123769948,9.85775120050739,1.6
"417","2020",2020-11-01,306,-0.880227824063906,-1.08012150753524,10.0803902086532,1.59
"418","2020",2020-11-02,307,-0.920305046892201,-1.09245885352381,10.0782866912625,1.53
"419","2020",2020-11-03,308,-0.942431028003583,-1.10937749986473,10.0198055455528,1.45
"420","2020",2020-11-04,309,-0.998148083433169,-1.14387895123262,9.99819689866571,1.41
"421","2020",2020-11-05,310,-1.00294035161162,-1.14937089655514,9.77443609022556,1.31
"422","2020",2020-11-06,311,NA,-1.21460898381657,9.80356657916176,1.42
"423","2020",2020-11-07,312,NA,-1.44480921340976,9.94120307553144,1.16
"424","2020",2020-11-08,313,NA,-1.47969440384202,9.91757992935422,1.14
"425","2020",2020-11-09,314,-1.11480322402565,-1.46688784922658,9.89739398892218,1.16
"426","2020",2020-11-10,315,NA,-1.50070639008967,9.93822674418605,1.11
"427","2020",2020-11-11,316,NA,-1.49839237570132,9.90476190476191,1.51
"428","2020",2020-11-12,317,NA,-1.18253717934834,9.85685812647219,1.29
"429","2020",2020-11-13,318,-1.08757152193402,-1.09699966017982,9.85813680310834,1.24
"430","2020",2020-11-14,319,-1.08443589812089,-1.09383685369944,9.8477340300928,1.21
"431","2020",2020-11-15,320,NA,-1.07526528279136,9.89119683481701,1.33
"432","2020",2020-11-16,321,-1.0998233365757,-1.08756563999015,9.87189823524142,1.37
"433","2020",2020-11-17,322,NA,-1.05091969483581,9.81704596162427,1.35
"434","2020",2020-11-18,323,NA,-1.04951472198176,9.82174688057041,1.34
"435","2020",2020-11-19,324,NA,-1.06482860284262,9.83971504897596,1.33
"436","2020",2020-11-20,325,NA,-0.999034174995389,9.79624521754605,1.43
"437","2020",2020-11-21,326,-1.03836993896803,-0.998678741685775,9.79275993951792,1.41
"438","2021",2021-03-26,85,NA,NA,NA,NA
"439","2021",2021-03-27,86,NA,NA,NA,NA
"440","2021",2021-03-28,87,NA,NA,NA,NA
"441","2021",2021-03-29,88,NA,NA,NA,NA
"442","2021",2021-03-30,89,NA,NA,NA,NA
"443","2021",2021-03-31,90,NA,NA,NA,NA
"444","2021",2021-04-01,91,NA,NA,NA,NA
"445","2021",2021-04-02,92,NA,NA,NA,NA
"446","2021",2021-04-03,93,NA,NA,NA,NA
"447","2021",2021-04-04,94,NA,NA,NA,NA
"448","2021",2021-04-05,95,2.43568676281409,0.286104808223493,8.45119608870264,1.61
"449","2021",2021-04-06,96,3.2211075935805,0.570548337243682,8.39634253560753,1.75
"450","2021",2021-04-07,97,3.47067217277964,0.520797680365915,8.33333333333333,1.87
"451","2021",2021-04-08,98,4.44683463747528,0.378406330915534,8.40625828692654,1.87
"452","2021",2021-04-09,99,3.96087403763863,0.343215454511654,8.39600106166504,1.9
"453","2021",2021-04-10,100,4.13157608244598,0.633643369975247,8.36311651179414,2.09
"454","2021",2021-04-11,101,3.64462386320719,0.308782539558111,8.40806179525881,1.93
"455","2021",2021-04-12,102,3.3086814036471,0.201952569752696,8.48436389481166,1.94
"456","2021",2021-04-13,103,3.37636071583045,0.184033820751731,8.48947695586538,1.95
"457","2021",2021-04-14,104,2.77160653917349,0.0592776366803661,8.4962673302524,1.9
"458","2021",2021-04-15,105,2.30010616296371,-0.0833801659518279,8.53160511363636,1.73
"459","2021",2021-04-16,106,1.19892258471959,-0.31638854472685,8.43287573542521,1.38
"460","2021",2021-04-17,107,0.639035421261398,-0.569745809357818,8.37588461883006,1.2
"461","2021",2021-04-18,108,0.867143243123521,-0.427507761929178,8.31834532374101,1.22
"462","2021",2021-04-19,109,0.755226858061556,-0.515742803735937,8.43783590111071,1.19
"463","2021",2021-04-20,110,0.259395145385927,-0.5520569328861,8.33557407905351,1.04
"464","2021",2021-04-21,111,0.204287763524694,-0.460224321724216,8.45384752722728,1.08
"465","2021",2021-04-22,112,0.0730775169554552,-0.514636455211655,8.410797282803,1.06
"466","2021",2021-04-23,113,-0.104722563818816,-0.621919810523864,8.4412684234033,1
"467","2021",2021-04-24,114,-0.175076206341222,-0.678814796102654,8.35427135678392,0.92
"468","2021",2021-04-25,115,-0.447733998183835,-0.842700432931207,8.35356532685909,0.88
"469","2021",2021-04-26,116,-0.477265626160419,-0.857899693876955,8.44237318515863,0.88
"470","2021",2021-04-27,117,-0.488787018824227,-0.900830141219408,8.30021676300578,0.78
"471","2021",2021-04-28,118,NA,-0.934312279413192,8.39261593876632,0.77
"472","2021",2021-04-29,119,NA,-1.31873262770509,8.33258020786263,0.66
"473","2021",2021-04-30,120,-0.601228221909603,-1.48862889909375,8.26071169208424,0.68
"474","2021",2021-05-01,121,NA,-1.55856020938853,8.34465887469421,0.68
"475","2021",2021-05-02,122,NA,-1.61085061953911,8.25402635431918,0.78
"476","2021",2021-05-03,123,NA,-1.61959477139787,8.24362866869077,0.63
"477","2021",2021-05-04,124,NA,-1.61380414102708,8.37000366703337,0.66
"478","2021",2021-05-05,125,NA,-1.54627542491661,8.25586746433502,0.6
"479","2021",2021-05-06,126,NA,-1.41418974868282,8.29505787249678,0.55
"480","2021",2021-05-07,127,NA,-1.41263255681421,8.29510001835199,0.54
"481","2021",2021-05-08,128,NA,-1.47602781076901,8.11035246355416,0.52
"482","2021",2021-05-09,129,NA,-1.49262464824601,8.15517876889053,0.49
"483","2021",2021-05-10,130,NA,-1.49097594649905,8.17378497790869,0.49
"484","2021",2021-05-11,131,NA,-1.5129380895301,8.06347449026663,0.46
"485","2021",2021-05-12,132,NA,-1.52987554365302,7.81789346021084,0.43
"486","2021",2021-05-13,133,NA,-1.30901625494558,7.69158791054552,0.42
"487","2021",2021-05-14,134,NA,-1.21884647722432,7.64032288342407,0.39
"488","2021",2021-05-15,135,NA,-1.19551310068233,7.87357396671031,0.41
"489","2021",2021-05-16,136,NA,-1.22470907934999,7.70536640573423,0.37
"490","2021",2021-05-17,137,NA,-1.26748124480687,7.65006627532664,0.37
"491","2021",2021-05-18,138,-0.565606728309898,-1.22056493733884,7.93307641695648,0.39
"492","2021",2021-05-19,139,-0.531792982657551,-1.27472261546849,7.75090458960198,0.38
"493","2021",2021-05-20,140,-0.526562908269079,-1.32050214967941,7.72840452020686,0.38
"494","2021",2021-05-21,141,-0.503054526692345,-1.32405256836493,7.74918379105051,0.39
"495","2021",2021-05-22,142,-0.533925994187776,-1.51443414971959,7.67139250339872,0.38
"496","2021",2021-05-23,143,-0.515478681587531,-1.65308299633169,7.58634261536948,0.39
"497","2021",2021-05-24,144,-0.522706110787,-1.72785390364384,7.62661955241461,0.38
"498","2021",2021-05-25,145,-0.464262221781506,-1.73159311138338,7.70214440291167,0.4
"499","2021",2021-05-26,146,-0.408099358849679,-1.70636137595687,7.73732764606686,0.52
"500","2021",2021-05-27,147,-0.393006403282566,-1.60018891026705,7.89422326307572,0.55
"501","2021",2021-05-28,148,-0.483698062592028,-1.52746962791125,7.98243101308126,0.53
"502","2021",2021-05-29,149,-0.546967790948738,-1.5577786598667,7.85598936069155,0.52
"503","2021",2021-05-30,150,-0.479419390891819,-1.52093357822679,7.63527825919507,0.57
"504","2021",2021-05-31,151,-0.440396136689561,-1.56896190263131,7.58426966292135,0.59
"505","2021",2021-06-01,152,-0.408973775901811,-1.53796282187357,7.56498880342713,0.64
"506","2021",2021-06-02,153,-0.397584365334623,-1.5791894780962,7.36426456071076,0.7
"507","2021",2021-06-03,154,-0.399318820229996,-1.60598479900512,7.33690263731906,0.67
"508","2021",2021-06-04,155,-0.382124475998014,-1.64563390721403,7.48488153068306,0.6
"509","2021",2021-06-05,156,-0.392609046136268,-1.51365773406158,7.501494321578,0.94
"510","2021",2021-06-06,157,-0.446325397724321,-1.58074813804297,7.54528169718803,0.96
"511","2021",2021-06-07,158,-0.457547520899972,-1.56945183393502,7.57773976049109,1.11
"512","2021",2021-06-08,159,-0.484816614959506,-1.08642127709652,7.66307139188495,1.74
"513","2021",2021-06-09,160,-0.55675168392033,-1.48355776123937,7.36016727652901,0.8
"514","2021",2021-06-10,161,-0.538604414096821,-1.48340267470777,7.2234998954631,0.8
"515","2021",2021-06-11,162,-0.565261634295506,-1.39967770279153,7.0693132363868,1.1
"516","2021",2021-06-12,163,-0.545273555429167,-1.41677816781142,7.0483649063393,0.96
"517","2021",2021-06-13,164,-0.544351804041225,-1.32953447744804,7.16323296354992,1.16
"518","2021",2021-06-14,165,-0.494104872972235,-1.00214036686339,7.54815745393635,1.52
"519","2021",2021-06-15,166,-0.4045009538663,-0.182840515047311,7.67131913107356,2.51
"520","2021",2021-06-16,167,-0.403358056654664,-0.350405339587138,7.76475512766848,2
"521","2021",2021-06-17,168,-0.391436689556211,-0.160140660527188,8.1861624766258,2.46
"522","2021",2021-06-18,169,-0.41918501465859,0.215695759313618,8.23272273105745,3.44
"523","2021",2021-06-19,170,-0.394634433773365,1.22638477154781,8.30540427314621,5.47
"524","2021",2021-06-20,171,-0.449145067366305,0.890219956450574,8.76898899947616,4.66
"525","2021",2021-06-21,172,-0.485864705232735,0.00665762394216133,9.13115091620342,3.04
"526","2021",2021-06-22,173,-0.491885146080715,0.191549645464552,8.90389929382868,3.48
"527","2021",2021-06-23,174,-0.481502728691164,0.334324063802478,9.07977963680882,3.66
"528","2021",2021-06-24,175,-0.470802736602673,0.557417989996351,9.29783558581445,3.95
"529","2021",2021-06-25,176,-0.429242760299152,1.23759128735343,8.90047005926834,5.22
"530","2021",2021-06-26,177,-0.428410979325599,1.27614634139142,8.94441611422743,4.91
"531","2021",2021-06-27,178,-0.44719935416516,0.868829190625841,8.90593047034765,4.76
"532","2021",2021-06-28,179,-0.465654415729519,0.31506259767931,8.78738222040147,3.56
"533","2021",2021-06-29,180,-0.457871850883805,0.542529223889024,8.78759880915717,3.83
"534","2021",2021-06-30,181,-0.466491967310861,0.552743140874698,8.5555904194122,4.97
"535","2021",2021-07-01,182,-0.484489148897512,-0.140200850003514,8.65837080414096,3.63
"536","2021",2021-07-02,183,-0.445689746128639,0.0067233765437317,8.61835949682919,3.73
"537","2021",2021-07-03,184,-0.465081303384686,-0.056063362875826,8.24817518248175,4.02
"538","2021",2021-07-04,185,-0.449993667262662,0.00678830261091164,8.13477485042511,4.29
"539","2021",2021-07-05,186,-0.439942359896051,0.385273461740062,8.47297863426896,5.11
"540","2021",2021-07-06,187,-0.405949403832751,0.598875588120611,8.54133754607688,5.45
"541","2021",2021-07-07,188,-0.378174788788168,0.872751547934948,8.67872922364822,5.3
"542","2021",2021-07-08,189,-0.410051982636131,0.508087673561624,9.0313182811362,4.44
"543","2021",2021-07-09,190,-0.392251673294617,0.571054594998344,8.40099937539038,4.63
"544","2021",2021-07-10,191,-0.399884800227407,0.44412395701291,7.93650793650794,4.27
"545","2021",2021-07-11,192,-0.380472256918583,0.400926445054281,7.87515502273667,4.35
"546","2021",2021-07-12,193,-0.370267745619562,0.296168290667389,7.85868781542898,3.74
"547","2021",2021-07-13,194,-0.354159543652718,0.33916833713433,7.81411716000828,4.19
"548","2021",2021-07-14,195,-0.264503347148122,0.982931495197213,7.83157459135113,4.96
"549","2021",2021-07-15,196,-0.193075409313731,0.879895359254502,7.77674225950088,4.9
"550","2021",2021-07-16,197,-0.220386934521098,0.798304254587704,7.74019506121602,4.78
"551","2021",2021-07-17,198,-0.247112722588222,0.631128991136991,7.89964752228903,4.14
"552","2021",2021-07-18,199,-0.302813417111337,0.341857341267671,7.71959107031087,3.71
"553","2021",2021-07-19,200,-0.269352017860698,0.070268854606772,7.58533501896334,3.35
"554","2021",2021-07-20,201,-0.233309687666303,-0.0991233972856348,7.69393139841689,3.58
"555","2021",2021-07-21,202,-0.205503396194078,0.197138359578063,7.91025911101748,3.6
"556","2021",2021-07-22,203,0.149593375001556,1.01973818606552,8.0618036577675,4.36
"557","2021",2021-07-23,204,-0.243468924892645,0.347328508043656,8.02331743508214,4.15
"558","2021",2021-07-24,205,-0.215501772521466,0.601409170725034,8.21787414066631,4.53
"559","2021",2021-07-25,206,-0.216601388241784,0.305676404176643,8.06845965770171,4.31
"560","2021",2021-07-26,207,-0.217805372441524,0.0927595123012922,7.41849278460716,3.77
"561","2021",2021-07-27,208,-0.216624416243936,0.305708902199626,7.29321709547098,3.83
"562","2021",2021-07-28,209,-0.21759603365981,0.0497884128872675,7.16574113626655,3.44
"563","2021",2021-07-29,210,-0.152527604295195,0.30629505049954,7.42437153813379,3.7
"564","2021",2021-07-30,211,-0.206876178927641,0.177166611831516,7.45414060014845,3.5
"565","2021",2021-07-31,212,-0.187712121201311,0.218792742344303,7.54856418918919,3.53
"566","2021",2021-08-01,213,-0.214323052402489,0.260224192151831,7.5523298622068,3.36
"567","2021",2021-08-02,214,-0.25271939377502,0.134575039957677,7.08227311280746,2.99
"568","2021",2021-08-03,215,-0.269749879039222,-0.120275106449937,7.03734965182528,2.99
"569","2021",2021-08-04,216,-0.30765971557279,-0.269780640857473,6.91043985161632,2.92
"570","2021",2021-08-05,217,-0.28715857195261,0.0701653658665558,7.1849358300021,3.11
"571","2021",2021-08-06,218,-0.314265079074133,0.238980038386917,7.21194280908326,3.25
"572","2021",2021-08-07,219,-0.304433079856243,0.427911646774654,7.29942317776612,3.16
"573","2021",2021-08-08,220,-0.32187206444925,0.574042532393689,7.41942235244872,3.07
"574","2021",2021-08-09,221,-0.330476482767365,0.783079019340075,7.45114432020065,3.13
"575","2021",2021-08-10,222,-0.268362480690012,0.828679508278303,7.32654560722158,3.49
"576","2021",2021-08-11,223,-0.204512499315155,1.05904985760268,7.46331236897275,3.48
"577","2021",2021-08-12,224,0.0132283414792849,1.48901086633113,7.39295507276946,4.41
"578","2021",2021-08-13,225,-0.0506709904147506,1.19320199002176,7.24912947135169,4.48
"579","2021",2021-08-14,226,-0.188308537599959,1.04877805251837,7.01122643507731,4.44
"580","2021",2021-08-15,227,-0.160427803998644,1.27956347998317,7.04701531959852,4.95
"581","2021",2021-08-16,228,-0.196431650626074,0.937494313487457,7.17446270543616,4.54
"582","2021",2021-08-17,229,-0.232842773397748,0.620086052123057,7.15188540130609,4.02
"583","2021",2021-08-18,230,-0.252131301257244,0.325393611565558,7.02348212396869,4.03
"584","2021",2021-08-19,231,-0.180214063104084,0.284969599876259,6.93586192201151,3.84
"585","2021",2021-08-20,232,-0.0419353387768118,0.30629505049954,6.89177673625905,4.02
"586","2021",2021-08-21,233,-0.0693102395340429,0.6033234704727,7.10875331564987,4.02
"587","2021",2021-08-22,234,-0.0599776687357893,0.538046766880292,7.10128055878929,3.89
"588","2021",2021-08-31,243,NA,NA,NA,NA
"589","2021",2021-09-01,244,-0.250778466289951,0.682737168628052,7.18569174118885,2.85
"590","2021",2021-09-02,245,-0.213918032460941,0.871010626212033,7.16010498687664,3.01
"591","2021",2021-09-03,246,-0.185305806359439,1.05297922267114,7.36842105263158,2.87
"592","2021",2021-09-04,247,-0.15725447026172,1.17108277334675,7.3943661971831,2.6
"593","2021",2021-09-05,248,-0.17468648107972,1.08487887853267,7.31178353815966,2.59
"594","2021",2021-09-06,249,-0.157221905658228,1.00453397206744,7.09256574860219,2.63
"595","2021",2021-09-07,250,-0.129849315902581,1.10424501810035,7.24084579680247,2.73
"596","2021",2021-09-08,251,-0.0581200894148777,1.32439354083121,7.28130448159163,2.77
"597","2021",2021-09-09,252,-0.0226051561304115,1.3641745677643,7.13041696547485,2.96
"598","2021",2021-09-10,253,-0.0137666953982413,1.1812325289015,7.04095247870266,3.03
"599","2021",2021-09-11,254,-0.0669930271365352,1.07731331974483,6.56342939185725,2.94
"600","2021",2021-09-12,255,-0.0492421017391911,1.13896656991234,6.07054963084495,3.03
"601","2021",2021-09-13,256,-0.0843238125376179,1.25643857614979,6.19450964384121,2.75
"602","2021",2021-09-14,257,-0.16327255143144,1.25247625714057,6.28687690742625,2.56
"603","2021",2021-09-15,258,-0.0843496364900079,1.2978142248871,6.14536545528787,2.55
"604","2021",2021-09-16,259,-0.0311878307150805,1.43352635136072,6.1935221849934,2.52
"605","2021",2021-09-17,260,-0.0136157662435351,1.49437832133845,6.16181098365648,2.58
"606","2021",2021-09-18,261,-0.0576706005784545,1.19156627645654,6.06492317085581,2.47
"607","2021",2021-09-19,262,-0.0928500716895534,1.04812418992785,6.08279930831045,2.35
"608","2021",2021-09-20,263,-0.0574193507481735,1.3084256754453,6.20060790273556,2.4
"609","2021",2021-09-21,264,0.0127006008410874,1.38894840980656,6.19684082624544,2.49
"610","2021",2021-09-22,265,0.0388291660189838,1.50498175624369,6.19263741805345,2.58
"611","2021",2021-09-23,266,0.0212567595657869,1.59720794919384,6.19797412496239,2.57
"612","2021",2021-09-24,267,0.0471181369843215,1.67171515339424,6.27560707504747,2.6
"613","2021",2021-09-25,268,0.0383037688865012,1.70434783397855,6.31777932544025,2.67
"614","2021",2021-09-26,269,0.115466493609164,1.81931332578141,6.26116292915261,2.66
"615","2021",2021-09-27,270,0.141939899248509,1.64835746188941,6.17333200359031,2.58
"616","2021",2021-09-28,271,0.0901407054258738,1.42767440719869,6.17148554336989,2.64
"617","2021",2021-09-29,272,-0.01341960112707,1.07110109559609,6.10305152576288,2.43
"618","2021",2021-09-30,273,-0.00475851049886897,1.09009782310185,6.14692653673163,2.53
"619","2021",2021-10-01,274,0.0299099273829384,0.791144370715242,6.12285800180379,2.55
"620","2021",2021-10-02,275,NA,NA,NA,2.78
"621","2021",2021-10-03,276,NA,NA,NA,2.78
"622","2021",2021-10-04,277,NA,NA,NA,2.67
"623","2021",2021-10-05,278,NA,NA,NA,2.72
"624","2021",2021-10-06,279,-0.108292518821957,0.68724078259817,6.20325122170141,2.15
"625","2021",2021-10-07,280,-0.0564302491172431,0.986016366810563,6.25311162003386,2.19
"626","2021",2021-10-08,281,0.0038852838924311,1.18924563838138,6.17074388417374,2.5
"627","2021",2021-10-09,282,-0.151844916484717,0.889869602362294,6.14,2.42
"628","2021",2021-10-10,283,-0.254219882025828,0.64526367582874,6.42338669583375,1.9
"629","2021",2021-10-11,284,-0.159492117715498,0.724685468191799,6.35993242571798,2.01
"630","2021",2021-10-12,285,-0.279583977038161,0.564511437427301,6.42311128760052,1.88
"631","2021",2021-10-13,286,-0.287602240803455,0.463931176156708,6.44010700485485,1.83
"632","2021",2021-10-14,287,-0.286948340888619,0.323946666013434,6.44523527085805,1.84
"633","2021",2021-10-15,288,-0.141132382133184,0.758333964687196,6.41632170313424,1.98
"634","2021",2021-10-16,289,-0.216641443614095,0.51791230594894,6.4484515876127,2.06
"635","2021",2021-10-17,290,-0.173481238366554,0.535227869992594,6.39086740169773,2.1
"636","2021",2021-10-18,291,-0.0553554397230389,0.614245313357934,6.29029107247509,2.13
"637","2021",2021-10-19,292,-0.147867286478447,0.436428482938801,6.4660629077807,2.07
"638","2021",2021-10-20,293,-0.0972583036986745,0.572953477260954,6.42335766423358,2.05
"639","2021",2021-10-21,294,-0.138968279223922,0.64928086737779,6.46350931677019,2.01
"640","2021",2021-10-22,295,-0.180269672990689,0.491540549188038,6.47781107995746,1.97
"641","2021",2021-10-23,296,-0.263385699052635,0.00624007709129247,6.45503666538016,1.84
"642","2021",2021-10-24,297,-0.32864862761934,-0.109485925752257,6.61736457933154,1.78
"643","2021",2021-10-25,298,-0.293521275682511,0.00617159642849081,6.60368355759137,2.06
"644","2021",2021-10-26,299,-0.276401582215699,-0.0703124090297353,6.48447914682917,1.97
"645","2021",2021-10-27,300,-0.340880859304033,-0.222321930290077,6.65655224729755,1.81
"646","2021",2021-10-28,301,-0.405475235790351,-0.373668139037929,6.75305022226426,1.77
"647","2021",2021-10-29,302,-0.437009029513951,-0.448395237941186,6.83833239011507,1.72
"648","2021",2021-10-30,303,-0.436473832398201,-0.504588424079678,6.82053697597739,1.62
"649","2021",2021-10-31,304,-0.435653007137462,-0.503639503677083,6.77950164551011,1.58
"650","2021",2021-11-01,305,NA,NA,NA,1.64
"651","2021",2021-11-02,306,NA,NA,NA,1.5
"652","2021",2021-11-03,307,NA,NA,NA,1.39
"653","2021",2021-11-04,308,NA,NA,NA,1.32
"654","2021",2021-11-05,309,NA,NA,NA,1.35
"655","2021",2021-11-06,310,NA,NA,NA,1.4
"656","2021",2021-11-07,311,NA,NA,NA,1.53
"657","2022",2022-04-13,103,NA,NA,NA,NA
"658","2022",2022-04-14,104,NA,NA,NA,NA
"659","2022",2022-04-15,105,NA,NA,NA,NA
"660","2022",2022-04-16,106,NA,NA,NA,NA
"661","2022",2022-04-17,107,NA,NA,NA,NA
"662","2022",2022-04-18,108,NA,NA,NA,NA
"663","2022",2022-04-19,109,NA,NA,NA,NA
"664","2022",2022-04-20,110,3.18099960819174,0.69135523451703,5.85263891308134,1.56
"665","2022",2022-04-21,111,2.31413131340642,0.608695728423702,5.86492374727669,1.57
"666","2022",2022-04-22,112,2.71899623977136,0.626513136075657,4.94193661049507,1.55
"667","2022",2022-04-23,113,2.1525627243957,0.511897870358188,3.77738825591586,1.58
"668","2022",2022-04-24,114,1.98476908965446,0.429850253449813,4.28320140721196,1.55
"669","2022",2022-04-25,115,2.67593361112269,0.516789479807727,3.47726066182976,1.64
"670","2022",2022-04-26,116,2.55696106214285,0.515922153589517,3.11809910785266,1.6
"671","2022",2022-04-27,117,2.39929589662754,0.465559804661076,5.11619687196253,1.7
"672","2022",2022-04-28,118,2.30936549480328,0.397850472726413,3.99081758785096,1.66
"673","2022",2022-04-29,119,2.12601711003349,0.364438198133446,4.39123520056547,1.61
"674","2022",2022-04-30,120,2.04909326759543,0.331125041915022,5.04201680672269,1.55
"675","2022",2022-05-01,121,2.28160956390692,0.331594348378893,5.9526973159713,1.49
"676","2022",2022-05-02,122,3.25661864734632,0.570226666568065,5.93988973857372,1.54
"677","2022",2022-05-03,123,2.71199512460542,0.450902934251189,5.83377730420884,1.59
"678","2022",2022-05-04,124,1.88457091918284,0.249531462283049,5.33047133530096,1.42
"679","2022",2022-05-05,125,2.21727369191613,0.251874269187214,4.81177214047125,2.56
"680","2022",2022-05-06,126,1.41174190172819,0.0960357780089585,5.39211302870428,2.29
"681","2022",2022-05-07,127,0.561531228823441,-0.195776964984056,5.32923855116972,2.12
"682","2022",2022-05-08,128,1.99334963781804,0.21658738891842,5.42217426490423,2.55
"683","2022",2022-05-09,129,0.834135350876425,-0.0233672827758906,5.39523212045169,2.31
"684","2022",2022-05-10,130,2.08523646330914,0.151424332742568,5.40018399264029,2.47
"685","2022",2022-05-11,131,2.92618477821476,0.352881655245977,5.46757164404223,2.53
"686","2022",2022-05-12,132,2.21257395270334,0.046933493598565,5.51659654043946,2.4
"687","2022",2022-05-13,133,2.16533257289477,-0.0788585731677002,5.50189393939394,2.34
"688","2022",2022-05-14,134,-0.143138041889713,-0.698588571277943,5.93195411314835,1.81
"689","2022",2022-05-15,135,-0.751254046876694,-0.831737792267359,5.85979746337626,1.65
"690","2022",2022-05-16,136,-0.595789414328166,-0.746187031497941,5.94280174503151,1.74
"691","2022",2022-05-17,137,-0.881805835867632,-0.806882671871467,5.89383294301327,1.58
"692","2022",2022-05-18,138,-0.927058697851113,-0.740586859415113,5.85009140767825,1.65
"693","2022",2022-05-19,139,-0.875725295961917,-0.701195849925836,5.76056743026934,1.71
"694","2022",2022-05-20,140,-0.93856772860899,-0.698184415181928,5.86944073296431,1.65
"695","2022",2022-05-21,141,-0.970446282394423,-0.718851538602639,5.81306263167976,1.67
"696","2022",2022-05-22,142,-0.939374597417614,-0.680571672410329,5.73120641895119,1.59
"697","2022",2022-05-23,143,-0.942525652708932,-0.701128646949995,5.7120950737972,1.34
"698","2022",2022-05-24,144,-0.898878673256001,-0.678756295938243,5.782604553682,1.31
"699","2022",2022-05-25,145,-0.849045259279147,-0.622543268765553,5.64316929507885,1.4
"700","2022",2022-05-26,146,-0.845356283946156,-0.590352737650774,5.55768127032715,1.68
"701","2022",2022-05-27,147,-0.843098129400221,-0.64334687186021,5.55237550085861,1.46
"702","2022",2022-05-28,148,-0.815264697028125,-0.625693731216099,5.64308221140075,1.57
"703","2022",2022-05-29,149,-0.826441157555945,-0.645193447267386,5.58744737849216,1.59
"704","2022",2022-05-30,150,-0.854075917352093,-0.680896869119241,5.61926605504587,1.54
"705","2022",2022-05-31,151,-0.845279944430098,-0.670816810936561,5.66895617684048,1.83
"706","2022",2022-06-01,152,-0.82561113053286,-0.697084907392989,5.69415908423833,2.04
"707","2022",2022-06-02,153,-0.843139382994118,-0.788507775258788,NA,1.3
"708","2022",2022-06-03,154,-0.785903043790773,-0.82694086853874,NA,1.07
"709","2022",2022-06-04,155,-0.641351532339454,-0.623502448374529,NA,1.74
"710","2022",2022-06-05,156,-0.651441008215607,-0.698588571277943,5.56917344837729,1.98
"711","2022",2022-06-06,157,-0.641037421490037,-0.660550681833551,5.70085218924478,1.97
"712","2022",2022-06-08,159,-0.279824221893368,-0.455284253689477,5.79127878490936,2.06
"713","2022",2022-06-09,160,-0.368904791665636,-0.60665954186584,5.56374717389167,2.13
"714","2022",2022-06-10,161,-0.104798188843104,-0.345891064298869,5.46172839506173,2.7
"715","2022",2022-06-11,162,0.121719384877473,-0.327188574470264,5.57257188024899,2.53
"716","2022",2022-06-12,163,0.239971496781812,-0.157667001472572,6.2555588496887,2.25
"717","2022",2022-06-13,164,NA,NA,NA,2.24
"718","2022",2022-06-14,165,0.122493973783922,-0.348229792783738,6.1151436810182,1.87
"719","2022",2022-06-15,166,0.00356828295261721,-0.351303744209655,6.06881332129602,2.07
"720","2022",2022-06-16,167,-0.0165524301145535,-0.122672472494285,5.7189047186016,3.42
"721","2022",2022-06-17,168,0.0846255629403906,-0.0845857321128405,5.77958354494667,3.94
"722","2022",2022-06-18,169,0.00362500894269245,-0.123722557859567,5.49271374707021,3.92
"723","2022",2022-06-19,170,-0.19843387609982,-0.180981239407586,5.79592663897051,3.88
"724","2022",2022-06-20,171,-0.353943536095199,-0.300280040437438,5.5544168887067,3.79
"725","2022",2022-06-21,172,-0.427344485106667,-0.301609123477975,5.80545548121462,4.38
"726","2022",2022-06-22,173,-0.307683705488913,-0.42417089197955,5.73659552316502,4.65
"727","2022",2022-06-23,174,-0.394914074041304,-0.529045431603297,5.75607702830685,4.5
"728","2022",2022-06-24,175,-0.436648261759704,-0.56887480691535,5.90029448885149,4.67
"729","2022",2022-06-25,176,-0.36119860125674,-0.286494579667017,6.05521857352018,5.09
"730","2022",2022-06-26,177,NA,NA,NA,5.07
"731","2022",2022-06-27,178,-0.347105993833981,-0.0664467627898587,6.03332298458036,4.99
"732","2022",2022-06-28,179,-0.192148052975285,0.11102740674808,5.8720148867983,5.06
"733","2022",2022-06-29,180,-0.0274666674633025,0.171563737430864,5.52428601209089,4.24
"734","2022",2022-06-30,181,-0.254066489888838,0.387111540728989,5.51189245087901,3.85
"735","2022",2022-07-01,182,-0.0170751929167955,0.290807929933997,5.49301646862622,3.79
"736","2022",2022-07-02,183,-0.162776400796615,0.271301515079246,5.40653376474272,3.69
"737","2022",2022-07-05,186,-0.596250530545781,-0.309379435602209,5.34262485481998,2.94
"738","2022",2022-07-06,187,-0.474844505896694,0.0921732903747963,5.74976520922467,3.26
"739","2022",2022-07-07,188,-0.593493302658864,-0.0875193413190662,5.6962690488702,3.19
"740","2022",2022-07-08,189,-0.392723780411732,0.0126214719978687,6.17413143574718,2.34
"741","2022",2022-07-09,190,-0.485399865011191,-0.0670224497743637,6.06471816283925,9.82
"742","2022",2022-07-10,191,-0.413979266702932,-0.147141607215716,6.0856813658741,27.72
"743","2022",2022-07-11,192,-0.215795295169164,-0.0673246376049496,6.25983013526266,26.51
"744","2022",2022-07-12,193,0.0558806368892519,0.112375024115746,6.24673014544313,37.59
"745","2022",2022-07-13,194,0.577284684802301,0.371621039229792,6.38075313807531,41.79
"746","2022",2022-07-14,195,NA,NA,NA,NA
"747","2022",2022-07-15,196,NA,NA,NA,NA
"748","2022",2022-07-16,197,NA,NA,NA,NA
"749","2022",2022-07-17,198,NA,NA,NA,NA
"750","2022",2022-07-18,199,NA,NA,NA,NA
"751","2022",2022-07-19,200,-0.292497386714353,-0.209804215190615,5.97537677775419,2.5
"752","2022",2022-07-20,201,-0.195667766757547,0.153206762090662,6.28487209179914,2.52
"753","2022",2022-07-21,202,-0.122264321554205,0.273787635977908,6.3092479460712,2.54
"754","2022",2022-07-22,203,-0.206445701373511,0.414720647550267,6.24077588024457,2.41
"755","2022",2022-07-23,204,-0.122677813235639,0.556831569366878,6.18262523779328,2.34
"756","2022",2022-07-24,205,0.214058469437655,1.2797081538445,6.04366627992828,2.39
"757","2022",2022-07-25,206,0.20395186450425,2.0278754140417,5.65419573028958,2.46
"758","2022",2022-07-26,207,0.427612337625908,3.05253803361548,5.38845785949623,2.47
"759","2022",2022-07-27,208,0.467412293829291,3.33806176043502,5.475108339499,2.84
"760","2022",2022-07-28,209,0.571157860445911,4.17259736462913,5.32251264755481,3.31
"761","2022",2022-07-29,210,0.831830611911525,5.02454807481223,5.14141520344864,3.91
"762","2022",2022-07-30,211,1.72935984462496,7.17674426423906,5.17150395778364,4.68
"763","2022",2022-07-31,212,2.71976292981428,8.81722766383753,5.28031976438414,6.01
"764","2022",2022-08-01,213,-0.382411037246449,0.0924627490486415,5.21302208730242,3.15
"765","2022",2022-08-02,214,-0.478187778479195,-0.167657880191357,5.40142917192097,2.92
"766","2022",2022-08-03,215,-0.331201428327494,0.072716554104899,5.48031496062992,2.96
"767","2022",2022-08-04,216,-0.428279871685031,-0.148479116804613,5.30599302399323,2.73
"768","2022",2022-08-05,217,-0.49020985734843,-0.328990522707256,5.11279780729496,2.71
"769","2022",2022-08-06,218,-0.580592258467517,-0.71869997984,5.11563465842481,2.47
"770","2022",2022-08-07,219,-0.408630064956905,-0.45235817578236,5.15485787017395,2.55
"771","2022",2022-08-08,220,-0.470380373410361,-0.269371137916244,5.1997463538364,2.52
"772","2022",2022-08-09,221,-0.610970080969411,-0.433144951888537,5.08186264086753,2.47
"773","2022",2022-08-10,222,-0.578311800552093,-0.452742344084511,5.16985138004246,2.73
"774","2022",2022-08-11,223,-0.567848943979776,-0.594556501164118,5.14971331492886,2.8
"775","2022",2022-08-12,224,-0.321173023341063,-0.0274108642991366,5.85576114381833,2.73
"776","2022",2022-08-13,225,-0.412984332206154,-0.0272447378488388,6.1128526645768,2.11
"777","2022",2022-08-14,226,-0.421727296629067,0.171313748637772,6.11990008326395,2.01
"778","2022",2022-08-15,227,-0.421771194546901,0.111790163992316,5.97481003434995,2.09
"779","2022",2022-08-16,228,-0.52576423346912,-0.00729570732072029,5.97729876080392,2.02
"780","2022",2022-08-17,229,-0.538501175693249,-0.166868778150921,5.8989645434578,2.03
"781","2022",2022-08-18,230,-0.53906499223151,-0.406605586184805,5.86326039158203,2.16
"782","2022",2022-08-19,231,NA,NA,NA,2.12
"783","2022",2022-08-20,232,-0.452762048533782,-0.106495108893176,5.93132154006244,2.14
"784","2022",2022-08-21,233,-0.493744959834345,-0.0469234516658934,5.91476091476092,2.08
"785","2022",2022-08-22,234,-0.61059847398407,-0.226365198886526,5.82767624020888,2
"786","2022",2022-08-23,235,-0.677101831182244,-0.448080781810894,5.69447362891364,1.94
"787","2022",2022-08-24,236,-0.707558771334609,-0.607512809964974,5.68670653656489,1.94
"788","2022",2022-08-25,237,-0.611876545096543,-0.486255971627536,5.73521716378859,1.99
"789","2022",2022-08-26,238,-0.676675265559912,-0.507858806458801,5.61738765224695,1.98
"790","2022",2022-08-27,239,-0.619328840245459,-0.364768985108432,5.85355692115405,1.92
"791","2022",2022-08-28,240,-0.524671509301046,-0.264864356953497,5.95448404863348,1.82
"792","2022",2022-08-29,241,-0.546129609531981,-0.205699824716543,5.9417273673257,1.91
"793","2022",2022-08-30,242,-0.513404370041989,-0.145722087561042,6.00622406639004,1.91
"794","2022",2022-08-31,243,-0.513244646604249,-0.185222840580054,5.90065332365446,1.91
"795","2022",2022-09-01,244,-0.493898982386024,-0.26502960455064,5.86461474472289,1.88
"796","2022",2022-09-02,245,-0.482979923847861,-0.12609986085126,5.96177814707104,1.91
"797","2022",2022-09-03,246,-0.368579694224265,0.01251019462832,6.07820765480759,1.95
"798","2022",2022-09-04,247,-0.428093593814319,0.110741194625096,6.13528562590225,1.87
"799","2022",2022-09-05,248,-0.426905056330207,0.149646378724854,6.10796915167095,1.82
"800","2022",2022-09-06,249,-0.563244123366492,-0.0466711750440338,6.0070306038048,1.66
"801","2022",2022-09-07,250,-0.597378854635996,-0.304587591953069,5.89397089397089,1.79
"802","2022",2022-09-08,251,-0.575993455300582,-0.423025793527524,5.9495379503686,1.85
"803","2022",2022-09-09,252,-0.541509032975891,-0.302324869437528,6.05654147750722,1.76
"804","2022",2022-09-10,253,-0.53045639200527,-0.321533494580778,6.0168967648877,1.68
"805","2022",2022-09-11,254,-0.465946641409791,-0.143841995094045,6.20520172025394,1.79
"806","2022",2022-09-12,255,-0.439410552051065,-0.103354675465908,6.66532013734599,2.09
"807","2022",2022-09-13,256,-0.570932036679718,-0.238410498751491,6.29865534324133,1.74
"808","2022",2022-09-14,257,-0.450662119603972,-0.16154641432776,6.26771972458485,1.82
"809","2022",2022-09-15,258,-0.359299983014776,-0.0842008627554009,6.24873609706775,1.78
"810","2022",2022-09-16,259,-0.248817394898224,0.0122149874834548,6.1980960097225,1.87
"811","2022",2022-09-17,260,-0.288765920155913,0.0507587940172568,6.27970472241885,1.72
"812","2022",2022-09-18,261,-0.2189927470646,0.108999097277396,6.17070942860043,1.77
"813","2022",2022-09-19,262,-0.363489855975464,-0.0461746731818632,5.98404255319149,1.83
"814","2022",2022-09-20,263,-0.350388660364913,0.0122360542164586,6.18849548544182,1.61
"815","2022",2022-09-21,264,-0.26912001730734,0.108811358204071,6.30192502532928,1.6
"816","2022",2022-09-22,265,-0.287834511079712,0.146689953946094,6.26952928132245,1.6
"817","2022",2022-09-23,266,-0.216640114139307,0.203546729371158,6.22489959839357,1.76
"818","2022",2022-09-24,267,-0.245461380480075,0.316850255511219,6.34429013887501,1.64
"819","2022",2022-09-25,268,-0.274247226353133,0.315589034472265,6.38869539257638,1.68
"820","2022",2022-09-26,269,-0.27270041338043,0.370410508494886,6.39224223233723,1.77
"821","2022",2022-09-27,270,-0.133716976251867,0.574199243097417,6.39009044435706,1.92
"822","2022",2022-09-28,271,-0.0940966874069925,0.608994580445527,6.35215816775962,1.98
"823","2022",2022-09-29,272,-0.113556786229272,0.571390598785651,6.30013695949912,1.97
"824","2022",2022-09-30,273,-0.328349017955728,0.310460519570415,6.34361233480176,1.8
"825","2022",2022-10-01,274,-0.259929011725555,0.291680472022632,6.43898620217242,1.72
"826","2022",2022-10-02,275,-0.220258692909229,0.32803450787631,6.43965264903893,1.8
"827","2022",2022-10-03,276,-0.172041501333211,0.216940227733689,6.27934272300469,1.92
"828","2022",2022-10-04,277,-0.182113278113848,0.161275964815962,6.25122476974329,1.93
"829","2022",2022-10-05,278,-0.162544720104973,0.161244366860473,6.25979623824451,2.24
"830","2022",2022-10-06,279,-0.249270550314377,0.179080924407588,6.47425897035881,1.89
"831","2022",2022-10-07,280,-0.28675548139152,0.178212105639843,6.49136425383272,1.89
"832","2022",2022-10-08,281,-0.352690928636351,0.140501161720332,6.48773894574242,1.93
"833","2022",2022-10-09,282,-0.332509966806291,0.121752148771223,6.44074323673823,1.94
"834","2022",2022-10-10,283,-0.361304365612257,-0.135242218550924,6.52739000673919,1.79
"835","2022",2022-10-11,284,-0.484215395991557,-0.317586608057307,6.66538793516831,1.67
"836","2022",2022-10-12,285,-0.474517557737754,-0.335776320807867,6.69223394055609,1.72
"837","2022",2022-10-13,286,-0.520116207867168,-0.388978558092761,6.75004773725415,1.74
"838","2022",2022-10-14,287,-0.469743558011083,-0.368592440551544,6.74829157175399,1.83
"839","2022",2022-10-15,288,-0.5239320899131,-0.456823505167512,6.7434831885153,1.76
"840","2022",2022-10-16,289,-0.559903596534525,-0.473401010972329,6.75141242937853,1.63
"841","2022",2022-10-17,290,-0.612021980360216,-0.541494865030971,6.78948845038811,1.67
"842","2022",2022-10-18,291,-0.616273707707168,-0.554760788014904,6.76189592802152,1.69
"843","2022",2022-10-19,292,-0.660855466023956,-0.623941701594996,6.77276091783864,1.47
"844","2022",2022-10-20,293,-0.578908381126643,-0.642772837843087,6.63700407860586,1.32
"845","2022",2022-10-21,294,-0.567824799851708,-0.623076957483019,6.76337429548184,1.31
"846","2022",2022-10-22,295,-0.613938906190258,-0.640753407378602,6.77323969691369,1.26
"847","2022",2022-10-23,296,-0.550113442057235,-0.623883977318782,6.76288278286613,1.27
"848","2022",2022-10-24,297,-0.597114354599518,-0.660141280317218,6.79143889558047,1.23
"849","2022",2022-10-25,298,-0.514314200630438,-0.642892024351124,6.82366030038939,1.23
"850","2022",2022-10-26,299,-0.504229652091884,-0.641820934343875,6.80303591262495,1.26
"851","2022",2022-10-27,300,-0.375111633587491,-0.588985278949611,6.76726532123681,1.29
"852","2022",2022-10-28,301,-0.440124769607709,-0.536527482558948,6.64381022979985,1.18
"853","2022",2022-10-29,302,-0.44016555588976,-0.448229753749756,6.63515892873691,1.16
"854","2022",2022-10-30,303,-0.107569036125996,-0.306873835808872,6.62589194699286,1.2
"855","2022",2022-10-31,304,0.90163172060157,0.0820526374047072,6.50255457501161,1.34
"856","2022",2022-11-01,305,NA,NA,NA,1.48
"857","2022",2022-11-02,306,NA,NA,NA,1.61
"858","2022",2022-11-03,307,NA,NA,NA,1.36
"859","2022",2022-11-04,308,NA,NA,NA,1.23
"860","2022",2022-11-05,309,NA,NA,NA,1.28
"861","2022",2022-11-06,310,NA,NA,NA,1.53
"862","2022",2022-11-07,311,NA,NA,NA,1.41
"863","2022",2022-11-08,312,NA,NA,NA,1.43
"864","2022",2022-11-09,313,NA,NA,NA,1.5
"865","2022",2022-11-10,314,NA,NA,NA,1.46
"866","2022",2022-11-11,315,NA,NA,NA,1.42
"867","2022",2022-11-12,316,NA,NA,NA,1.5
"868","2022",2022-11-13,317,NA,NA,NA,1.56
"869","2022",2022-11-14,318,NA,NA,NA,1.47
"870","2022",2022-11-15,319,NA,NA,NA,1.46
"871","2022",2022-11-16,320,-0.258472681428477,-0.351510676470951,6.62563359884142,1.49
"872","2022",2022-11-17,321,-0.18527545282934,-0.263785797136165,6.59884767734966,1.59
"873","2022",2022-11-18,322,-0.11279402913958,-0.21101729245199,6.60402684563758,1.71
"874","2022",2022-11-19,323,-0.0765674469911191,-0.175650907724007,6.58432557312955,1.81
"875","2022",2022-11-20,324,-0.076269255482214,-0.141213700469194,6.54983182864224,1.78
"876","2022",2022-11-21,325,0.011928396786052,-0.107062562634562,6.56084656084656,1.82
"877","2022",2022-11-22,326,0.161256210691694,-0.0229740189632027,6.53802097101066,1.85
"878","2022",2022-11-23,327,0.108539373951092,0.0610242447444196,6.51101321585903,1.95
"879","2022",2022-11-24,328,0.108539373951092,0.111421988483409,6.51982378854626,2.03
"880","2022",2022-11-25,329,0.222473588201562,-0.00616568488963099,6.52996567807797,1.87
"881","2022",2022-11-26,330,NA,NA,NA,1.91
"882","2022",2022-11-27,331,0.432358030569798,0.0441045351055841,6.52842456726122,1.96
"883","2022",2022-11-28,332,0.493676952245776,0.0273510456220141,6.51085141903172,1.93
