date,lon,lat,Comp.1,Comp.2,Comp.3,Comp.4,Comp.5,Comp.6,Comp.7,Comp.8,Comp.9,Comp.10,Comp.11,Comp.12,Comp.13,Comp.14,Comp.15,Comp.16,Comp.17,Comp.18,Comp.19,Comp.20,Comp.21,Comp.22,Comp.23,Comp.24,Comp.25,Comp.26,Comp.27,Comp.28,Comp.29,Comp.30,Comp.31,Comp.32,Comp.33,Comp.34,Comp.35,Comp.36,ll
2020_06_02,-89.405205,43.098522,10.50160289164256,0.2543364154367125,-0.2426237911392652,0.8426324333618609,-0.0707892682575482,-0.18095793566612933,-0.09368569711176844,0.34779281308008125,-0.06387025465621694,-0.00314195854279313,-0.01875177250344152,0.104570882385045,0.07317824063237104,0.05095657990680775,0.02055010970545503,0.05458481287840965,-0.04367501279629461,0.02859085469316799,-0.0991969811303857,-0.02975233275594106,-0.02211776786379664,-0.04333767479394541,-0.03859954194555227,0.0388120146136092,0.00695674129561973,-0.02412853395758948,-0.02951073633227049,0.00664232935709113,0.03032040425911515,-0.01566173388400436,0.01698824247570125,0.02185979278022401,0.00149724758484786,-0.00435682602484105,-0.03069344858405082,-0.00426054419200584,-89.405 43.099
2020_06_02,-89.40484,43.09853,9.977051163869431,0.3032607530657542,-0.21182342789355343,0.8061436126670184,-0.06531131101538859,-0.16074609042818075,-0.09869533930966846,0.33399068389005704,-0.05234313798033756,-0.00602375675210699,-0.03973599140666731,0.07110689133564067,0.06131289831249194,0.04519233527063573,0.04615154101758797,0.01779823390749371,-0.06234782788678023,0.00572333060489088,-0.08559576525209432,-0.04578125460850886,-0.00594507584766022,0.00210062879005157,-0.05693449408066127,-3.765870569867504e-4,-0.01618426828171664,-0.04601790178036591,-0.04673946654839292,-0.00725855141499428,0.01238822172425947,0.00211753491010754,0.02197721361040704,0.03932182040185861,0.00470069954705335,-0.00156338794779156,-0.0312099217213944,0.01581341408103513,-89.405 43.099
2020_06_02,-89.40522,43.098793,9.852721413848036,0.24205356720131785,-0.22657000554835355,0.8199576111573751,-0.07935139206916673,-0.1811195833944312,-0.09470473735515128,0.3157295987206058,-0.07011321677302222,0.0128423467039045,-0.01011036932519472,0.0985322752778464,0.07275014273163476,0.05926177450061753,0.01105617942941991,0.0601464326910389,-0.03857307076863947,0.01694333074753811,-0.08527596083770636,-0.04581494455310162,-0.012913993592481,-0.03672395666287353,-0.04418778094500778,0.02954436376980269,-0.0194177004799697,-0.02370825119768187,-0.03811517839391805,-0.00542028206799043,0.04293657571664116,0.00393844841986939,0.01931001265771696,0.04240002502195943,0.02194734624453166,0.0068446389963459,-0.02622015134944652,-0.00786801510103056,-89.405 43.099
2020_06_02,-89.404854,43.0988,9.680558910269152,0.2873202926233943,-0.17897010303283467,0.836069056444284,-0.07157065879136515,-0.17205492778363896,-0.09041470644353355,0.3050675763743901,-0.07814618023510154,-0.00653538734186609,-0.03899349629444365,0.133443282765491,0.07162404737767462,0.03358750998261003,0.06210474944719119,0.00217959147838938,-0.03707738554698792,0.04272992035186827,-0.10454312410563732,-0.02333217652433734,-0.00107310751667281,-0.02704080679498468,-0.04095430992032353,0.00595886657087864,-0.01663708939933198,-0.03893976011827427,-0.01675005774203195,-7.206210492622046e-4,0.02278120017604026,-0.01261096429640334,7.589592754175203e-4,0.04060205748398394,0.0032826405788744,0.03371800510189544,-0.03793385427453453,0.02319363807206603,-89.405 43.099
2020_06_02,-89.40523,43.09906,9.165309180316262,0.2624917133153529,-0.1929643750264055,0.7987449068103294,-0.10253912286575367,-0.15781175498224562,-0.09274325986982342,0.2760405728488576,-0.08522655691171,0.00599241575821946,-0.0242082069020275,0.10102909260800444,0.08125730472331892,0.04025539678348575,0.05267818832322968,0.02844019191639656,-0.02975880246220766,0.0158546654403204,-0.07120156207323233,-0.03407959490304927,-0.00644171585246084,-0.03197132462451328,-0.03789838227820297,0.01140514561376945,-0.04113779065015124,-0.03112663511252035,-0.06093913170169209,-0.02398518095013447,0.03514380622589509,0.02278119133591488,0.02189726944073378,0.04866016488358085,0.02825164198853674,-0.00185402249312314,-0.02376442105545963,-0.00827525678140967,-89.405 43.099
2020_06_02,-89.40486,43.099068,9.45407167176226,0.2115363544562298,-0.2153505596958014,0.8415154563591943,-0.0959407882369572,-0.15962301233300322,-0.08398738211413329,0.2990407593158398,-0.08034671871423445,-0.03059990448686802,-0.03880728305041879,0.02597066168677161,0.08473618956570092,0.02873517910175873,-0.00817449990649051,0.01182925942854524,-0.00643233054242865,0.02800792104613508,-0.11420700561672364,-0.02744430364597137,0.01438476855147661,-0.02700613348991842,-0.06061506802081636,0.00579729960341366,-0.02717244108514323,-0.04534481027534028,-0.04404407969025109,-0.00601618196194764,0.0518736876907874,0.00228133592000744,0.03762897731439568,0.05416272073964751,0.02624027728313516,0.03449696908715817,-0.02129337943997783,-0.0070790742215001,-89.405 43.099
2020_06_02,-89.40524,43.09933,8.733450136294934,0.3344987100203334,-0.12863838640744366,0.7867689958390627,-0.07924625694645036,-0.13133195781451296,-0.10608658658098576,0.2821275282785641,-0.12228937678057676,0.02149965452486577,-0.04067171723928589,0.13334438093952572,0.07003867185253213,-0.00633607245684553,0.09092380781327122,-0.01234376827985173,0.00312726704487741,0.01723700596489984,-0.0799335993256928,-0.00934993381397933,-0.00654411089928165,-0.03305292500455384,-0.02528563722461156,-0.00827572104850912,-0.00642239105696956,-0.01642491705543846,-0.05312300688793418,-0.00427117537302702,0.0023208158993246,-0.00228115883295852,0.01650844220813831,0.03486215757304788,0.02093281473282385,-0.00830855974921017,-0.02248222554075953,0.00472202236515882,-89.405 43.099
2020_06_02,-89.40487,43.09934,9.049811679940332,0.2474064520890968,-0.19855129577610703,0.8160892447069823,-0.08949688409114734,-0.15492528564315322,-0.08502755024123942,0.2932391447874174,-0.10155611014990962,-0.02053144514830507,-0.03575055595477607,0.05829964663013216,0.08142550879259457,0.02113506875462996,0.01661791437015778,0.01003683538499108,0.00364186438143219,0.02294480842275836,-0.10544840901426417,-0.02794497358479691,0.01307951203076381,-0.03146740834976699,-0.06787367428464154,0.01214566563257171,-0.01413041084062853,-0.03518126849571743,-0.0471896994908958,0.01830147466358191,0.02968456582065854,-0.01306170987133056,0.02775598080342132,0.04801768724781731,0.02118520698909068,0.00488244811821114,-0.017794213812064,-0.00264178159816501,-89.405 43.099
2020_12_25,-89.40529,43.09875,3.122710021158463,1.1504576821772792,0.20580726130520463,-0.00558558799583004,-0.06514252678796902,-0.10518680074022609,-0.13430085084174995,0.11942465411328124,-0.05588682951737749,-0.00580020794469835,0.01107015554158756,0.03411805466038682,0.06895538281175158,0.02314098865237493,0.01328799288125917,0.02440240425684299,0.00741039787226937,0.01187298950946209,-0.01191692209292666,-0.00656245418674722,0.03466790296579732,-0.02009863475430396,-0.00761217516153586,0.02164115844773059,-0.03395190720465008,-0.0269258789869471,-0.00534140071766946,0.00240053402855899,0.00421103822482478,-0.00445790364655712,0.00196777375160182,0.02530926411302895,3.0688148298290845e-4,0.00733700124448841,-0.01706319588915114,-0.00193926244031725,-89.405 43.099
2020_12_25,-89.40492,43.09876,3.138133213232218,1.1591838956239362,0.21107130061784452,-0.0175746911677542,-0.0692106271540072,-0.11430745588514005,-0.14528112684156777,0.1140014579042834,-0.0608984437473849,0.00390670869452033,0.00601479411008539,0.05032652584823218,0.07209400549059573,0.02031567237310183,0.03247272738316011,0.02619712545236167,0.02481959900194504,0.00417226776926718,-0.02278637856049078,0.00603505163293068,0.03209809071945368,-0.00985947548668957,-0.00771995179215379,0.01889636945555716,-0.03029175566625215,-0.01050260652594882,-0.01051051254622379,0.00483142077177433,-0.00120902391326233,-0.0133442565677471,0.00772661959720425,0.0127876359869414,0.00779415962411695,0.0060345225260901,-0.02468730232596698,0.00372376124016928,-89.405 43.099
2020_12_25,-89.40456,43.098766,3.0231024672159568,1.140402691273935,0.2097911866362648,-0.02062692472490624,-0.07631426477950105,-0.11490059974132416,-0.15676110664265913,0.1157747321943412,-0.0595364830383323,0.01300674239962606,0.00253571356865629,0.05812368472652178,0.08030803149580584,0.03035756581496076,0.02931541171586953,0.03286079329177911,0.00850658210250733,0.00801243220880843,-0.02741298182786386,-0.0036048654119,0.03096539852461955,-0.01188195266068691,-0.0108262677426789,0.02364941118904334,-0.00743399172788488,0.00485577913837796,-0.00691520983489862,-6.402049220781706e-4,0.0109316805682047,-0.01552944696023812,0.01037783928906932,0.00467774374459716,0.0057536652937597,0.00492640003638741,-0.01776661238111013,0.01321014628382673,-89.405 43.099
2020_12_25,-89.40493,43.099026,2.9554086551364724,1.1390141149113218,0.2051036735028015,0.00469524041744893,-0.0928104144641322,-0.11454238877622544,-0.1236393155366832,0.14077231514315186,-0.02972999195332865,-0.02328088392156079,-3.107048512890149e-4,0.00905551736871241,0.07377213729099898,0.01225721155990658,0.01747065618344579,0.03219266401416257,0.02585643291603823,0.00164665196567084,-0.03435608438703621,-0.00931911233015507,0.02070896852451008,-0.02484647314043882,-0.01003201172968823,0.02106344691615938,-0.00936649097510744,-0.01239015871421531,-0.01046951525890641,0.00861718247982881,0.00528675567286372,-0.00794170889823484,0.00329846773162015,0.01531031166944825,0.01070286878282304,0.02573026498804182,-0.03006520892649637,0.0066593216601445,-89.405 43.099
2020_12_25,-89.405304,43.09902,3.1253338408492315,1.1271395964447035,0.19408363375942037,0.00108891678059647,-0.07547262643554378,-0.13174422083083637,-0.11637362760570875,0.13650227377018234,-0.06357296834986778,-0.03595820482538663,-1.1065197228716256e-4,0.03108927952156542,0.06334698076148859,0.00445191316432919,0.02567653618238853,0.0213727230615869,8.66850998188132e-4,0.00961508155021678,-0.0264232281966838,-0.0237095781536005,0.02031574368465676,-0.02462054095927999,0.0182737834196416,0.01296146443327969,-0.01604288939026754,-1.6643761269660113e-4,-0.00268722674960978,0.00754991270445485,0.00305875144065811,-0.01554448910017375,0.00806350545271039,0.0134115952630782,0.00356815953462232,0.00383946922370904,-0.01129877407257889,0.00877591127491899,-89.405 43.099
2020_12_25,-89.40531,43.09929,2.8709771895714553,1.1388432772192183,0.24478504321169617,-0.00549471776476505,-0.10621430659546607,-0.13150572039159925,-0.11434224067264157,0.1460453178918249,-0.03600649871385041,-0.01721779847033297,0.00269590527452884,0.01720393154176656,0.06563042299210095,0.01772763384227829,0.02130422334532222,0.03211030825281864,0.00246712814989592,-0.01083570219795132,-0.03009250948344759,-0.01535673996528079,0.00756279982817,-0.02062964450165249,0.00134569525597061,0.01748678043974024,-0.0145873250510644,-0.01634322287637062,0.00467671867347042,2.485679247702627e-4,0.00410320822193051,0.00418175447174169,-0.00328505745954731,0.01282084287900023,-0.00107171204929055,-0.00633927263078479,-0.02801022634538469,0.00931128913239824,-89.405 43.099
2020_12_25,-89.404564,43.099033,2.9166915743290147,1.167294219872172,0.19899469239219264,-0.01642671843498209,-0.09469534811371662,-0.11177290413767894,-0.1547300682120581,0.110911069722844,-0.05069127394871066,0.00228737526852049,-0.01297836108798504,0.04558455103100901,0.09260555084721292,0.00311930155574106,0.01655034861380478,0.03413426636031744,0.01111763461734861,0.03096951941198918,-0.0411312465987634,-0.0086963133537135,0.02370505097986747,-0.00969076960058636,-0.03240275377858896,0.01715099437212755,-0.00421362774959873,0.00441954702154862,-0.00144124273217159,0.0050080331804297,-0.00433263635547404,-0.0150078898332655,0.00334256383199307,0.01544305695433464,0.00677671851069021,0.01036562336299681,-0.01484329399180689,0.00899936029969986,-89.405 43.099
2020_12_25,-89.404945,43.099297,2.8954075186236636,1.1907998961424338,0.2349883958435804,-0.03253839448260051,-0.07301371856829662,-0.1261638230423141,-0.11754343538130088,0.15412810602479282,-0.039203511342434987,-2.0019858678488304e-4,0.00334629019827272,0.03211848928584205,0.08665922636806704,0.02330593393377749,0.02866488834858712,0.0362533636589329,-0.00738091583570054,-0.00169965540438236,-0.02979638178827219,-0.02349546862553892,0.00581618084280132,-0.00938969683524293,0.00141984458581857,0.0159799565212011,-0.02234753288190052,-0.01701532683688509,0.0063005640870272,0.00240841993317218,0.00502674781700907,0.00409454465024933,0.00204463501354564,0.01087114792907149,0.00738329138443668,0.00843482929593016,-0.0180440367126728,0.00759586627464807,-89.405 43.099
2020_12_25,-89.40457,43.099304,2.912592051055821,1.1908230938011488,0.21796164970021328,-0.03304970901657864,-0.0728507484633181,-0.11688530557294056,-0.13023245904384492,0.13156033787622065,-0.05086232368759176,0.00621891803742185,-0.00227373975896501,0.04535097779364867,0.09370629316339256,0.00988874650771353,0.03067105135701123,0.0366032990145135,-0.00910816754658835,0.01929084256882396,-0.03391932023635229,-0.01036067199823105,0.02466689313287264,7.834130386389908e-4,-0.0126589223937357,0.02231670507729398,-0.01869753492003301,-0.0112053235864249,-0.00148307134456549,0.00624344403682057,-0.00435490363073533,-0.00599576138649427,0.00351576030807594,0.00777185698078774,0.00790084772476155,0.01071596464132503,-0.01142517334542399,0.00414329210063089,-89.405 43.099
2021_06_15,-89.40485,43.098526,4.6000066597938645,1.0848737050073094,-0.1507305813572462,0.3511823111901728,-0.19893999625072417,-0.11062859568562287,-0.04896946332261083,0.09242553268835976,-0.04781742978725303,0.01674582870373023,0.00870247797909165,0.05210110149574023,0.0730870235601176,0.03124768390609138,0.05320033121012758,0.03554926533266687,0.00442367943882953,0.01053900833451484,-0.05886700443321446,-0.00874637400787798,0.03509184577438288,-0.00673273739315501,-0.0111428364663376,0.00577842185156624,-0.01125822965084277,-0.00275556377954088,-0.02153859893776165,0.00134598801154473,0.01565121817658174,-0.00561271062581681,0.01108791626992685,0.03310724211493197,0.00238374252078032,0.00456978935502851,-0.02903058692158149,0.00671010922093273,-89.405 43.099
2021_06_15,-89.404854,43.098797,4.548833756049276,1.1140655388655964,-0.1537895371408393,0.34127040145631493,-0.20493410633935424,-0.10675719757464489,-0.04909489793710116,0.1059880424448848,-0.03844242339371486,0.00715772607353666,0.00935221601564253,0.0538772152235427,0.07575449243315059,0.02987483433013403,0.05898278345330258,0.04230761528934003,6.177677995122737e-4,0.00519754152961021,-0.04842982751365687,-0.01555272571829696,0.0273636644502598,-0.01347059173537917,-0.01141906488154361,0.02386971027833085,-0.0098456199904386,-0.00308429777892102,-0.00925743926852019,-0.00117696440450527,0.01103599587596445,-0.00910833589395363,0.01021037212505035,0.01639073682377771,0.00832166552751859,-0.00264255363376653,-0.03162981399921751,0.00707672246771335,-89.405 43.099
2021_06_15,-89.40521,43.09852,4.570341490821725,1.0989336766061215,-0.15151253609709722,0.3432336807044085,-0.21069376768438183,-0.10133775659207002,-0.05449654894982857,0.09077379250193444,-0.04045311002196006,0.00815352841800006,0.01408994860916892,0.06166002352473374,0.07445556368896716,0.04209453965163466,0.04605004862354675,0.04456641009295018,-0.00112982557065733,0.01096966150069266,-0.06303851645490749,-0.00289226225432884,0.02962764950004859,-0.01061511797138141,-0.01104782419383022,0.01791285706856516,-0.01506569244368635,-0.00832058175211853,-0.01389525580812136,0.0074515710703117,0.00327636377484297,-0.00892031046118083,0.00183445051038035,0.03206760457277426,0.00332711205909225,-8.218575691447238e-4,-0.02413352091195674,0.00767391751981601,-89.405 43.099
2021_06_15,-89.40522,43.09879,4.553223907554483,1.1252804350774592,-0.1562588132055025,0.32780927723164116,-0.20844066986919985,-0.09503803449061692,-0.05088292420762412,0.095937630805627,-0.04049190322772387,0.01587735383579364,0.0127156100299381,0.06393953245964645,0.06994517314375302,0.03909275085661017,0.0487171539482426,0.04275113056215955,7.657869937189745e-4,0.00579528562055158,-0.06093457905230914,-0.00712225831135518,0.02936937048704148,-0.00907687458918586,-0.00633334825721694,0.01326022299138554,-0.013274127057113611,-0.00910950604217818,-0.00946910453220993,0.00509573153726427,0.00588463916130568,-0.00586923300149881,0.00698335539621941,0.03007812090814663,0.00574966141128373,-0.00289127847361261,-0.02706808908708233,9.344278026154458e-4,-89.405 43.099
2021_06_15,-89.405235,43.099056,4.5700108174391,1.1348022837056009,-0.15496642779425124,0.319359193258517,-0.2071547058560475,-0.09353991951692042,-0.04876852776944548,0.09425396213580992,-0.03866826735064078,0.01719637098372892,0.0086393332646025,0.06409302544251629,0.07295121444234007,0.04748410493029342,0.04841138479790403,0.04774895727520355,0.00729096748414781,0.00387404190047009,-0.059786313456483,-0.01661150065972884,0.03483108527251942,-0.01149085932913778,-0.00297914774330183,0.01447150826065054,-0.00925443362182815,-0.0053854884218499,-0.00854673745183949,0.0075266263123488,0.00534266337711794,-0.00392293354812613,0.00688892750596425,0.03734624453043053,0.00272017371546392,-0.00593277010953903,-0.02853947425555931,-0.00725592462841501,-89.405 43.099
2021_06_15,-89.40486,43.099064,4.554791763628128,1.1242444601573265,-0.14861165699781254,0.33438601026650744,-0.2129555737031064,-0.103957950538918,-0.05196353578860421,0.10336552928834812,-0.02627506563329577,0.00859014828500197,0.00852036022337965,0.04804945168794031,0.08752526072945363,0.0548538554410632,0.05386872720372145,0.04000742718742933,0.01125672502078406,0.01153636029885662,-0.0577425340466212,-0.02722733993059732,0.03481015862060312,-0.0202637403866253,-0.01767125787954028,0.02574874980963441,-0.00516089383768256,0.00304856340717484,-0.01066648430745666,-0.00126975146675773,0.01109879830852098,-0.0073389537033223,-8.761019970085907e-4,0.02347942959957855,0.00631855901373922,0.004875107696014,-0.03044727915030806,-2.6664119743210205e-4,-89.405 43.099
2021_06_15,-89.40488,43.099335,4.56275732134689,1.116133630626309,-0.15190901335902957,0.3369575855295242,-0.2092632948686058,-0.1107905320047211,-0.05564967475399494,0.10362900932073542,-0.02842537367645254,0.00994044326426757,0.01007282252460688,0.0441130814611992,0.08458097540236367,0.05718658932267592,0.04706407951679306,0.0311469503308791,0.00952796397484944,0.00388114128849294,-0.05710739958561206,-0.0216622252277373,0.0315992491493034,-0.01868086656875158,-0.01498493320757332,0.01941921427182629,-0.01311586086459444,-0.00525493743100858,-0.00763754848394784,0.00473268322558584,0.01104148634074383,-7.932444318108307e-4,5.893075747807928e-4,0.02854039570342862,0.0080350581933385,0.011371743807741891,-0.02796590262498377,0.00207617306496044,-89.405 43.099
2021_06_15,-89.40451,43.099342,4.548191546911816,1.137711705146358,-0.14747334426296616,0.3290847377427047,-0.20026446655364752,-0.1130328438536674,-0.05420862464972004,0.10995919084042044,-0.03960593983220983,0.01081405541260228,-0.00713218225358963,0.06453750808362997,0.08156214914592277,0.04043505688549329,0.05051317191169592,0.02938205629269078,-0.00887454845862538,0.00594288951091327,-0.04914627953679938,-0.02087441677734978,0.02757513208245405,-0.01452522453244162,-0.01404998883914209,0.02617246645454372,-0.01464872228882907,-0.00161354066534986,-1.2787109950173627e-4,0.00297555940946567,0.01835904101872381,-0.00102732017577207,0.00540208248145212,0.02899837380409524,0.00558034604095783,0.00749012461197012,-0.02122276589447254,0.00816855606208843,-89.405 43.099
2021_06_15,-89.40524,43.099327,4.593913959092901,1.090684166097148,-0.1709172732257204,0.3388275856031674,-0.20797139046678456,-0.09826743884272068,-0.06158829877069226,0.0796430899867677,-0.05292940856900316,0.01201019467659299,-7.749864828085177e-5,0.06585636599937775,0.07885725767115204,0.03501622956294149,0.05208464291171349,0.03532594137773662,0.00599078600916267,0.00859040538888726,-0.06403235066611285,-0.02017081268995123,0.03250445619845803,8.625553238164373e-4,-0.00975285710706763,0.02990007620993154,-0.00956261162132924,-0.00530789928107929,-0.01200604253402774,0.01350615089239886,-0.00240490611915669,-0.00664055607564502,0.0045461195520204,0.02917759230938983,0.01143546164832746,-0.00509598402653615,-0.02394537273961935,-0.0022330830512481,-89.405 43.099
2021_08_15,-89.405174,43.098724,5.004410481827868,2.353026023641095,-0.13078246456181056,0.5393786616555648,-0.27869020654636434,-0.14001046915672666,-0.03970005047042212,0.1762362859419804,-0.04146831157901055,0.01674422937403429,-0.00268800963006678,0.06778610819985743,0.11950576829358509,0.0642007007925364,0.07038161470062862,0.03755556511984963,-0.00934333614342581,0.00825349182220716,-0.06765430649856201,-0.02586399943193475,0.043866028269896,-0.02793506158927464,0.00840947994561211,0.04592668653876632,-0.03319021613512494,-0.00466641205849557,-0.01656189190193018,0.00946442124990543,0.00203255943850254,-0.01046377154482582,-0.00285234596479436,0.0358847268743278,0.00955624156048433,0.01495501550740305,-0.04752110513410054,0.01002600864365431,-89.405 43.099
2021_08_15,-89.4048,43.098732,4.99936332688158,2.350391153354285,-0.12445564143266928,0.5463027797161607,-0.2750514141982147,-0.138316607291602,-0.03187488768580904,0.15931371206698058,-0.04541791115893686,0.00870128389348573,-0.00475115997562048,0.06537661154024946,0.11237845372903496,0.0632539812284559,0.0706112285524,0.04744646344911951,-0.01138948803921373,0.00945631179313471,-0.0705686014253287,-0.02567192693322179,0.04441426503241493,-0.02323098732898888,0.00996505572263417,0.04672286164100787,-0.03397081538560992,-0.01057207259502356,-0.01779986729841068,0.01281432882249295,0.00426599960184703,-0.00800656567081827,-0.00512603868553341,0.04423497013056426,0.01299520154913651,0.00399200523553864,-0.03892626200592161,9.630639291496218e-4,-89.405 43.099
2021_08_15,-89.40518,43.098995,5.00099505985884,2.360690028326598,-0.13477852420584155,0.5368980030288685,-0.27762383140555774,-0.1492366205565492,-0.03434957361665074,0.16580346578266067,-0.04791494123598604,0.02952890558015003,-0.00451745625361766,0.07900232505500597,0.10352277400958092,0.05832176202127277,0.06733727759713135,0.0438881283204528,-0.01881314963550859,0.00567255446479136,-0.06651663237081212,-0.02799270201923168,0.04579338988501623,-0.0241197889590557,0.00995708576497795,0.0496056132200117,-0.01765321742840425,0.00217682434462996,-0.01915892878193729,0.01080584324171553,0.00986311736771177,-0.00627517021845098,0.00636987329848776,0.03609593192091753,0.00371137387892929,0.01305188357809472,-0.0404093080263735,0.00678272230678888,-89.405 43.099
2021_08_15,-89.404816,43.099003,5.030811443476205,2.354160023243707,-0.1203326709417428,0.5299920958691954,-0.2577198956315876,-0.13428326366702728,-0.01420623407607713,0.16540519069290108,-0.03322221722332547,0.0114817852786153,-0.00165800990158464,0.0931931124802538,0.12923957033486158,0.07493696762484037,0.07755935907814063,0.05151159818324715,-0.01045594599164603,0.01424110769872474,-0.06643836520564939,-0.0267933640190568,0.03976002804667077,-0.03468816871747195,0.00702762281037048,0.04685050405270877,-0.01559539274233793,-0.01042488788372658,-0.01533420599150092,0.01853112487424846,0.00780262310932463,-0.00606322969316504,0.00522758139449384,0.02971789411597401,0.010027098640237,0.01775519950713391,-0.03594822777749123,0.00464298352365855,-89.405 43.099
2021_08_15,-89.4052,43.099266,5.010274328781801,2.3626505212305298,-0.13198401863029582,0.5093088384844967,-0.2764912063897305,-0.147881438996972,-0.03584535612920506,0.16776325660755942,-0.04116559453388536,0.04390809650204488,-0.00516523728181142,0.08259564004055561,0.11152345189309784,0.07755008859181624,0.07251963803535007,0.04293262492052684,-0.00906066069199413,0.02110397138723335,-0.07301638803723064,-0.02671696886381252,0.05349389133506452,-0.016848900159774,-0.00135872125058242,0.03898350527728429,-0.020151222209831392,-7.301058293947688e-4,-0.02534222906568695,0.00453627181711948,0.01058676889218163,-0.00933741721960608,-0.0067632145073663,0.0311777248511588,0.00430285619170053,0.009089030999862,-0.03895470215698733,0.00815670362137804,-89.405 43.099
2021_08_15,-89.40482,43.099274,5.014049910177878,2.338731188140046,-0.1288291621701359,0.5352802213284462,-0.27291058074757696,-0.1488933390877239,-0.03451466811421627,0.17630318898858038,-0.03649620650480501,0.02336491165093306,-0.00117368398699192,0.06450852370683928,0.10325492810502372,0.06630340788101419,0.06988208101319646,0.05055545306687901,-0.01162028874031163,0.01509705318584439,-0.06296312794243264,-0.02665131576620729,0.04560753498507861,-0.02874435075709933,7.468880801192415e-4,0.04372919830422855,-0.02429952894071838,-8.904334198712134e-5,-0.01443696156637136,0.01129075235101538,0.00894610535855511,-0.0121960397442022,0.00331643151029358,0.02654547706576674,-0.00354056697841252,0.01057291605783265,-0.04305387949009999,0.0057533712966184,-89.405 43.099
2022_06_02,-89.405,43.09873,4.158959986622348,0.5016416744336617,0.05071457224190318,0.3307325843950088,-0.09670668295999364,-0.07206326656386111,-0.09043877618831464,0.06102324090753425,-0.06247899136747061,0.00612788381534163,0.01121874482406586,0.05871470727537072,0.05663821477098343,0.02976059752781448,0.02654910404506386,0.04146217461842109,-0.0118511904616313,0.01899212790038931,-0.02716238334048278,-0.01264091503530531,0.02044492230868345,-0.00559882853371443,-0.00449289759560282,0.00835686145636428,-0.0213193441533122,-0.0018298676360987,2.0847973569523883e-4,1.7410257372991965e-4,0.00912556579089979,-7.826989615310529e-4,0.00670676256481385,0.02668512163751512,0.00448152057879274,0.00962858876356708,-0.0083638433809542,0.00841216817155062,-89.405 43.099
2022_06_02,-89.40463,43.098736,4.02242842733073,0.518608731630933,0.05963660152314566,0.326239437901752,-0.09485132985229663,-0.07073371005872764,-0.08229226486046115,0.06676675480275142,-0.06082415037764156,-3.15509988410136e-4,0.00788620547552794,0.05096805936903183,0.05560572018531885,0.02585626941010838,0.0320024222362125,0.040312226500265357,0.00197187761004753,0.02538122647954923,-0.02459784496423167,-0.01989589451765447,0.01394306354601409,-0.00795078498878932,-0.01257767513296949,0.00650022065723897,-0.01789050486630056,-0.00820766602866847,-0.01058303667489584,-0.00262020528239214,0.0044625685140278,-0.0024719633913637,0.01128242673359872,0.02014473526947485,0.00966091861910204,0.01183882524325396,-0.01417466473392538,0.0080438146040616,-89.405 43.099
2022_06_02,-89.405365,43.09872,4.259826774264603,0.4820353122442632,0.03191163132332449,0.33662619717878867,-0.1012075902349662,-0.07510370669598139,-0.08319067101493477,0.06202192396555039,-0.05015761306320261,-0.00747838753485435,3.3679740165807204e-4,0.0400796620532171,0.05878302038020452,0.04435050196826095,0.02615746590851006,0.03384080592212658,-0.00683878889509914,0.02396238222387431,-0.03763080760077723,-0.0132125685516806,0.00726699056350832,-0.00376380597531632,-0.00637722737315594,-0.00238427853379153,-0.02127766458593562,-0.00747101531351053,-0.01186789334972003,0.01205505965358239,0.00359889056245872,0.00107128085440745,0.016980756483441498,0.02077592633385386,8.728344305821701e-4,0.00621538037945308,-0.01537278232964942,0.00474586055797205,-89.405 43.099
2022_06_02,-89.40538,43.09899,4.504114047097514,0.5039943215046045,0.02610849210195959,0.3296692177004043,-0.10143825254466242,-0.06890842241016805,-0.08666074358356732,0.06651942671502707,-0.04632442460149318,-0.00435746766796153,0.00469651782321228,0.05028523474898222,0.06293282618642394,0.03724446676105238,0.03127869372958643,0.03190821320061638,-0.01854658675654325,0.02412519418569312,-0.04532823516623997,-0.01268855756765941,0.01181271501201757,0.00128676925988674,-0.02382637214017919,-0.00404647056024135,-0.01336791904276099,-0.01209874222885211,-0.01230044099108753,0.00180301563230298,0.01039166233670904,-0.00364403883131453,0.01108624571050013,0.01445509489965997,0.00678368648830667,0.00890645254875891,-0.013224840830514,0.00371418448045756,-89.405 43.099
2022_06_02,-89.40539,43.09926,4.679047663593302,0.49762706121849226,0.02758422638909119,0.33432063361055936,-0.10742325127922508,-0.06973248062119036,-0.0942471527047977,0.07108115097483421,-0.04419751502170208,-0.00793586637607646,0.0095551656431198,0.05574187158865087,0.0661555081410162,0.02542030367327397,0.0350136030230472,0.02900116684126783,-0.01624263954230616,0.01927845221056601,-0.0466172048431748,-0.01128515725358404,0.01569354421377642,-0.0043987874094154,-0.02617421032157719,-0.00282064193005444,-0.01155090649732009,-0.01257217180263654,-0.01482952694858849,-0.00338414291920911,0.01063432539917938,-0.00475805727468147,0.0082222493062783,0.01474354186157974,0.00869424035411074,0.00835970326780922,-0.01487522635528754,0.00853163436889839,-89.405 43.099
2022_06_02,-89.40501,43.099,4.335524296168207,0.47528782059271335,0.03945106642277334,0.3341911863024724,-0.09084697618830108,-0.07079210688564325,-0.08139266956561494,0.05522013343143359,-0.06314650499922794,-0.00777296790488866,0.00748502388055196,0.04552476986437225,0.05596084517434498,0.03204968379009816,0.03020088161235263,0.03864252276888194,-0.01412196743735673,0.01266564008481253,-0.03130667664688765,-0.01327877697835448,0.01925249895190177,-0.01150475977611681,-0.00873785792777438,0.00862857371104381,-0.02194473653964242,-0.00381033057678338,-0.00187652311840662,0.00417105892020036,0.00180785834805415,-0.00531320604335832,0.00803791725897491,0.02540076917995637,0.00961108044221219,0.00765394521781477,-0.00767055489468917,0.00455116575952297,-89.405 43.099
2022_06_02,-89.40464,43.099007,4.133985272232881,0.497721116840197,0.04196656756455544,0.33046241488602063,-0.09487785716384314,-0.06730566330422356,-0.08616662198324256,0.06513050885841909,-0.05868457402039948,-0.00488528941280762,0.00454919380235684,0.04654422280220251,0.05891333886464912,0.02783941608625505,0.031628839210472,0.04044123285447562,-0.01293674945251671,0.01780479013208377,-0.02759610018597843,-0.01751524582782721,0.01117822625265597,-0.00665010541548768,-0.01005566581103213,0.00534395807583361,-0.0219274083199937,-0.00880418795092877,-0.00874669177874159,-0.00393891892532841,0.00739108731309097,-0.00592779502867046,0.01226536230772592,0.02155012004087019,0.0148316815463858,0.00541661253191699,-0.00406011425649345,0.00670755535003396,-89.405 43.099
2022_06_02,-89.40502,43.099266,4.430111248754705,0.523842301122612,0.04281268627051021,0.32908698842568634,-0.0930448467296387,-0.07336480830638148,-0.06418299901575954,0.06797323638253579,-0.04340545562146257,-0.00326138786520213,0.00696913586597425,0.05134646199485331,0.06410068133833484,0.02821718793216103,0.03498472348583573,0.03446302747702916,-0.01671721737388419,0.007388836527143,-0.02847559438923824,-0.00500895895788502,0.01512165948990213,-9.52286741924489e-5,-0.00803137838928746,0.00877009612939173,-0.01521445043845929,0.00385523535541325,0.00216641829519017,0.00423680850521981,0.00864357766528962,-0.01458254600429866,0.01073039702822458,0.02036232060536276,0.01593901088316288,0.00847202329045285,-0.00962505720359889,-0.00367285581421483,-89.405 43.099
2022_06_02,-89.40465,43.099274,4.159631647958367,0.504839702926175,0.03271302908015254,0.32429195471691197,-0.08914521072476357,-0.07297889593243724,-0.09078059116896224,0.07164330789081352,-0.0481469124887659,-0.00619426979647018,0.00715660667983418,0.0423445388478127,0.05669004984964854,0.022331298062936,0.03347686290015422,0.03594772555091298,-0.01066954032636191,0.0158580254076225,-0.02385221549937105,-0.01556528000432824,0.01048310591974571,-0.00273834314561807,0.00361155887034694,0.00910815459399547,-0.02024989305018448,-0.00732814450629515,-0.00707273395804678,2.6793614425167623e-4,0.01409223347159366,-0.00893749189297414,0.00888382765580297,0.02260346315190977,0.01243220913979102,3.0742044742475413e-4,-0.00325916902208763,-4.5684333655934134e-4,-89.405 43.099
2022_06_23,-89.40535,43.09853,4.424617483167276,1.7646739172958723,-0.3863482142849272,0.3915301412251525,-0.07385042736546804,-0.08374201946819189,-0.1034489493389741,0.10335686839388536,-0.04452041609027811,0.01278974495924489,-0.00148385206821444,0.08259466443756831,0.11048940394091648,0.04226417830887343,0.06115405434730771,0.0571538424339597,0.01465050021245979,0.00831989331311434,-0.07104283794053261,-0.02882513341979886,0.04197337976417618,-0.02524339138552277,-0.0118390779212367,0.01443666134645485,-0.01798838638595629,0.00488807465807202,0.01149465184673344,0.00304554458173045,-5.647194556802109e-5,-0.00254764252608343,0.00668298676930184,0.01219697581051142,-0.00572651685932213,0.01046098424275074,-0.02652255895221963,0.0070053505778558,-89.405 43.099
2022_06_23,-89.404976,43.098537,4.451712778747504,1.7266693925114307,-0.3755893477679267,0.4067909775868946,-0.06855716981471868,-0.08179145928235863,-0.11466042977856328,0.08039080212683743,-0.04246621932771798,0.00591815448491962,-0.00157407803680543,0.07374768156537331,0.10663134052839396,0.04813258809933598,0.05103964111160113,0.05417186252642721,0.00768403179273635,-8.631998185896387e-5,-0.06806122740436878,-0.02966764643290174,0.03498723791618866,-0.01701157610978219,-0.00613580465308761,0.02364113272279353,-0.03221903465034623,-0.00479212522349448,0.00239309082652673,7.409499461951801e-4,-0.00512506120595523,-0.00138352345182998,-0.003578400282001,0.01237486708025898,0.00456726980222121,0.00873365993964365,-0.02927221062565558,0.01042194628450385,-89.405 43.099
2022_06_23,-89.40461,43.09855,4.459850367444176,1.733816182903413,-0.36216755052141814,0.4233251462872384,-0.07295501693067899,-0.07297012729431106,-0.10999050580044456,0.07236794339588674,-0.05243163400904413,-0.00232941508637255,-0.00313207408355393,0.08189988778895722,0.10617553590961858,0.04034721752091667,0.05849667059941604,0.03958597180012391,-4.076408898702797e-6,0.00179578023433384,-0.06999151001134424,-0.01659357725722346,0.03719926397869268,-0.01800107996466329,-0.00995755501600792,0.030546655200884,-0.02697064788610506,-0.00445967678093839,-0.01088826495054733,-0.00254104793817625,0.00282191242366435,-0.00547497659321945,-0.00118027679274066,0.02409149895967613,0.00419470575652425,0.00351908374445914,-0.03596247608086622,0.00909322758142254,-89.405 43.099
2022_06_23,-89.40536,43.0988,4.47231706468829,1.7351205322657337,-0.3846323056547506,0.42735017608847736,-0.06821030370830809,-0.07422692078731298,-0.0862918135480539,0.10439058493308737,-0.03658328498756524,-0.00768368337252696,0.00966947132852019,0.07368570994277439,0.08929995028485761,0.03987175553018331,0.03338221391334133,0.05866188180069626,0.00401646044459347,0.00804774076200582,-0.07253919478426742,-0.0095766731832483,0.0308212836389101,-0.01830984004943615,0.01551118245463675,0.01231735362302043,-0.02234040199379512,0.00498117819155174,-0.01248102597428079,4.767527428991624e-4,0.0066350189124378,-0.00102619521083128,-0.00253997033268972,0.01155504319022782,-0.00491803384754931,0.00693953178187481,-0.02829344445692009,0.01781787631192469,-89.405 43.099
2022_06_23,-89.40499,43.09881,4.442338077574517,1.753242060397476,-0.3807778558102606,0.4048595954033541,-0.07040954223455333,-0.07670435688710729,-0.10535434644760244,0.09488960231092795,-0.04547656683024462,-0.00139189410164777,-0.0043820817489698,0.08530692452704823,0.10315462985347888,0.0468138034760315,0.04266419364096036,0.05720104196033532,0.0044410187930406,0.01202763762947584,-0.06507672524388425,-0.03116226330465903,0.02587855144618004,-0.02631905122737144,0.00493567220682093,0.02090054151368264,-0.02199744577343768,0.00181953166819294,-9.22042063061854e-4,-7.75898068784321e-4,0.00224987973612394,-0.00153204960697189,0.00433029428237734,0.0102097238754679,-0.00670382329121117,0.01144049276141289,-0.02556265691362431,0.01502580015375687,-89.405 43.099
2022_06_23,-89.404625,43.098816,4.430831058881852,1.7756492949757414,-0.3701106184113907,0.40465903091417743,-0.08379917076053647,-0.07425794358252055,-0.10748745255679604,0.09128725261792536,-0.05443262510745578,5.515562005923382e-5,-0.01825287860869109,0.0913479200387278,0.10612435655484688,0.04149481291750129,0.05330192985796245,0.05118116337182342,1.223810758729249e-4,0.01217411963839284,-0.06829409455275982,-0.02843821586081972,0.02818593380634674,-0.03560008749794337,-0.00851748020081834,0.02990517271387027,-0.01749713427467263,-0.00578520615305588,4.5831546929677754e-4,0.00384012624636063,0.00459150790615205,-0.00558785772784532,0.00711765554398542,0.01727289455613655,-0.00779206447697659,0.00866882879285163,-0.03031563088892894,0.00548730860882086,-89.405 43.099
2022_06_23,-89.405365,43.09907,4.421727559284627,1.7560044764347829,-0.3867886464964365,0.4148265023363938,-0.08002936716733665,-0.0847386200440564,-0.103287909374821,0.0957656318782558,-0.03576626857518336,-0.00324931174697773,-0.00708122308749856,0.06539861839537656,0.11262705338596304,0.05340341874408689,0.05437970220866307,0.05450149808548909,0.00710045917695182,0.01064102059761754,-0.06376330360721702,-0.01726587628463948,0.01831294849876195,-0.02820814111082404,0.00695966080037987,0.02928439600101413,-0.02260674316693905,0.00463955206462738,-0.00531925101417522,-0.00176204734134008,0.01184749338673317,-0.00360218641991057,0.009315673167328,0.02088704600032398,0.00474902479607647,0.01691226957004069,-0.02690280901991677,-0.00145691586895187,-89.405 43.099
2022_06_23,-89.405,43.09908,4.382674893616877,1.783513423537444,-0.3936492013204519,0.37351582567681546,-0.0747201727934787,-0.09056819462844223,-0.10716750163074372,0.0953320091212063,-0.0300039911849045,0.00681716895794228,-0.01459759271715641,0.08242711714388144,0.1201245956850375,0.04152563661074662,0.06742890727783415,0.05543788574189259,0.00926224623067429,0.00502875861445958,-0.07949820525838215,-0.02015123617679571,0.01521850609334378,-0.03361201337535652,-0.00155916934279654,0.02142039307246526,-0.02472090334156085,0.011604086619207,-0.00126539435044446,-0.00232529505178335,0.00984243027200504,-5.400349882079981e-4,0.01299389350289528,0.01397932456493936,-0.00412220432646817,0.02316469526832689,-0.01424128939732037,-0.00184932024717428,-89.405 43.099
2022_06_23,-89.40463,43.099087,4.413529688940959,1.802006930805643,-0.3812772742592761,0.3681748585171441,-0.09159774607645484,-0.09528878515375834,-0.11064734115987154,0.0892148755205928,-0.04951488788807061,0.02681093627270309,-0.01626360992738225,0.08901941634101788,0.11286253858695967,0.05560400038565058,0.0459022560545421,0.05660054513950591,0.02178159242654162,0.01343827471357447,-0.06182065751928721,-0.0246023774957941,0.02655518794566944,-0.02202680736366829,0.00563731285650566,0.02209475216879914,-0.0305427585105169,-0.00814471629772455,-0.00181539186528852,0.0010680272048189,0.01181549527448324,0.00621954412728602,-3.003910171634697e-4,0.02912136766841103,-0.00771614612136562,0.01702461145840957,-0.01960250497516725,0.00906104974773623,-89.405 43.099
2022_06_23,-89.40538,43.099342,4.403760608124805,1.803026297655444,-0.3674825232635083,0.39344786198524906,-0.07415394997391477,-0.09080336847705885,-0.10774202379874316,0.11138749113201146,-0.03633768889658259,0.01160220372701604,-0.01196003239216987,0.08207373354488445,0.11389104013160656,0.04626122385072675,0.054737178168488,0.05446594646562995,0.00647902066112571,0.0096289399061826,-0.0672902477645914,-0.02725830536906939,0.02383673843966461,-0.01510329494692237,0.00346319214873153,0.0338486336605303,-0.0246788006503414,0.00147185617942839,-0.01139833082256979,0.00444383704091421,0.01801663521548561,-0.00193863713615327,0.01349250786731038,0.02009123459654695,2.9972452039156796e-4,0.01338396439285324,-0.0370403264745057,0.00308026026011454,-89.405 43.099
2022_06_23,-89.405014,43.09935,4.403879490708304,1.834019554997489,-0.3722555951103463,0.3689771928356027,-0.08003473341178774,-0.09447448198796086,-0.09817745612305616,0.11086275242393064,-0.0253646985404916,0.02311734049792383,-0.00755335252195961,0.07444386386302014,0.10658541392306,0.05960719135177122,0.05224693667890785,0.04514491209744299,0.00235374602629573,0.01630939328621431,-0.06211363863657792,-0.01819731376964224,0.02352883083399064,-0.02062687890204582,-8.70427138706974e-4,0.03929099216792753,-0.02905846776781981,0.00911280752605759,-0.01120951182473189,-7.881900618423142e-4,0.01296226269404401,-0.01251235041225873,0.00889083951392574,0.0298580111014244,-0.00435268139761727,0.01675985008474954,-0.03213993929039762,0.00696002118406367,-89.405 43.099
2022_06_23,-89.40464,43.099358,4.407159884834747,1.8342108316580743,-0.37335597983388,0.3653262979616845,-0.08529693841562165,-0.09666530271272863,-0.09244635800099416,0.10797926463537996,-0.02219633020047162,0.02897046594148354,-0.01012607910704449,0.07953783094849913,0.09757549065001005,0.07433791300315655,0.03934089298175979,0.05421745704276536,0.00200626230266072,0.02139413336403838,-0.05798924761221214,-0.01275881281166139,0.0204795337901835,-0.02199221757543616,0.00755347780155069,0.03783266245262457,-0.03281958093661583,0.00241321478962154,-0.00976455326733763,0.00390348615506443,0.01131741345455627,-0.00878158147144793,-0.00157598877888335,0.03219163567397304,-0.00355617419021116,0.02022123837542894,-0.01978924300209635,0.00841476899743834,-89.405 43.099
2022_08_31,-89.40528,43.098526,1.884595992188926,0.3880335612160821,-0.09672780910366983,0.1336324927897846,-0.00465681477126676,-0.04911530438822572,-0.04643893955827768,0.0665313820802299,-0.03337913683258111,-0.01592521798841436,0.01416632077160706,0.03137484737589685,0.06800227481683081,0.03250556720326163,0.01389120382750994,0.02724788988564861,-0.0131843723106898,0.01848993566010404,-0.01747975965278655,-0.01818586567099585,0.01495242262803372,-0.00217566258193234,-0.0120541975445949,0.00716969537095848,-0.00942597631681735,-0.0084871626518738,-1.1495004187676784e-5,0.00508424629169841,0.00684474579808632,-0.00985714148470555,0.004473993722232,0.00966358633903015,-5.739684046725453e-4,-0.00503178132403774,-0.01071888110726522,0.00871198029225829,-89.405 43.099
2022_08_31,-89.40529,43.098797,1.855358224134321,0.4228494011959584,-0.09898809620273334,0.12904051056084412,-0.00850888708468774,-0.03187605035388174,-0.03392558664590149,0.06674604369689248,-0.02607421728827601,-0.02190467799545199,0.01273336562861693,0.02529525155689141,0.0725290889326218,0.01731599473846423,0.01014533876666942,0.00757367743643693,-0.00594874740653132,0.0204830770850193,-0.0176428331786893,-0.01405428227185247,0.01690876952427588,2.9677696804580775e-4,-0.00489902438535747,0.00947577439575041,-0.00573552181794573,-0.01098844043169398,-0.00817163346307263,0.00599619147555498,0.00389774753801923,-0.01048633865026819,0.00703876085316105,0.01195647484867358,-0.00786162748333958,-0.00371846338250669,0.00896397286514957,0.004460965897283,-89.405 43.099
2022_08_31,-89.40491,43.098534,1.876456716580525,0.4097460008346303,-0.1056495818717213,0.13025829163634223,-0.01966497842817442,-0.03486124232156272,-0.05390034412666597,0.06722996894879998,-0.04840741732092696,-0.02510276882620408,0.00169695046243171,0.02763899454888363,0.06972543591040863,0.03540552279978581,-0.00417255835576224,0.00677798651256097,-0.01623471972229267,0.01895897322678948,-0.02003980694128021,-0.00343204301491469,0.0144971028745425,0.00278593610878459,-0.01287062530492376,0.01147771847582808,-0.00657039829177697,-0.01751449873587205,3.6585743025945846e-4,0.00161154554685236,0.01167233342557197,-0.00879036608035455,0.00471294059408374,0.00442987111851649,0.00192144502767284,0.00514562383122531,-0.01040122186686496,-0.00306447696311348,-89.405 43.099
2022_08_31,-89.40454,43.09854,1.8644490191908212,0.417322853146426,-0.1076662932272707,0.12826269539458882,-0.01807656076095292,-0.04672640574380849,-0.05605832981496823,0.06748186270406123,-0.04079266611650887,-0.01163539485300578,0.00374594850875429,0.0375016621858512,0.07384862047543658,0.00787688429030932,0.00831613397050659,0.00444845038162603,8.767157750444086e-4,0.01602794597666671,-0.01948353919149661,-0.00948048422182974,0.02571501122207726,-0.00249209330300644,-0.01172709473817176,0.00243404216380664,-0.00998610408218659,-0.00418453053657656,-0.0017811138151606,3.0868123213782025e-4,0.00515112294923951,-0.01015987083209413,0.00583911878927769,0.00598366525665051,0.0048955233278633,0.0052266242670787,-0.01129798258310807,0.01260267514894218,-89.405 43.099
2022_08_31,-89.40492,43.098804,1.8722855755801768,0.4114248285897424,-0.10468083934890587,0.14469638229357554,-0.0090787495497891,-0.03306433446493692,-0.04144882165683337,0.06342174406387435,-0.04280110210369399,-0.02359770332445675,0.00446955236886084,0.02201833255773034,0.07223209369123242,0.01216251735023665,0.00319629031109759,0.01200845442051475,-0.00325854038871701,0.01916530410104889,-0.01817782105821965,-0.01294011113119796,0.01767329080771832,0.00536950996396708,-0.01062502240535846,0.00694721400881701,-0.007868150179845,-0.01162836488874499,-0.00225356875658933,0.00361905435234791,0.00429839128801539,-0.0091834554395648,0.00512970913983146,0.00779150959686688,-0.00814077069230067,-0.00477417399346405,0.00738178619123815,-0.00256407119868549,-89.405 43.099
2022_08_31,-89.40456,43.098812,1.8683973084902623,0.39537734490223614,-0.10905568940670446,0.147625742388984,-0.0131821033289916,-0.04610182797809826,-0.04860148527896138,0.05538604202759419,-0.0533334824614871,-0.02614164660127951,0.00189235522806601,0.0250016641171363,0.07064042914062403,0.01422615715597609,-0.0084918835118493,0.01789955779877872,0.01119942251775439,0.02156077300835819,-0.01457138224383122,-0.02048122889204755,0.02051800088608682,0.00705190485976848,-0.00695027050455328,0.00700150719309626,-0.01238728448850289,-0.00997015491661935,0.00589479457861098,-0.00113977143417037,-3.627140351992427e-4,-0.00497310043206551,0.00535473034632152,7.732728010357151e-4,0.00236118986795371,4.861656377112648e-4,-0.00592729753652287,-0.00336010478566612,-89.405 43.099
2022_08_31,-89.40493,43.09907,1.820529343268668,0.37929274058099743,-0.10835045338532544,0.14233535459963845,-0.00943338656692992,-0.0525326161324559,-0.04031512579758208,0.05012590947682848,-0.06157935113992074,-0.02408385157618363,-0.00293497837248659,0.02298532918901847,0.0661818530988217,0.00873753125401305,-7.039124282633186e-4,0.01507372763192982,-0.00404436518033123,0.02798939159563921,-0.02315571943520711,-0.01125540169585279,0.00975088481507417,0.01172364355119717,-0.0175431883554842,0.00217990762802893,-0.0125200177582483,-0.0065336660232897,0.00397878624730801,0.00629196717077385,0.00364703848320378,-0.00668015844194722,-0.00298905236980115,-0.00613102675316905,0.00650746945593466,0.00465832558001319,-0.00575752610603993,0.00100145402267677,-89.405 43.099
2022_08_31,-89.404564,43.09908,1.847368554839418,0.39672939279724856,-0.09777711645324293,0.1367644427204409,-0.01547470641059525,-0.04088795425506892,-0.03971007703137361,0.06068503361354743,-0.05490258600765813,-0.01460296262447648,0.01623992090867836,0.02199579820117158,0.06652001180832383,0.02301093830612015,-0.00518606252489916,0.03492621208454838,-0.00609347284829198,0.02627603212590195,-0.019967095267145,-0.00764760428382948,0.01596567061881865,0.00451294865557069,-0.00392059359768665,0.00171323480684,-0.01970359879834248,-0.01236245577196865,-0.00135873040056688,0.00242782020635567,0.00312269281981394,-0.01309788906717807,0.01811999383953908,0.00434651981608326,0.00842578112447684,0.01358558992082772,-0.00783205035579142,-0.00330058603326335,-89.405 43.099
2022_08_31,-89.4053,43.099064,1.8116512929993476,0.3959007797439367,-0.1083204672408984,0.1222318382051078,-0.01720103329424083,-0.05327825317330634,-0.03965540738255472,0.05727312049145235,-0.03617366807694856,-0.02178079483567932,0.00842909342647261,0.03190068792611469,0.05844460983575696,0.01589733500261197,0.00556303886756758,0.01382801499949307,-0.00786251595242833,0.02532186939882415,-0.00799527282933919,-0.01033549890456148,0.01427627238295042,0.00638922516787727,-0.00732580618415262,0.0048404162531937,-0.0100013636207702,-0.01673287207421209,0.00285889075002373,-0.00160145256429366,4.060939057012471e-4,-0.01287476861383726,0.00234516185314694,0.00204056375120799,0.00464573152909105,0.00921240165828955,-0.00625752089673272,0.00567270635472626,-89.405 43.099
2022_08_31,-89.40531,43.099335,1.7634212973364418,0.38847262283489753,-0.09597742341406822,0.12236648076675892,-0.01781283658418284,-0.04453234903259547,-0.04276973925743345,0.06300066736561787,-0.04908201117311785,-0.02527382210311786,0.0231805706324053,0.02753311916579759,0.06525265185442275,0.01952687892393785,0.00593690606475418,0.02363471062457711,0.00140498794019236,0.01980781564317479,-0.012084734111265,-0.003980808836347,0.02318750192127093,-7.989952656084039e-4,-0.01048003857197422,0.00763652775222077,-0.00695517113150433,-0.02108204129407644,-0.00397544775896518,-0.00156845504352075,0.00432108387044429,-0.00751187973880974,0.00922327311625405,0.00562198727834561,0.0010643489506154,-0.00155335540467845,-0.01196220176634674,0.00486047815958339,-89.405 43.099
2022_08_31,-89.404945,43.099342,1.759743230214717,0.39890457394694184,-0.09915611890924073,0.11949981773139244,-0.01913719087204415,-0.05379423964590352,-0.03681405054981701,0.06992277607947064,-0.04380730767891747,-0.03077906816148014,0.02229561447409961,0.01596402063476537,0.07594068365622995,0.01246430578043954,0.00113510142369343,0.01432511685764874,0.00386471446235449,0.01841733987510919,-0.02002890729090324,-0.01100315245971965,0.01998394390751988,-0.00417496402558917,-0.0117783769995084,0.00335124122594649,-0.0103852901697885,-0.02213323067178439,-0.00826197189463737,-0.00317699894776883,0.0069636663695837,0.00168244942123113,0.01413243679479117,-0.00243248874096282,0.00163207365854639,-5.07537044111964e-4,-0.01274070371058934,0.00132896723942834,-89.405 43.099
2022_08_31,-89.40457,43.09935,1.764338763932538,0.3995680446615238,-0.11950769259377608,0.12467300038872982,-0.01833323715554543,-0.04919981371475365,-0.04323803244648357,0.06292051001119486,-0.04626629008592984,-0.01307404342361701,0.01299965430209765,0.01720248363117889,0.06949694443428209,0.01426926954839656,0.00150132613916012,0.01181426487796425,0.00472794782003406,0.01687218917913419,-0.01978928929338585,-0.0110280596147985,0.01258941093689251,5.555175537961121e-4,-0.0033341217187011,0.00556291171276605,-0.01552114419200992,-0.01506937118417862,-0.00343139085277491,-0.00838562324519866,0.00560766703418428,-0.00603482183987106,0.0105039574104609,8.46335917839934e-4,0.00520621577546782,0.00484348448910679,-0.01401757385275317,-0.00323911121564724,-89.405 43.099
2022_10_10,-89.405205,43.09853,2.8314639108609674,0.9338177447534464,0.49346387438635986,0.2403949498007593,-0.01213085701045924,-0.02657840790685663,-0.07415596739233463,0.07148584495481215,-0.04192717868625763,-0.0106600447070971,-0.0024359728739338,0.02915790128689209,0.09410327848132943,0.01303730124179318,0.02322220286680555,0.03033720862773196,2.077691523331656e-4,0.01654792331701278,-0.01142727779586768,-0.01990492232853385,0.01916936277824021,-0.01430197964062504,-0.01495476143282953,6.182773688729632e-4,-0.01488483064345226,-0.00603597512057085,-0.00134958448365091,0.01499357422174823,0.01174303044622939,-7.85358043672033e-4,0.00129119011096104,0.00529316929161169,0.00171292997611472,0.02060219508576972,-0.01590245832829705,0.00376196169314655,-89.405 43.099
2022_10_10,-89.40484,43.098537,2.8581771190741314,0.917379933801228,0.4828512108162103,0.243961459712893,-0.00376678419645499,-0.02323799401807009,-0.06669653454078918,0.07305998061570594,-0.04302349249394077,-0.01233385130112841,0.00153716076390414,0.03534792425274825,0.08286477985584247,0.01779067663851013,0.02417636180435748,0.03129132702982772,-2.0699113644880395e-4,-0.00127312117915154,-0.01266880511450922,-0.01493881080622634,0.02408676417019872,-0.00747915982393545,-0.01251060055139186,0.01603449553124026,-0.01786695577603777,-0.01360384063182832,-0.00539934927902471,0.01987812146229936,0.01420342785815235,-0.01214035383114327,0.00638357714016702,0.01095924021441944,-9.225457462556018e-4,0.01033078113925621,-0.01944322349629812,0.00180017003446659,-89.405 43.099
2022_10_10,-89.40521,43.0988,2.8455810462335043,0.9147068082299328,0.4856363548816336,0.2420057036967261,-0.02171414948434066,-0.01586146010273859,-0.07708170058988877,0.07128880378711222,-0.05973124412362893,-0.00709778103407645,-4.5778591695723074e-4,0.03287066953879326,0.08657279520733524,0.01724130086767971,0.02220057696010906,0.03199146360309271,-0.00377407582266236,0.00157222803482202,-0.01705693772484267,-0.02672811025948408,0.02415252840163884,-0.00961983531083723,-0.00490942329887441,0.00426633728898622,-0.01091251843061915,-0.00578532512800805,0.0101949165625518,0.01277220536635811,0.004245673685572,-0.00406561570294373,0.00468940512511141,0.01591331824867455,0.00546431912003283,0.00995695500298191,-0.01595406081661687,0.00157999240170726,-89.405 43.099
2022_10_10,-89.40485,43.09881,2.8318220351678103,0.9304303833711388,0.50283331637958,0.23558874702637383,-0.01198671534083319,-0.02439540932549203,-0.08601700674427294,0.07438786732827961,-0.04990227753974496,-0.00230991401790111,-0.00585249826565252,0.04990470938913204,0.08915346002116976,0.03151487485665694,0.03893564847326234,0.03642435801228749,-0.01455207126069433,0.00614868455302702,-0.01404548721578763,-0.01908927440863608,0.02846650796679073,-0.0040602975359585,-0.00686466116412455,0.02486199965827709,-0.01050128685223914,-0.01328015858031207,-4.154177748759812e-4,0.01332316197745233,0.01047338067945947,-0.01727576103627537,0.00644543679109294,0.01314449675776635,-0.00442902983357099,0.00803496344735793,-0.01960420198961188,2.0265148212685123e-4,-89.405 43.099
2022_10_10,-89.40523,43.09907,2.843288576174343,0.9104537335755848,0.4927421163707474,0.24669704676003723,-0.02398322864357513,-0.01758063843773667,-0.07071444794715023,0.08010511203707328,-0.05598323416293387,-0.01112308449685288,-0.00197705975101777,0.0401849851400859,0.07874823146021888,0.01346844986766291,0.02137073179932393,0.03963064693627772,-0.00632912974594852,0.00882407953698052,-0.01918623344309402,-0.02379001615345027,0.02496247992197061,-0.00185021962829509,8.442835037363105e-4,0.00613823882861344,-0.00966165637882592,-0.01088721577299866,0.00486566954516075,0.00788095017894545,0.00604288753099887,-0.00591967283653246,7.061487563840277e-4,0.01415065891644716,0.00539511284783351,0.0043962575576494,-0.01087964224728926,3.414089734016928e-4,-89.405 43.099
2022_10_10,-89.404854,43.09908,2.8459556593621347,0.902017255540741,0.49176830742693434,0.25370475893025884,-0.02574934274330869,-0.01616980882215903,-0.08143359647095838,0.0798616258010435,-0.05318716586574683,-0.01853379354924254,6.787538290204228e-4,0.02697864327700219,0.07554771217899936,0.01191227545311219,0.0217668579083394,0.02320305343074478,-0.00893291471523415,0.00802218867769834,-0.01609294874761961,-0.02387096686001112,0.03274238582308637,-0.00899577601036005,-0.00731467827625442,0.01944315239226911,-0.01505647889701563,-0.01833784845473728,0.00502835193265468,0.01473744148740219,0.00837227182206479,-0.00854557361766032,-0.00237479263830462,0.0118663340468971,0.00102507981384945,0.00280103203786605,-0.01834587816813444,-0.00144951952859205,-89.405 43.099
2022_10_10,-89.405235,43.09934,2.824749686986557,0.917417377176866,0.4959230538569086,0.24083264985575376,-0.01787937848215846,-0.0285371801973345,-0.05407098805806246,0.08089766836320923,-0.03492374859506714,-0.012775577500831,-0.00509865000148456,0.03768207094580522,0.07900443463030296,0.01102237967554491,0.02243873913982524,0.04325314947431011,-0.00704084718689137,0.01625427558653024,-0.01363534745714461,-0.01855109920798496,0.01683726217092225,0.00156640012767575,-0.00377455919914488,0.00401944674105865,-0.01810078557888251,-0.0102453595695593,-0.00616800140520149,0.00481742113353942,0.00587308011334012,-0.00286027567856632,0.00401777384684011,0.01294907508816083,-9.408870304751088e-4,0.00283622408776845,-0.01330780814103722,0.00158105373332554,-89.405 43.099
2022_10_10,-89.40487,43.09935,2.834528145160641,0.9061010566482918,0.48460203183392386,0.24895561279235373,-0.02161503830769904,-0.0212607833315617,-0.06852138785735484,0.07262192550548217,-0.03914838437487804,-0.01752371534085836,-0.00236098141371242,0.0176776483853927,0.07988607695321868,0.0103791118033025,0.02350817924227548,0.02656529857185131,-0.00437094566949627,0.00934444849968155,-0.0107359249860186,-0.01743463155922213,0.02444533290292344,-0.00948240266752567,-0.01093790857570688,0.01233660909096864,-0.01764833253861141,-0.01184060420982331,-3.8134335331586753e-4,0.01020134065600601,0.00642759087573058,-0.0058805851331742,3.6056421259042774e-5,0.01137107529857881,0.00293571726458765,0.00113542214993597,-0.0200915445001305,0.00371448518216706,-89.405 43.099
