date,y,x,Comp.1,Comp.2,Comp.3,Comp.4,Comp.5,Comp.6,Comp.7,Comp.8,Comp.9,Comp.10,xy
2021_06_11,171,532,-3.1621102636732465,-0.4176107008623755,0.9034653309996444,0.6429866032538266,-0.0600782179965908,0.01345827318881979,-0.02744753314501083,-0.5636575394635416,-0.14411942096406288,-0.24961228393998955,532 171
2021_06_11,170,531,-0.7534847078869211,0.02521736839984952,0.14264852288786264,0.17120057903218122,0.0283389032880384,0.07203101030176763,0.08987468453815163,-0.12571389414874556,-0.10317024172753196,-0.11995895816373232,531 170
2021_06_11,169,531,-0.8055394859691414,-0.0274715181728084,0.17097824655268762,0.22346354610883212,0.05165676001327035,-0.00317760412834348,0.07731326118910224,-0.19693009636742,-0.09248290116861956,0.00492304021838007,531 169
2021_06_11,172,535,1.7131577197723713,0.07235868827293979,-0.5321182698188976,-0.3165448249499454,-0.06621715790211385,-0.09028077720996557,-0.30170848296330144,0.1642746592508217,0.21945235558417223,0.2039964897956873,535 172
2021_06_11,172,534,0.37151220897096504,0.09834003471588292,-0.1522506249859805,-0.07513315637422094,0.04419001385142522,0.02165484610966451,-0.03382542442044654,0.06040960218781409,0.0313220923292942,0.04623657705845428,534 172
2021_06_11,172,533,0.8314634049532228,0.1612392763475849,-0.3039986032192558,-0.266230500183283,-0.00485069585628908,-0.03252011499641118,-0.08122233853166665,0.12218981017724365,0.15542090017568944,0.08899878254202341,533 172
2021_06_11,171,535,-0.49699671108601506,0.00757723571612083,0.13925999986406914,0.11065671890734072,0.03761196372383623,0.02858772994869659,0.03840429021759203,-0.10188353065789628,-0.07105071656641071,-0.04604259566640208,535 171
2021_06_11,171,534,0.35209262917306144,0.09207610085684158,-0.16522636670727844,-0.05394042779533686,0.01732349986350077,-0.00188496447452635,-0.04262230851929177,0.08930447247960803,0.03792355745700299,0.04232230384931234,534 171
2021_06_11,171,533,0.4258415052011793,0.08933744098990422,-0.13974278762206482,-0.11422241286105111,0.00928327640280923,0.00191353299666691,-0.07674353186792254,0.122071673794607,0.0437052487726219,0.01662961732127831,533 171
2021_06_11,170,535,-0.9718574333097516,0.06344788752665073,0.2562068210207315,0.31280910984193616,0.03838626120451253,0.10914102733662942,0.2330189429115356,-0.16937082625034972,-0.03625911208355979,-0.04615904058796744,535 170
2021_06_11,171,536,-1.6670858416743128,-0.0948997297154034,0.6237076723386858,0.2243443475144863,-0.10158987285048532,0.08510719195399527,0.02306709819344441,-0.4071354782870639,-0.192844536460266,-0.2161354254161184,536 171
2021_06_11,170,537,-0.26994350030354575,0.03771574049487274,0.08061601026428346,0.06690563664608769,0.0399290555990161,0.02211613156421171,0.04587727494489126,-0.0557238610352495,-0.00802512531063155,-0.0365749464921962,537 170
2021_06_11,170,536,-0.8835410227489069,-0.00111987255385447,0.3336779666057835,0.14059722909665914,-0.02149165497410401,-0.07920998533601119,0.15510995504123473,-0.17160749833070318,-0.04422406127258654,-0.13032322989544604,536 170
2021_06_11,169,537,-0.2870322465370509,0.02475874911413097,0.07576702899017601,0.05375050705221355,0.02804229380334693,0.02272193629653089,0.01615668960487354,-0.06018847911530777,-0.01404436870195064,-6.386386762331951e-4,537 169
2021_06_11,169,536,-0.50624857329499,0.03253117208592895,0.14695596951060397,0.1090104265831884,0.03575665129146938,0.00876112244879077,-0.03706794197674907,-0.1057285254225634,-0.09081878076289078,-0.07269758010196403,536 169
2021_06_11,169,535,-0.2726656139622505,0.0374629187061833,0.07241321158131588,0.0608573565960727,0.03310225412666456,0.00195690137615375,0.02100910782632015,-0.05255740739239801,-0.03494915369925334,-0.01870252222404273,535 169
2021_06_11,170,534,-9.506963095229372,-1.556686472765818,3.5997300148776583,1.662623752981501,-0.12927190716463452,0.09707426167992618,0.594120259376172,-1.1682637678071448,-0.4925208420528695,-0.9830542628902932,534 170
2021_06_11,170,533,6.6665909958430065,0.07710261454438683,-2.204890045091321,-1.680495637939539,-0.14513950725922503,-0.8872793998792705,-1.0809322876396028,1.2892801162314445,1.3751167671438276,0.8334601429371342,533 170
2021_06_11,170,532,-0.6610026105436131,-0.02863718133993989,0.2115143922797386,0.09602136482948216,-0.01825911096543023,0.03691497875407532,0.06528109157154445,-0.11378266190856552,-0.04201937104695727,-0.02611124505609837,532 170
2021_06_11,169,534,1.939113057725618,0.25832526313957704,-0.7681806599399694,-0.30799837737016084,0.02130035548472076,-0.14370700965860603,-0.16339026937300177,0.550584608097595,0.12330933378102556,0.1353884703169586,534 169
2021_06_11,169,533,0.788617268692287,0.09304809736014157,-0.26036993719461976,-0.1901669349047115,-0.07276213029037923,0.01750667291435375,-0.07130136936584637,0.19118999418780655,0.07740572347564699,0.0881172232556937,533 169
2021_06_11,169,532,0.9354307162806464,0.19856823412716823,-0.3536318474869857,-0.11269719129858324,0.05585345326529295,-0.0361846093070272,-0.03682061131102542,0.20413654898226005,0.05319918246387498,0.09008083229406824,532 169
2021_06_11,168,534,-0.53469565114434,0.0437397220321006,0.1806647719489529,0.07367593620558749,-0.05370599470440954,0.02042703968878131,0.00652341048938529,-0.06003788615704465,-0.05994169909064901,-0.04257072274515848,534 168
2021_06_11,168,533,-0.4341924008405397,0.05157801666105783,0.0999011802534986,0.11777623071711107,0.03352145131166755,0.05953775460679016,0.05974554402752988,-0.08069491134959905,-0.03318848245649347,-0.02773009318487428,533 168
2021_06_11,168,532,-0.8762966114004932,-0.03159267347990092,0.2580463673603362,0.1090432079208264,-0.02147654890331122,0.03649486796263465,0.07293605379337471,-0.11997668397672408,-0.09865889773626016,-0.11110754256511408,532 168
2021_06_11,167,534,-0.31000225580506313,0.0383990103654766,0.07740788103810342,0.04830661435216409,0.02386166156824778,0.00153301279174776,-0.02198032279963749,-0.05724655641583025,-0.05313788752974399,-0.05164917963371149,534 167
2021_06_11,168,536,1.676810785619495,0.01047727577869788,-0.5758762857409659,-0.2742199957134837,0.07966520701179207,0.04296061149391178,-0.21369728708572533,0.3410725588992011,0.10902293660657653,0.22269163755578972,536 168
2021_06_11,168,535,-0.2380809045459789,0.064182097138253,0.03343318182310077,0.06074649962213487,0.02563254830228458,0.04102825298857521,0.03179242689301437,-0.03866852669449983,-0.01343563007277019,-0.02885782339423648,535 168
2021_06_11,167,536,-0.9911217058375902,0.06112626970341089,0.3266349681479459,0.18630510957911145,0.00687314152640619,0.02513756399104018,-0.02419786140462794,-0.17446199363788428,-0.2371270529646081,-0.15073688287507153,536 167
2021_06_11,167,535,-0.31942220233552343,0.05708227078685641,0.07560709150319814,0.08512863720656086,0.07932487659836497,0.00459946010981075,0.04328864988801668,-0.05978923447658181,-0.01003803366572091,0.00622194624391207,535 167
2021_06_11,166,535,-0.2528912220104488,0.07750908080086907,0.05867183219356883,0.05261274557260045,0.01959803418178532,0.04993559614379504,0.04955574409342758,-0.04819249681304284,0.01753977324541337,-0.00832874633462091,535 166
2021_06_11,168,531,-0.3497997636471636,0.04108985154401516,0.06370471653746881,0.089779089761263,0.0404085493440198,0.04885786566779943,0.0505876868675143,-0.07720037117548788,-0.08250963738175375,-0.03583516868612692,531 168
2021_06_11,167,533,-0.3694408881331294,0.04460091306671499,0.0943111918992412,0.08056588734477577,0.01706222526312908,-0.00503220214987214,0.04524755810288513,-0.05519386293838354,-0.018820145095458322,-0.02477849718614026,533 167
2021_06_11,167,532,-0.6275949848667393,-0.01085093814457718,0.1811589639413908,0.0965807725400119,-0.01391868126725372,0.00418276629551332,0.01078168667891021,-0.108638022336808,0.00204622831907296,-0.04497570124331648,532 167
2021_06_11,166,534,-0.3758241600104568,0.066597903943401,0.07985327791089467,0.06823569077423813,2.2222429489608068e-4,0.03023335629222543,0.01592848823759598,-0.08290520824834012,-0.03585527391847108,-0.02071815799207286,534 166
2021_06_11,166,533,-0.212677379149778,0.04610656503774559,0.0451750199073908,0.052243707635026,0.02617985240716957,0.01692759580813373,0.01686286060411859,-0.04274518028155152,-0.01725361595845182,-0.01648533000403779,533 166
2021_09_05,172,535,-0.15333383559952832,-0.12844101441195718,0.04629400149947454,0.0259833088822404,-0.02916776811597156,0.00920150099926865,0.0370570130650584,-0.03556512648129104,-0.0259040316623982,-0.00637640729229581,535 172
2021_09_05,172,534,-0.25941931924157724,-0.22504766167458048,0.09216227083819702,0.03061210852686315,-0.05629781259351878,0.00983170303725758,0.07066904375336087,-0.06393125960293387,-0.04182750406500863,-0.00588363911874634,534 172
2021_09_05,172,533,-0.11045582416515456,-0.0881156655404808,0.02788405147451337,0.01911048270206998,-0.01274746923388379,0.013004400119874941,0.02947928248454737,-0.02494631577534399,-0.02364457178476941,-0.00298347420546704,533 172
2021_09_05,171,532,-1.352941347930694,-1.3281225080430683,0.5594003526559039,0.20824220519235587,-0.3492018755735037,-0.03305362928280826,0.3614035303394641,-0.26643904038320915,-0.14623957065145207,-0.12526866367638806,532 171
2021_09_05,170,532,-0.4547320733995221,-0.4013162215190542,0.17110810224587278,0.05949333821005923,-0.10251477570377898,-0.01881633855359494,0.09880244290007556,-0.09109203234180949,-0.07261337205174079,0.00174541756608139,532 170
2021_09_05,170,531,-0.1845998029414818,-0.16672626223335071,0.06550727323119432,0.02905686097884608,-0.03298479161452168,0.00438827071297922,0.0425615091428228,-0.04835303195186034,-0.03803799665658716,-0.01517011784128741,531 170
2021_09_05,171,536,-0.2442295766586465,-0.2135549283972039,0.09064323552496342,0.04269847481792244,-0.05176148315217855,0.00329827796416944,0.05146100962899375,-0.04592764304051412,-0.0451046042476711,-0.01767307760833057,536 171
2021_09_05,170,537,-0.13858070585512983,-0.11833163689083034,0.04466969990675761,0.01761645316390945,-0.02717117622409571,0.00428705985153295,0.03643865892891859,-0.03576275904683741,-0.01135473213515299,-0.00130652276829333,537 170
2021_09_05,170,536,-0.26898130457228636,-0.24742992263804192,0.0928676809559072,0.04710075022772594,-0.06226589695201519,-0.01898813341647085,0.06826325463061064,-0.07236661034001318,-0.04763567096648222,-0.0175755933383273,536 170
2021_09_05,169,537,-0.4248072720500333,-0.3767361315881764,0.17526229361962262,0.06608874808487562,-0.12508020171191683,0.00298467981156667,0.10829738198505084,-0.07748689476097118,-0.04819920905622636,-0.01874166220747249,537 169
2021_09_05,169,536,-0.19704095484824916,-0.1624399759143604,0.06770241676459936,0.04320800498129151,-0.04183133085425507,0.00632182317161523,0.04305115035350363,-0.03349266623301589,-0.03836357119124316,-0.01348737388962428,536 169
2021_09_05,168,536,-0.1423408141268379,-0.12120992452626723,0.04390969408276966,0.03075229285569584,-0.02186511481745453,-0.00561853116022682,0.03260630210954039,-0.03299028232275958,-0.02260103061587945,-0.00437737036130129,536 168
2021_09_05,169,531,-0.26176154526712836,-0.25055340765325956,0.10480699166801596,0.03330555269821778,-0.06863781656756018,0.00433270521390854,0.07636679356248399,-0.0652855418894623,-0.02308698599913136,-0.0126256613652012,531 169
2021_09_05,168,531,1.0706194025070128,1.1563066278933214,-0.4577022070440388,-0.109370642822345,0.30981134429760954,0.03699677893974088,-0.21323257614095317,0.18609189115436128,0.14633224250492818,0.11511083078056748,531 168
2021_09_05,171,535,-0.14935510893866502,-0.12038529855248568,0.05348459839518894,0.03024738716553458,-0.02682717229749797,0.00155987052316565,0.03513549558403298,-0.02697847329247978,-0.01843193293826182,-0.00429623493869674,535 171
2021_09_05,171,534,-0.15331611437911294,-0.12586435741774205,0.05475160140664489,0.02898294197813544,-0.03200949266069795,-0.00721870372191144,0.02937220727169804,-0.02880782084440486,-0.02760397325552074,-0.02077356081756342,534 171
2021_09_05,171,533,-0.3646329713280544,-0.3610224254918484,0.14666044811878234,0.06575113751978488,-0.09442917944016543,-0.00649862605777017,0.11663243754765992,-0.0813383835969607,-0.05143665253734745,-0.02211719634254508,533 171
2021_09_05,170,535,-0.12768988437099965,-0.10462932640301556,0.04126877457785474,0.01944000666492611,-0.02467616760969346,0.0060461585739137,0.03413525395592323,-0.03010530142693784,-0.00599241489306162,0.0010614584421481,535 170
2021_09_05,170,534,-0.16813603190625495,-0.13247342008736834,0.0495118816611653,0.03789967144219693,-0.02086907211799672,-0.00537194907237741,0.03454429178987648,-0.04132405066025186,-0.02930304874571034,0.00183189222955852,534 170
2021_09_05,170,533,-0.14910791469927723,-0.11689887074738092,0.04164274462444045,0.03059198856900617,-0.02063805873570927,0.00493286856955356,0.02447149968200828,-0.02979076744098264,-0.02209385718379402,-0.00928191275081648,533 170
2021_09_05,169,535,-0.11746664420948716,-0.09404662960508132,0.03769082665963044,0.01857914346535522,-0.01893647243833726,0.00539952618554603,0.02991418996285611,-0.023247356971345,-0.01641392314890995,-0.00309240592702553,535 169
2021_09_05,169,534,-0.2782280325740638,-0.24397944982802727,0.10734941089844134,0.04897389085236525,-0.05934587808515335,7.139998984575203e-4,0.0901575405418924,-0.066286427189265,-0.04896667732347488,-0.01772910309526572,534 169
2021_09_05,169,533,-0.16291312336619285,-0.1416900589884429,0.0533835521080649,0.02267243273201228,-0.03079663521546524,1.737287371561598e-4,0.04136193340147399,-0.03952114309887643,-0.01867291134215536,-0.0047670089349088,533 169
2021_09_05,169,532,-0.17005139012583748,-0.1422714381336861,0.05858125079010472,0.02693795130504425,-0.03843691285587807,0.00248753981341062,0.04007779708112824,-0.0410635963750833,-0.02566044403595783,-0.01233925584721473,532 169
2021_09_05,168,535,-0.1638046078369149,-0.1374706094388251,0.05446223554332735,0.02103046493785652,-0.03903726186542764,0.0022810061323013,0.0247563451049943,-0.03164808064730864,-0.02189749287070143,-0.0122958199336401,535 168
2021_09_05,167,536,-0.11286845926744776,-0.08989994552627667,0.02967750800542999,0.0220588964690836,-0.01815964555849258,0.0040898263238188,0.02602831910662948,-0.02815538795354887,-0.01535590308254479,-0.00539814347393763,536 167
2021_09_05,167,535,-0.11082376271070708,-0.08627162513864835,0.03455167457796432,0.01910824274432027,-0.02126727647582524,0.00236287664657687,0.02447417561237741,-0.02565099951663746,-0.01556184052463926,-0.00126732887758113,535 167
2021_09_05,166,535,-0.7486244194567716,-0.7724671278547476,0.29716056803437135,0.12277013723149743,-0.22539412241046852,-0.01478887496091031,0.22698422718658376,-0.15230618801550633,-0.1148620091627582,-0.06400168335074358,535 166
2021_09_05,168,534,1.3962627709901063,1.3226771505844663,-0.5521725875354822,-0.2436623823136453,0.3469208231553127,0.07691089622927644,-0.33164886926443526,0.2585921616567944,0.24042631886689356,0.12819951150299091,534 168
2021_09_05,168,533,-0.42837464588436713,-0.39031929021794787,0.160987022507914,0.07299987423691157,-0.0989582980239152,-0.00767923159776178,0.0777553160149515,-0.09295007653697154,-0.05156241221708394,-0.01746727944076084,533 168
2021_09_05,168,532,-0.48075165286600074,-0.4586618117861809,0.19076608427400443,0.11753125076783295,-0.0944602636516645,-0.03628589898768947,0.1141000211719828,-0.10476985139039904,-0.10863414037459536,-0.05034707082549211,532 168
2021_09_05,167,534,-0.150420683207382,-0.12094411882298713,0.04691953697838984,0.03572500623602972,-0.02194316446764122,0.01279900756383208,0.04253754797436276,-0.03545629152921345,-0.0206329705132402,7.126136813135769e-4,534 167
2021_09_05,167,533,-0.21693719817361784,-0.1914271043973246,0.07925725056199791,0.02314908069011703,-0.0375180335782319,0.00701442487780463,0.03331425668095045,-0.05459099666199827,-0.04080114158014339,-0.01197075190032435,533 167
2021_09_05,167,532,-0.19462775062697224,-0.1769559528027037,0.07446583645595298,0.03772174869768508,-0.03760834882944674,0.00594676884047087,0.04473150865547675,-0.05635242208528353,-0.04538991244204632,-0.01289874648244395,532 167
2021_09_05,166,534,-0.23274510967080772,-0.20412572324291017,0.07981402270828093,0.03761473242477194,-0.05575017072479651,0.00288650701005834,0.05863432072903212,-0.05771709950469132,-0.03443358984688004,-0.0248464224274553,534 166
2021_09_05,166,533,-1.5317738135684242,-1.4910752014599973,0.5991251343370414,0.24025093756523608,-0.3603850760688768,-0.01787052816021349,0.3766792824340216,-0.38677171555730944,-0.2551392495232614,-0.11604799944628567,533 166
2021_11_02,172,535,-0.03353763733852071,0.00883248642863455,-0.02953632498783908,0.03158818935647024,0.03573663772378156,0.0152824498757769,0.01538370513542711,-9.873584484625234e-4,-0.00630393533503425,-0.0065371033738091,535 172
2021_11_02,172,534,-0.01789980492823764,0.01000377014494185,-0.01419235754518241,0.01776731603756878,0.02313386448217483,0.01119474115518938,0.00755037277344373,-0.0023319316300326,-0.00188008215498328,0.00465616791624546,534 172
2021_11_02,171,536,-0.031143759998346,0.00184941492998629,-0.02356022808143874,0.01242003142366655,0.02881653842927282,0.03096315386589305,0.01766502406961637,-0.01106328164464864,-0.00454121721073967,0.00597758065606751,536 171
2021_11_02,170,537,-0.0214225712009257,-0.00398423377149099,-0.02450141990057905,0.02550544391082419,0.03630445564841142,0.02091338913611375,0.02332251048264565,-6.110144154295428e-4,1.1020593980503202e-4,-0.00118853220436478,537 170
2021_11_02,170,536,-0.03725003745674647,-0.00573886571692408,-0.01354450067293311,0.03279828081649519,0.03022344039478061,0.0015638315894652,0.00761584616916208,-5.348374535788462e-4,-0.01665260482220409,-0.01492134220424749,536 170
2021_11_02,171,532,-0.07986079737474075,-0.0735337787149294,-0.01952520063374372,0.02343084782438697,0.02953314790916457,0.04498744763867156,0.02233053318773525,-0.03285784247876832,0.00395133446032507,-0.01289612118583803,532 171
2021_11_02,170,532,-0.02787065964984956,0.00437093438545025,-0.01262341528457351,0.02201880741766381,0.01803141434664075,0.01665956302504435,0.0145448965227713,0.00253023591355519,-3.1182468507299084e-4,0.00339528011590031,532 170
2021_11_02,170,531,-0.02494752213632843,-0.00914998342447486,-0.02358037358229249,0.04429234786831535,0.03078908468557605,0.02575632952035366,0.01474254999458623,0.00716267485240761,-0.02311744313310513,-0.01346330737340942,531 170
2021_11_02,172,533,-0.01928032449373487,0.00811503001933828,-0.02383651529370327,0.03008951095752431,0.03226948516588539,0.01380302172641053,0.01675622021789497,-6.132031224534893e-4,-0.00760020784807804,4.465093858407583e-6,533 172
2021_11_02,171,535,-0.03271932653227497,-0.00756218837547593,-0.03880816475096121,0.04315124018000606,0.06036473046042605,0.03146501659591257,0.01980603007053145,-0.01752805218552686,-0.00827306421909094,0.00633235359695968,535 171
2021_11_02,171,534,-0.0263185250637553,0.0055802765293001,-0.02478241136113791,0.0061995371746576,0.03054299140999888,0.02960917479782317,0.00414836610347637,-0.00893560883931616,-0.00218557582185716,-9.20974209766738e-4,534 171
2021_11_02,171,533,-0.02864006297745069,6.578200733481972e-5,-0.03058827587060998,0.03669205821699302,0.04119592539035337,0.02319042227121888,0.03173504153104437,-0.01599698010636952,-0.01872485261587832,0.0092930410075554,533 171
2021_11_02,170,535,-0.01513053622847173,0.00729897424833855,-0.0300299827247869,0.03547352507269082,0.02666736706740538,0.02270672497626592,0.03077461461090987,0.00381568966549101,1.7465472608682207e-4,0.0019646454301137,535 170
2021_11_02,170,534,-0.02414406406194787,0.01428293601490369,-0.02491134301585515,0.01640264575854803,0.03380185735183476,0.01166933890416217,0.01497463150606055,0.00430330922200691,0.00312130442437246,0.00313796251190188,534 170
2021_11_02,170,533,-0.00683457859196674,0.01588655382017228,-0.0230446228636057,0.02733632089137996,0.03718329601596644,0.02148453756356537,0.02201749268990387,0.00313184473738477,-0.00287883538887513,0.00426704102651035,533 170
2021_11_02,169,535,-0.01889542983846971,0.00184416602955432,-0.0255161592669635,0.02540995536368752,0.04226538099936148,0.0241632076519332,0.01164308284745816,-0.00244071816288499,0.00313424024779138,0.00951974722780936,535 169
2021_11_02,169,534,-0.02120957376101103,-0.00229039120973584,-0.02252740619034791,0.032258409111408017,0.03966153636798607,0.03793235451325472,0.00210400329546054,-0.0032458572423813,-0.0197039175525007,0.00564122113039518,534 169
2021_11_02,169,533,-0.03614188698577473,-0.02625156475634311,-0.03300594736145198,0.03670843172465038,0.06150383227716041,0.01984542508144253,0.03107026002274177,-0.01762295198293148,-0.00381100734127146,0.00355245366012373,533 169
2021_11_02,169,537,-0.01722100625912646,0.0013038481380866,-0.02883313063222311,0.03383391188639854,0.0404898046414077,0.02707650006032871,0.02246440365848721,-0.00556688004947072,0.01193031125704068,0.01735233455243181,537 169
2021_11_02,169,536,-0.01966009648184351,0.0081654777903356,-0.02904509943484511,0.02583135086001366,0.03635485572763843,0.02693545358889589,0.00515900212612155,-0.01437325039849299,-0.0163426400490729,6.805262161209887e-4,536 169
2021_11_02,168,536,-2.957026987468888e-4,0.01556451518257446,-0.02047806956875034,0.01733525056155998,0.03300617093826363,0.01695526424213912,0.01538196397843014,-0.0047285341787359,0.00591746350792831,0.00246119062828378,536 168
2021_11_02,167,536,-0.01127657898780795,0.00498499202758069,-0.01542712783195477,0.02386188352715265,0.02857255796636206,0.00910772179952404,0.00933072662169984,-0.00234856978661795,0.00639441721447222,0.01045095052159281,536 167
2021_11_02,167,535,-0.01505674195378321,0.00468728101112697,-0.01962074331694682,0.03053071019959651,0.03361001143490971,0.01388709462325856,0.0041184106443337,-0.00409129141222285,-0.01521708174417004,4.1194603178406947e-5,535 167
2021_11_02,169,532,-0.02099231547737958,-0.0084039318531919,-0.01507087241403284,0.02043697555398664,0.04384847537984392,0.01628858368196681,0.00969518437652672,-0.01371474360977752,-0.00437265156631301,-0.00126079205151303,532 169
2021_11_02,169,531,-0.01025478450189848,0.0076249523045613,-0.02818261958251371,0.02409849836342919,0.03400271723561619,0.00926068385440548,0.02011347756911246,-0.00703179829147756,-0.00377980081582214,0.0038777851966452,531 169
2021_11_02,168,531,-0.01033049916217136,0.01699346327282044,-0.01872979508108265,0.01625573477330211,0.02911416274410058,0.01762749720733009,0.01448321989055746,7.754720728775692e-4,0.00337977985337583,0.00698822678270803,531 168
2021_11_02,168,535,-0.01688892778887778,0.01196332717795253,-0.02135629790954159,0.02184127862646919,0.03272399634462365,0.02149074283779861,0.02804164400226894,-1.7733044624624293e-4,0.0013231875645574,2.601468328238553e-4,535 168
2021_11_02,168,534,-0.01657793393514309,0.00369008518757926,-0.02245900631787826,0.03872542223276067,0.03280613075083531,0.02937362115906577,0.02516963878423547,2.5820496702289725e-7,0.01247860672637387,0.00673131904359106,534 168
2021_11_02,168,533,-0.01343306416656764,0.00171077616340556,-0.0168432988996197,0.01806819692785972,0.03580774753404249,0.0200405412323988,0.02036207930225303,-0.00179806606003039,-0.00230790254448213,7.26552792960246e-5,533 168
2021_11_02,168,532,-0.00151726899271309,0.01715582405425324,-0.0224009965815315,0.02192234621220933,0.02975029182939729,0.02290959875101315,0.01496314949950766,7.362924659717158e-4,-0.01214382688191844,0.00291073953709567,532 168
2021_11_02,167,534,-0.02247413700250801,-0.01195214471276029,-0.01560377774438351,0.02758528922566129,0.03352851197075263,0.01407693120281892,0.01933544284413137,0.00186935538253245,-0.00283270705723179,0.00426399925953811,534 167
2021_11_02,167,533,-0.016769907868098122,-1.66609573060595e-4,-0.02008751093552691,0.01960968361102258,0.03077094441036133,0.01561995119333951,0.00383907574901826,0.00108913094375637,-0.0065329778944005,-0.00276995108579943,533 167
2021_11_02,167,532,-0.01907509140097335,-0.00718204454346212,-0.01898159998816637,0.02664640433953618,0.03959790592000092,0.00866486394995294,0.03008957695728728,-0.00213076261830963,8.413978019393223e-4,-0.00234784888866884,532 167
2021_11_02,166,534,-0.01334026978060444,0.00480942882401482,-0.02858433695782864,0.02246915998011335,0.03081120695198157,0.03446114988878138,0.01523546410533871,-0.00887799695367506,0.00548168782574217,4.198516498274077e-4,534 166
2021_11_02,166,533,-0.00896143009099549,0.01424709582905403,-0.02080138508394615,0.02250209413899787,0.03146718184749374,0.01599776428487746,0.0124121704609737,-0.00248394985807131,7.583300862883671e-4,0.00495243388613751,533 166
2021_11_02,166,535,-0.01398181918154717,0.00694211713453352,-0.01706618873247202,0.02366063710703719,0.03210107931394942,0.01488404346882402,0.02228605415240765,-0.01640576031624717,-0.00521606187061748,0.00859293419296405,535 166
2021_12_13,172,535,0.1550577625849781,0.3054412679462722,-0.00505082090580065,-0.10827753770398042,-0.02286234557529183,0.01631326460505686,-0.09317027666529049,0.10918609183187818,0.05622758102023904,0.07177411882507632,535 172
2021_12_13,171,536,0.5279503254018956,0.5639211987058229,-0.02735459503112995,-0.05880396393125232,0.03020215709077072,-0.08391672110669766,-0.1744581787370553,-0.03913960346985938,-0.08902201844537114,0.0855524548751761,536 171
2021_12_13,171,535,0.1640188506208927,0.15975343385268256,-0.01314030899183895,-0.03484778557976371,0.01081172565324865,0.02534481017551784,-0.07998736289637014,0.00636935549141675,0.06374019638841855,0.04978683405491632,535 171
2021_12_13,170,537,0.08069019713290608,0.13915252081276958,-0.01765804453675186,-0.02451578810340667,-0.0072505250483878,-0.00731202948376456,-0.03014340277814633,0.03615025647639249,0.02957332490329442,0.03166706816359362,537 170
2021_12_13,170,536,0.2670028705106073,0.3710248295008158,0.00126543032444184,-0.08741753910663501,-0.08024029552018769,0.0305892491329512,-0.1521518078238734,0.10249224455833232,-0.03937544168103705,0.04723763519917746,536 170
2021_12_13,170,535,0.12268033913773456,0.19669256268992633,0.00803259970284299,-0.0319441434531486,-0.03293997755068904,0.00686631920547077,-0.05620487626878855,0.04827470332439648,0.01378437133567731,0.04761804070542354,535 170
2021_12_13,172,534,0.5209337245541774,0.6837920402369884,0.04609487466187993,-0.2810472729056668,-0.10783120860455926,-0.01791758619895779,-0.14946943148648986,0.16521303532309245,-0.05875164990908919,0.02775723643469064,534 172
2021_12_13,172,533,0.2444481384564666,0.3063359363032708,-0.02914518588204742,-0.07927106970037873,0.00637774191621438,-0.0461355728745578,-0.03664513558939355,0.06268977557574017,0.07969530170672544,0.05609612355849191,533 172
2021_12_13,171,534,0.14174643915299703,0.1876202302343405,-0.04796397416465287,-0.0479922731934023,0.01147948949778648,-0.0110126811410879,-0.04215134246928341,0.0162525926917784,0.02367836650026111,0.04905563895550754,534 171
2021_12_13,171,533,0.08944121527549108,0.1338824829245936,-0.023331378105066,-0.02514225533384205,0.00738458723567005,0.00672357326185648,-0.02966267374483864,0.01655342572749539,0.02987393055136588,0.03974999130624521,533 171
2021_12_13,171,532,0.18902454036431657,0.2984603515322481,0.00555918006396062,-0.04249384671918217,-0.02582004107897066,-0.10634054048880764,-0.1625792315376206,0.04806655369993358,-0.02124286887446359,0.06424607215659893,532 171
2021_12_13,170,534,0.13660254259180604,0.1934367116061218,-0.05537985594124858,-0.02932258398170196,0.01804555116048707,0.01111249164574806,-0.0607882332662947,0.03991066424871584,-0.01315518729031089,-0.00132483893751701,534 170
2021_12_13,170,533,0.09842178246832844,0.15907445942077306,-0.01394592897461573,-0.03997927244598493,0.01735840339955293,0.02627868549879952,-0.02477948968766578,0.0431169872664748,0.03146842126627176,0.03291444508393829,533 170
2021_12_13,170,532,0.16301145389360894,0.23249641371688784,-0.02964608746314071,-0.06885170950657336,-0.01999222659877014,0.02211418562120953,-0.03511153278759885,0.01155516483250529,0.01091045593205991,0.03274459009685921,532 170
2021_12_13,169,537,0.08628027301458237,0.1498935018447425,-0.02045311447622944,-0.04361384536913892,-0.00444409307961476,-0.03178721364315624,-0.06248143171890273,0.03102308759315323,0.01768315213389773,0.01780057739867533,537 169
2021_12_13,169,536,1.419021646113087,1.8986980843057888,-0.3302747540519134,-0.7422605424085954,0.3310254482891169,-0.3895125927799381,-0.749866153788339,0.08422428981780987,0.22363166748838817,0.05125235870168108,536 169
2021_12_13,169,535,0.46278784231506614,0.632835251847768,0.03032042276898337,-0.33242480433514976,-0.2710767184690724,-0.24115009888700503,-0.4133739100981473,0.07281081243389104,0.1499864120519783,-0.11923601777049238,535 169
2021_12_13,168,536,0.1741318632993465,0.20414086580738455,-0.00457509253072946,-0.03012541157049631,-0.02230050527948896,0.02942223254284398,-0.0400008331914948,0.03229753989602323,0.01863032584360321,0.04724872498292913,536 168
2021_12_13,168,535,0.20882615648789268,0.26533976703796125,0.00740929030694088,-0.1053984060112393,-0.0570968256598414,-0.03999658016605052,-0.06225434989626208,0.06085998478787503,0.01929177198942274,0.03827259789566296,535 168
2021_12_13,168,534,0.22083753363577813,0.28874852424150566,-0.0289870661667534,-0.07086459814971707,-0.02170307537264436,-0.0059623128769931,-0.03757202999160788,0.05042087562910941,-0.00472571459758961,0.02783886509414055,534 168
2021_12_13,167,536,0.5049569210033096,0.4713424107552033,-0.01054014165326437,-0.10133839959690484,-0.01336311696909961,-0.21850567018085088,-0.11243386459651354,0.1222132316998656,0.12560857135815265,0.11569386390825286,536 167
2021_12_13,167,535,0.12577633000323463,0.18715537352580172,-0.01891359487091355,-0.05360561764355712,-0.00684330004845406,-0.00738611139610375,-0.08526488350795619,0.03850013015404876,0.04546795295149772,0.02696683357198811,535 167
2021_12_13,167,534,0.09418296926258972,0.15620105924186914,-0.02517397287526643,-0.01381603739364765,0.01341637551810715,-0.01740074835419893,-0.03227534715353117,0.02215795508790016,0.02181874967536633,0.02455388333095568,534 167
2021_12_13,170,531,0.12011936819682552,0.17545576046174158,-0.03098245340225558,-0.01838981640456831,0.01912468170326265,0.00175474730567695,-0.03417536530763417,0.01443220546652239,0.03724450449895113,0.03609256342996608,531 170
2021_12_13,169,534,0.10883553536052204,0.17137099614534468,-0.02942880961311233,-0.0160357853094747,-0.01688988711718048,-0.04137029832904464,-0.05483546914297164,0.00494840253070429,0.00753275032469062,0.03553986665609673,534 169
2021_12_13,169,533,0.1556991096644334,0.2446030197228936,-0.03254585531115635,-0.04407671445777315,-0.00986659766841983,-0.05339486854806556,-0.1310129622033543,0.06873201989494437,0.04192151108955009,0.01513244480827495,533 169
2021_12_13,169,532,0.28994066333064394,0.4039522800234086,-0.04331502586326655,-0.05538916392929041,-0.01275131772097318,-0.13032265325867895,-0.10958832803267916,0.1272933343519335,-0.01452296441374288,0.07339021836331376,532 169
2021_12_13,169,531,0.09835297279262614,0.15624768820712723,-0.02524469525746427,-0.01547408063934958,0.01624162948635428,0.01344559973996156,-0.03583842105776009,0.03007167492911763,0.02396951505297898,0.0438050891206607,531 169
2021_12_13,168,533,0.07554879010953168,0.11795411291846464,-0.02221784443899405,-0.02142464259209448,0.01321748894479833,-0.00183194166058974,-0.02828580094846371,0.01853716334463235,0.0127069390807849,0.01702583048605863,533 168
2021_12_13,168,532,0.24399458089204967,0.31312192221121327,-0.03333949530709662,-0.08833143737086452,0.0236194268173173,-0.00654978233608604,-0.05924078166006073,0.02257331608350749,0.05607344866577032,0.02369314646326007,532 168
2021_12_13,168,531,0.1632129180041804,0.20272563740166108,-0.01915682951277382,-0.08363410778161917,-0.02825379400677265,-0.00317034009228839,-0.02670796235980425,0.02478421758021622,0.08387415733522877,0.03931266527417537,531 168
2021_12_13,167,533,0.08649847847160182,0.13272952167133648,-0.01392806109546929,-0.01613593664302839,-0.00519173189023155,-0.02393455897976405,-0.03892910226009878,0.02796497827016739,0.01183804709795014,0.0136200400524872,533 167
2021_12_13,167,532,0.1839631511495626,0.2789986534041463,-0.02036663339092671,0.01018546878692519,-0.0130939645961378,-0.03305094679830434,-0.08861842108886925,0.02117325677368609,0.01759997617291305,0.0965674308129752,532 167
2021_12_13,166,535,0.11838761810390042,0.20453056295964997,-0.01496694138347603,-0.05509943187935105,-0.0755844594826236,-0.04109385832479007,-0.08769625163928389,0.03521627266515069,0.02604649641192128,0.05356500122557268,535 166
2021_12_13,166,534,0.2976305589627009,0.45820151344013943,-0.11164171106241784,-0.12040041167127238,-0.10574431222958142,0.00997587894821448,-0.16380384805743364,0.01987171765843985,0.04701790467216021,0.05116871793751349,534 166
2021_12_13,166,533,0.10482212245418934,0.18866685781956144,-0.03077570287857412,-0.07227161438945588,-8.76122320070558e-4,-0.01230819693564056,-0.05146463177647158,0.0391834506941564,0.02290196918241423,0.01904278401039851,533 166
2022_05_13,171,536,NA,NA,NA,NA,NA,NA,NA,NA,NA,NA,536 171
2022_05_13,170,537,NA,NA,NA,NA,NA,NA,NA,NA,NA,NA,537 170
2022_05_13,172,535,NA,NA,NA,NA,NA,NA,NA,NA,NA,NA,535 172
2022_05_13,172,534,NA,NA,NA,NA,NA,NA,NA,NA,NA,NA,534 172
2022_05_13,172,533,0.02581360294461203,0.08784403146165788,-0.04104774320068853,-0.00192872158841452,0.02071089058560368,0.00213383689375609,-0.01386470401763403,0.01608343630762926,0.00669880160110874,0.01333002003281105,533 172
2022_05_13,171,535,NA,NA,NA,NA,NA,NA,NA,NA,NA,NA,535 171
2022_05_13,171,534,NA,NA,NA,NA,NA,NA,NA,NA,NA,NA,534 171
2022_05_13,171,533,NA,NA,NA,NA,NA,NA,NA,NA,NA,NA,533 171
2022_05_13,170,534,NA,NA,NA,NA,NA,NA,NA,NA,NA,NA,534 170
2022_05_13,170,533,NA,NA,NA,NA,NA,NA,NA,NA,NA,NA,533 170
2022_05_13,170,532,NA,NA,NA,NA,NA,NA,NA,NA,NA,NA,532 170
2022_05_13,170,536,NA,NA,NA,NA,NA,NA,NA,NA,NA,NA,536 170
2022_05_13,170,535,NA,NA,NA,NA,NA,NA,NA,NA,NA,NA,535 170
2022_05_13,169,537,NA,NA,NA,NA,NA,NA,NA,NA,NA,NA,537 169
2022_05_13,169,536,NA,NA,NA,NA,NA,NA,NA,NA,NA,NA,536 169
2022_05_13,169,535,NA,NA,NA,NA,NA,NA,NA,NA,NA,NA,535 169
2022_05_13,168,536,NA,NA,NA,NA,NA,NA,NA,NA,NA,NA,536 168
2022_05_13,168,535,NA,NA,NA,NA,NA,NA,NA,NA,NA,NA,535 168
2022_05_13,167,536,NA,NA,NA,NA,NA,NA,NA,NA,NA,NA,536 167
2022_05_13,169,534,NA,NA,NA,NA,NA,NA,NA,NA,NA,NA,534 169
2022_05_13,169,533,NA,NA,NA,NA,NA,NA,NA,NA,NA,NA,533 169
2022_05_13,169,532,NA,NA,NA,NA,NA,NA,NA,NA,NA,NA,532 169
2022_05_13,168,534,NA,NA,NA,NA,NA,NA,NA,NA,NA,NA,534 168
2022_05_13,168,533,NA,NA,NA,NA,NA,NA,NA,NA,NA,NA,533 168
2022_05_13,168,532,NA,NA,NA,NA,NA,NA,NA,NA,NA,NA,532 168
2022_05_13,167,534,NA,NA,NA,NA,NA,NA,NA,NA,NA,NA,534 167
2022_05_13,167,533,NA,NA,NA,NA,NA,NA,NA,NA,NA,NA,533 167
2022_05_13,167,532,NA,NA,NA,NA,NA,NA,NA,NA,NA,NA,532 167
2022_05_13,166,533,NA,NA,NA,NA,NA,NA,NA,NA,NA,NA,533 166
2022_05_13,167,535,NA,NA,NA,NA,NA,NA,NA,NA,NA,NA,535 167
2022_05_13,166,535,NA,NA,NA,NA,NA,NA,NA,NA,NA,NA,535 166
2022_05_13,166,534,NA,NA,NA,NA,NA,NA,NA,NA,NA,NA,534 166
2022_05_13,171,532,0.0244121303426109,0.0934008043891482,-0.04287234095525902,-0.01803151284625909,0.01175142154956123,0.00423497555670815,-0.02149758339678721,0.01389469045703631,0.01591690211658971,0.01045007165026495,532 171
2022_05_13,170,531,NA,NA,NA,NA,NA,NA,NA,NA,NA,NA,531 170
2022_05_13,169,531,NA,NA,NA,NA,NA,NA,NA,NA,NA,NA,531 169
2022_05_13,168,531,NA,NA,NA,NA,NA,NA,NA,NA,NA,NA,531 168
2022_06_16,171,532,0.0755273609568772,0.11137334778933204,-0.05002219916216964,-0.02692971783776682,0.01528644785980247,-0.00333873578543241,-0.03679458012987605,0.02611716753695149,0.01860220867170248,0.00536843802802705,532 171
2022_06_16,172,535,0.07060221213717385,0.1111785346364696,-0.04548289391358647,-0.02784460556800972,0.01616646754357737,-0.00639486641231051,-0.03448003482374583,0.02701018448009873,0.01750555147570968,0.00567284672768053,535 172
2022_06_16,172,534,0.06704345194519638,0.10506771281863496,-0.04788397659693017,-0.0250805922315988,0.01845793630093853,-2.0772761553769525e-4,-0.0298422998467305,0.02221729959914294,0.01450330940722514,0.00251692249934258,534 172
2022_06_16,172,533,0.07382591232485644,0.11291216184197309,-0.04344556020613325,-0.03061796163001656,0.01621893131666328,-0.00696288346245931,-0.03872269530352471,0.02608630857161099,0.0128909421683031,0.00116465472533072,533 172
2022_06_16,171,535,0.08188593383494554,0.12404193233943409,-0.05350968160643821,-0.02825286969578099,0.0118705035971134,4.5245683235197224e-4,-0.04079813896016122,0.02629008749451585,0.00918076103086687,-0.00219334295026554,535 171
2022_06_16,171,534,0.07712277631857146,0.11620542203715456,-0.04823159832869355,-0.03307087117594932,0.01386345374778032,0.00148845173888154,-0.03211194642403234,0.02685158056767219,0.02068543093432336,0.00714909269156686,534 171
2022_06_16,171,533,0.08569211854060528,0.1293220988226834,-0.05384001738343181,-0.03435903853168823,0.01562749721018702,-0.00156905297554852,-0.0417724619349321,0.02289600288703092,0.01481689469071257,0.00250517461266813,533 171
2022_06_16,170,534,0.08581337398787368,0.12989273188438794,-0.05012441076752504,-0.04121578924398355,0.01036009845128114,0.00201334064614983,-0.04202925725740474,0.03598663612762144,0.02306434210486023,9.778178590228363e-4,534 170
2022_06_16,170,533,0.08485889755077572,0.12671419962230623,-0.050195549171383,-0.03387027032569451,0.01419191356959106,-0.00376737895910783,-0.0354639991649823,0.0325903254857135,0.01355082272231177,6.80629415246744e-4,533 170
2022_06_16,170,532,0.0736677997175042,0.1180184666980716,-0.04457430726526903,-0.03097650121936973,0.01375734183035658,-6.523320721126877e-4,-0.03501458408699345,0.02686724203666133,0.01835760300711194,0.00229117274987283,532 170
2022_06_16,169,534,0.07764373618742994,0.11791571992073524,-0.05012522313776817,-0.03347500321845172,0.01028274396122408,-0.00708502260249999,-0.04215090253580014,0.03037351500996522,0.0170982082804575,0.00365201693346421,534 169
2022_06_16,171,536,0.0756927093956527,0.11173775306372552,-0.046275735214442,-0.02956844131420465,0.01321030774351738,-0.00128671478029785,-0.03652696184709101,0.02192329761669266,0.01835091330653477,0.0058731176365068,536 171
2022_06_16,170,537,0.07798976451602592,0.11701392694618958,-0.05275629320900584,-0.02618999639869645,0.01482840704772347,-0.0044015947680045,-0.03269625888120033,0.02769629584568497,0.01526593703767821,0.00217962381994632,537 170
2022_06_16,170,536,0.08329636200763452,0.12591327419997386,-0.04814373304798034,-0.03479648869160715,0.00479252247885901,-0.00204150638829848,-0.04357245391537259,0.03211868360109878,0.01778113265429034,-3.306571886101602e-4,536 170
2022_06_16,170,535,0.08484155940680012,0.12672513760770213,-0.05296597817224163,-0.02447976322551608,0.01711162781393781,-0.00359214896456944,-0.03922274447785625,0.03308894120327184,0.01778234627476588,0.00358302418790298,535 170
2022_06_16,169,537,0.06956871771926704,0.11197989695319216,-0.04663870388905607,-0.0236351825369827,0.01625176355828608,-8.213591900150924e-4,-0.03637567713418119,0.02630113418786882,0.01328718397074523,0.00408339051850076,537 169
2022_06_16,169,536,0.06612230626730516,0.1109365335392692,-0.04464587909867092,-0.02701256534908218,0.01437892982372357,-0.00720232900514085,-0.03816994345751952,0.0276148461250043,0.01000590042334907,0.00198445889629855,536 169
2022_06_16,169,535,0.08665569500432593,0.12363203499023998,-0.0528284642942862,-0.02934261726604567,0.01844150824309259,-0.00326761251100828,-0.04051926376491711,0.03004601423798323,0.01599133634752448,0.00271958727135887,535 169
2022_06_16,169,533,0.0721898000531602,0.11378857676630784,-0.04851323806392083,-0.02354872869932109,0.01760945075514134,-0.00167484233542302,-0.03150057321052439,0.02431606244533227,0.01631576620224104,0.00482264605955622,533 169
2022_06_16,169,532,0.06667683168199434,0.1077061676538075,-0.0399296363652741,-0.02609524678069657,0.01155361043323589,-0.00493159084634219,-0.03104825199337064,0.02464208945020975,0.01896504835556372,0.00442420468557357,532 169
2022_06_16,168,534,0.08136557321852526,0.11865414653864229,-0.054719029391631,-0.03279193889031548,0.01426701213647236,0.00120649054058479,-0.03932608871486742,0.02398733898105162,0.01614473422950196,0.00328864844235883,534 168
2022_06_16,168,533,0.07884527300006101,0.1204458729228968,-0.05096797170303247,-0.02874223024937312,0.017196494185471,0.00500085200138908,-0.03404706961961235,0.02468782185494233,0.02000808182138125,0.0116268767678948,533 168
2022_06_16,168,532,0.06419342505306547,0.10650332098731648,-0.04275734419485497,-0.02382158786863237,0.01648767490847217,-4.490995440123743e-4,-0.03638569932722937,0.02254957065924871,0.01212787339612956,0.00408782561686422,532 168
2022_06_16,167,534,0.07816122605135623,0.11951320982572126,-0.0503230453534084,-0.02735139387502402,0.01453144269566135,1.2981497114067497e-4,-0.03630799789006007,0.02918307187819561,0.01456999565352651,0.00231562721716514,534 167
2022_06_16,167,533,0.07766607389208476,0.1167670138430888,-0.04834556020950906,-0.03358948905301275,0.01446997410460148,-3.948145281553724e-4,-0.03336752570458963,0.02835859923128922,0.01809464680486772,-0.00275581638955206,533 167
2022_06_16,167,532,0.08298152405643766,0.12431651139051655,-0.0497361885717078,-0.0297570378819433,0.01529299469093259,-0.00236774271291658,-0.03297527963984775,0.02810071530042736,0.01809828657399718,-3.823549831944863e-4,532 167
2022_06_16,166,534,0.07277510530792018,0.116989938091898,-0.0478677318089022,-0.02190301644764803,0.01001399073518603,-0.00365931692149798,-0.03572543482331042,0.02749034808605693,0.01567270483064099,0.00131365331853467,534 166
2022_06_16,166,533,0.06678708929389968,0.10882116413113932,-0.04249358873483157,-0.02751205183823093,0.01463793491448497,-0.0028340408074561,-0.03318847815477208,0.02422674575945559,0.01759529339761433,0.00503025153035373,533 166
2022_06_16,168,536,0.07386221825834151,0.1120808016885983,-0.04793793769865305,-0.02653224833234559,0.0126732532490567,-5.737361071196436e-4,-0.03143571087703761,0.02054235083597083,0.01255081815071109,4.212468643920833e-4,536 168
2022_06_16,168,535,0.07709138652794234,0.11551919318820704,-0.04827953070117875,-0.03051121040120001,0.01510149810793566,-0.00197507119544849,-0.0338552949509104,0.02140478608519576,0.01897112834966812,0.00502766775090867,535 168
2022_06_16,167,536,0.06747091489139607,0.10981304477963152,-0.04571675426547451,-0.02233736371940167,0.01319400495305697,-0.0021662349647709,-0.02603331767633388,0.02677931606486731,0.01153514177729827,0.00320160506989165,536 167
2022_06_16,167,535,0.07550841729180298,0.1112794808792336,-0.04203408469198565,-0.02868992098890868,0.01153302736372075,0.00250041144283734,-0.03627942511176666,0.02757399775131103,0.01339895456609284,0.00149182626358536,535 167
2022_06_16,166,535,0.0658757036122037,0.105386428913578,-0.041845811248271,-0.02523221555688172,0.01564887780973689,-0.00706724578390068,-0.0332918771368632,0.02424910531535823,0.01270421568436258,0.00203402482640583,535 166
2022_06_16,170,531,0.0792307043466538,0.12173374389995154,-0.0522204318080919,-0.03113403760559661,0.01380887540942445,-0.00327772196669211,-0.03027804046205764,0.02640795488052824,0.01716232327447226,0.0011363900758926,531 170
2022_06_16,169,531,0.07467327918030175,0.1171190407703179,-0.04971647693485935,-0.01682047668170818,0.01483886417261981,-0.00539764456951123,-0.03481427275173368,0.02841418423531889,0.01324162157199063,0.00262753744056117,531 169
2022_06_16,168,531,0.08007098652658269,0.1151979964261677,-0.04766923698946024,-0.02587712775423331,0.01669052741555673,-0.00249492125816056,-0.03620517444172623,0.02541725229840089,0.01322393138032288,0.0051365156549879,531 168
2022_07_27,172,535,NA,NA,NA,NA,NA,NA,NA,NA,NA,NA,535 172
2022_07_27,171,536,0.01057360593387393,0.03685924209272528,-0.01693385068889281,-0.00104357754657349,0.01158175657908298,0.00380153427993472,-0.00410623236278356,0.00545047080506058,0.00351748461184411,0.0045804853808721,536 171
2022_07_27,171,535,0.01008065075756386,0.03745654062854302,-0.01744719213119335,-7.003263102585285e-4,0.01154219660494002,0.0036205819973986,-0.00384004262903583,0.0052340940673577,0.00310354243068724,0.00473922043610759,535 171
2022_07_27,170,537,0.09194647487744696,0.11547456731478084,-0.05322879307524538,-0.02734161143599183,0.02284203044516569,0.00220448613962966,-0.02254436447297529,0.02534983487079477,0.02481080741143643,-7.330738814838774e-4,537 170
2022_07_27,170,536,0.08040622151773935,0.1139117875388648,-0.04935454766760216,-0.02780130450056172,0.01727689564647758,-0.00342042858796239,-0.02891652865509935,0.02597032120325011,0.01908447969181458,-0.00463344606306188,536 170
2022_07_27,170,535,0.08921517809464014,0.12073860676673344,-0.05430343709869961,-0.02711109887860378,0.01844083219554759,-0.00504636985847279,-0.02879732027186142,0.03051957288723886,0.01895805144478522,-0.00793448786932927,535 170
2022_07_27,170,534,0.0732260097415296,0.10770181642082956,-0.04676853928877238,-0.02448105804450944,0.01667067900822727,-0.00203828643160726,-0.02982608327720426,0.02475522974512679,0.01394018362393472,-0.00130280833565105,534 170
2022_07_27,172,534,NA,NA,NA,NA,NA,NA,NA,NA,NA,NA,534 172
2022_07_27,172,533,NA,NA,NA,NA,NA,NA,NA,NA,NA,NA,533 172
2022_07_27,171,534,0.01067651995917492,0.03879277859950694,-0.01806914881004132,-7.992854650560076e-4,0.01205163503809379,0.00421704022154157,-0.00428250559376474,0.00553957011395963,0.00417284382270124,0.0049938959126098,534 171
2022_07_27,171,533,0.07358207868269756,0.10795090260624612,-0.04874329835723694,-0.02362045834210271,0.02347703365186241,-0.00349000404067849,-0.02660547128711794,0.02363159398273338,0.01594011110824646,-7.988012326383279e-4,533 171
2022_07_27,171,532,0.09453069991663524,0.11778637940973188,-0.04996955478836272,-0.02746548211564429,0.02662924130951285,-9.42863958841038e-4,-0.03309357401740879,0.02582928009736931,0.02521405432096675,9.720093928774469e-4,532 171
2022_07_27,170,533,0.0965111264560694,0.13076416759951962,-0.05875084193921984,-0.02792434361664129,0.02644499182352768,-0.00193004532938694,-0.031738117444402,0.0320134009121312,0.01462212669973405,-0.0040448129314508,533 170
2022_07_27,170,532,0.0956918482340844,0.12483196017119044,-0.05183249302753572,-0.03410367347179693,0.02321876871881513,-0.00442950995952001,-0.03408105834498658,0.03154652625466198,0.02347089549226958,-0.00525848743444906,532 170
2022_07_27,170,531,0.08874573729603173,0.114468446641643,-0.04924577319081433,-0.02637138982615576,0.02115906523458261,-8.456352438651106e-4,-0.02748325476009579,0.02437297947218232,0.01574816874693595,-0.00575083002954989,531 170
2022_07_27,169,533,0.10301563401687427,0.13060326965412994,-0.05574782495595413,-0.030577170639079,0.02258588009279526,-0.00889383807391653,-0.03585318216610371,0.03251174549958095,0.02034341992249608,-0.00838149033475819,533 169
2022_07_27,169,532,0.10146795743129912,0.13108868620426187,-0.05513919470153541,-0.0359071994185979,0.01900199603278734,-0.00806789766220663,-0.0422986980255706,0.03612709114424088,0.02621399115473739,-0.00898118326491207,532 169
2022_07_27,169,531,0.11751608023955816,0.13985278502615073,-0.06240473465630882,-0.03721779371097344,0.02507918321347485,-0.01763855654881153,-0.03989370448478441,0.03621695979563871,0.02023715396740227,-0.0143173468250552,531 169
2022_07_27,168,533,0.09216931778448602,0.1270153940937333,-0.0571246282056458,-0.0370688047380146,0.02228823148013903,-0.00850927636000627,-0.0422079084610243,0.03228863721949807,0.02078936987609126,-0.00855544147688928,533 168
2022_07_27,168,532,0.12095645668268182,0.14158541071398137,-0.06194832822386009,-0.0386212477792191,0.02645848523122838,-0.01175351762373289,-0.05271998721641519,0.03359219602915394,0.01559807192622375,-0.00977583349511327,532 168
2022_07_27,168,531,0.12010273238288376,0.1398019319609165,-0.06298848345336236,-0.04197939588235869,0.0253892668541267,-0.00623726677816123,-0.05104806171821277,0.03502437511180518,0.01574286909906714,-0.01355846719837872,531 168
2022_07_27,167,533,0.09808356171946334,0.12538523990651967,-0.05273354916615484,-0.0368374808411223,0.02260746143111652,-0.00601496697469417,-0.03380145686473129,0.03135736186353437,0.02321286303237391,-0.00343798892276645,533 167
2022_07_27,167,532,0.1145069497214194,0.14134160437457116,-0.06461698568266246,-0.03954841703471949,0.02176532944004142,-0.00963570259544733,-0.0446355209562814,0.03213735754688554,0.01783741478566369,-0.0159079331444819,532 167
2022_07_27,169,537,0.10259105615075946,0.12823548738525392,-0.05745157942819019,-0.03481197349861252,0.02600762450304633,-0.00893736007065149,-0.04214478290564743,0.03637040886285236,0.02506555750271266,-0.00445742938410069,537 169
2022_07_27,169,536,0.09102849207827382,0.12850174548873405,-0.0539868856817083,-0.03389922405170147,0.01906139275509381,-0.00334628247141031,-0.03673536755898093,0.03388824942445147,0.01390012513156905,-0.00768502537673072,536 169
2022_07_27,169,535,0.1004313303802218,0.1302069237628057,-0.05803357767924722,-0.0348133288692197,0.02492517913351331,-0.00639867403417234,-0.03529936755425712,0.0327535647018522,0.02483193380331462,-0.0030597177167962,535 169
2022_07_27,169,534,0.08300886175373712,0.11789671295250365,-0.05024508653062618,-0.02791648959953702,0.01534118784676478,-0.00754168493518583,-0.03817709369418325,0.03089991914883402,0.01567300903645445,-0.00735158286463798,534 169
2022_07_27,168,536,0.09202489273419932,0.11925375155003531,-0.05657548610843156,-0.0326685208086333,0.02333037624504564,-0.00670920446070861,-0.03255713935096008,0.02447028417454525,0.01423103846890433,-0.00622600163891556,536 168
2022_07_27,168,535,0.09815322832194752,0.12155350026689252,-0.05370039040927541,-0.0354433486725631,0.02067310134169213,-0.00208897173667207,-0.03243270126411998,0.02465622624011115,0.02401762717968695,-0.00355258258559179,535 168
2022_07_27,168,534,0.09737827206780912,0.12898178864036153,-0.06102512966362918,-0.03243294900278081,0.02121446588333193,-0.00792112537375959,-0.03152297023248051,0.02772596064691788,0.02008043734025399,-4.7604355875807865e-4,534 168
2022_07_27,167,536,0.08954685198510573,0.12102539632654535,-0.05493810279759262,-0.02720926278458675,0.01850564886212058,0.00111707455614124,-0.02950699508035139,0.02898372345111794,0.01818722674214705,-0.0062137290983315,536 167
2022_07_27,167,535,0.08491316190384772,0.11573108688533595,-0.05107609864094811,-0.03120267400708812,0.01958567568547463,6.192092395584661e-4,-0.03152661567372917,0.02886697695240608,0.01836881469167327,-0.00369287009974573,535 167
2022_07_27,167,534,0.0941735783892022,0.12593962468976447,-0.05791987996684713,-0.0309936836782857,0.01701168510614128,-0.00337936755691197,-0.03202447768447887,0.03223200647338661,0.01405885965351816,-0.00697422822437673,534 167
2022_07_27,166,535,0.08611660188368946,0.11741928670059658,-0.04977173373050889,-0.02629833665107585,0.02604416025051264,-0.00603846990295367,-0.02671040759530899,0.02651653563219555,0.01933497473867331,-9.047688431295038e-4,535 166
2022_07_27,166,534,0.08800536860416355,0.11788012281828232,-0.05181163094825078,-0.02913588265869555,0.01457765752220047,-0.00656339758045609,-0.03902400225711538,0.03123471296331091,0.01746355273304765,-0.00420944681362103,534 166
2022_07_27,166,533,0.08717767438675202,0.12100282844492972,-0.05559524221070881,-0.0210402261077292,0.02055030014249605,-0.00537510508022814,-0.02807161695921781,0.02853690075277563,0.01649677910136582,-0.00114249228344416,533 166
