band,name,value,img_date
453,comp_1,0.16316896359330124,2021_06_05
453,comp_2,0.08504598244008468,2021_06_05
453,comp_3,0.18485074931160014,2021_06_05
461,comp_1,0.16427211644459772,2021_06_05
461,comp_2,0.08443449861513047,2021_06_05
461,comp_3,0.17302314473623914,2021_06_05
468,comp_1,0.16458467248733144,2021_06_05
468,comp_2,0.083289595801328,2021_06_05
468,comp_3,0.1719463494591098,2021_06_05
475,comp_1,0.16526337697608068,2021_06_05
475,comp_2,0.08445385493238217,2021_06_05
475,comp_3,0.16875426221557327,2021_06_05
483,comp_1,0.1654908887663994,2021_06_05
483,comp_2,0.08438739107806345,2021_06_05
483,comp_3,0.1609498729524847,2021_06_05
490,comp_1,0.16568008622261002,2021_06_05
490,comp_2,0.08318920606609875,2021_06_05
490,comp_3,0.17311828649013047,2021_06_05
497,comp_1,0.1663377639189459,2021_06_05
497,comp_2,0.08347945828660205,2021_06_05
497,comp_3,0.13370650171756995,2021_06_05
505,comp_1,0.16727445244011283,2021_06_05
505,comp_2,0.08196791345339746,2021_06_05
505,comp_3,0.1005529536791095,2021_06_05
512,comp_1,0.1683083393379612,2021_06_05
512,comp_2,0.07793086042869804,2021_06_05
512,comp_3,0.06382377478452364,2021_06_05
520,comp_1,0.17033756975690706,2021_06_05
520,comp_2,0.06799137044789846,2021_06_05
520,comp_3,0.039175963968522055,2021_06_05
527,comp_1,0.17196957689049194,2021_06_05
527,comp_2,0.058046665399628085,2021_06_05
527,comp_3,-0.03491281251168349,2021_06_05
535,comp_1,0.17238616087267977,2021_06_05
535,comp_2,0.0486290023286431,2021_06_05
535,comp_3,-0.14369172613077705,2021_06_05
543,comp_1,0.17107600010571242,2021_06_05
543,comp_2,0.042544431434556676,2021_06_05
543,comp_3,-0.2507785084398008,2021_06_05
551,comp_1,0.16908653509546165,2021_06_05
551,comp_2,0.038483306078071315,2021_06_05
551,comp_3,-0.33758860335089097,2021_06_05
559,comp_1,0.16760508116399603,2021_06_05
559,comp_2,0.036765724837935665,2021_06_05
559,comp_3,-0.3859743840364431,2021_06_05
567,comp_1,0.16773335498869638,2021_06_05
567,comp_2,0.03794472892891176,2021_06_05
567,comp_3,-0.38168818182716874,2021_06_05
575,comp_1,0.16923591935941312,2021_06_05
575,comp_2,0.041538593966436034,2021_06_05
575,comp_3,-0.3334016429973347,2021_06_05
584,comp_1,0.17158099184132616,2021_06_05
584,comp_2,0.041737335198468985,2021_06_05
584,comp_3,-0.2516284553270069,2021_06_05
592,comp_1,0.17352260797427888,2021_06_05
592,comp_2,0.038658346426399,2021_06_05
592,comp_3,-0.1506322739741882,2021_06_05
601,comp_1,0.17470767924722383,2021_06_05
601,comp_2,0.03406591339710663,2021_06_05
601,comp_3,-0.054487629699814605,2021_06_05
610,comp_1,0.17488445662517393,2021_06_05
610,comp_2,0.031931120791149674,2021_06_05
610,comp_3,0.013661929023474365,2021_06_05
619,comp_1,0.1745993448882937,2021_06_05
619,comp_2,0.03281255666505052,2021_06_05
619,comp_3,0.052565738822914446,2021_06_05
628,comp_1,0.1744693818844689,2021_06_05
628,comp_2,0.03333230216635848,2021_06_05
628,comp_3,0.06966180196405233,2021_06_05
637,comp_1,0.1744761602160749,2021_06_05
637,comp_2,0.03259162032510823,2021_06_05
637,comp_3,0.07727322975874507,2021_06_05
646,comp_1,0.17434151531053,2021_06_05
646,comp_2,0.03426172374657046,2021_06_05
646,comp_3,0.06998374834317811,2021_06_05
655,comp_1,0.17400037979979602,2021_06_05
655,comp_2,0.036280902056279866,2021_06_05
655,comp_3,0.0774147131089479,2021_06_05
665,comp_1,0.17367707026465617,2021_06_05
665,comp_2,0.03901105583010596,2021_06_05
665,comp_3,0.11378915616437116,2021_06_05
674,comp_1,0.17321404648578093,2021_06_05
674,comp_2,0.03953399930913431,2021_06_05
674,comp_3,0.14596026931216738,2021_06_05
684,comp_1,0.17318886799095295,2021_06_05
684,comp_2,0.03485615846735008,2021_06_05
684,comp_3,0.14978241158249314,2021_06_05
694,comp_1,0.17418705896884004,2021_06_05
694,comp_2,0.010868248781657854,2021_06_05
694,comp_3,0.07603616268828584,2021_06_05
704,comp_1,0.17200132862854617,2021_06_05
704,comp_2,-0.04160132491256016,2021_06_05
704,comp_3,-0.0028202543735290596,2021_06_05
714,comp_1,0.15967797185544402,2021_06_05
714,comp_2,-0.11318071595353986,2021_06_05
714,comp_3,0.013561584262567681,2021_06_05
724,comp_1,0.13277324462291215,2021_06_05
724,comp_2,-0.18728706666801567,2021_06_05
724,comp_3,0.0617758137914943,2021_06_05
734,comp_1,0.10387207874446755,2021_06_05
734,comp_2,-0.2337388724974401,2021_06_05
734,comp_3,0.0423341638811287,2021_06_05
744,comp_1,0.081201621170018,2021_06_05
744,comp_2,-0.2569815082794897,2021_06_05
744,comp_3,0.026913541858506782,2021_06_05
754,comp_1,0.07124017242140535,2021_06_05
754,comp_2,-0.2648759179230358,2021_06_05
754,comp_3,0.014622386867071964,2021_06_05
765,comp_1,0.0662254505499233,2021_06_05
765,comp_2,-0.26812947440863627,2021_06_05
765,comp_3,0.028073750488765144,2021_06_05
775,comp_1,0.06458955353610182,2021_06_05
775,comp_2,-0.2693274699697392,2021_06_05
775,comp_3,0.0014314323061999275,2021_06_05
786,comp_1,0.062375742821135186,2021_06_05
786,comp_2,-0.2708802284312856,2021_06_05
786,comp_3,0.0019335775312895652,2021_06_05
796,comp_1,0.06144504940155604,2021_06_05
796,comp_2,-0.2715354780938324,2021_06_05
796,comp_3,-5.196265990268509e-4,2021_06_05
807,comp_1,0.06047622478827373,2021_06_05
807,comp_2,-0.27219461587263477,2021_06_05
807,comp_3,-9.688564126142487e-4,2021_06_05
817,comp_1,0.059860707383177336,2021_06_05
817,comp_2,-0.2724485002487069,2021_06_05
817,comp_3,0.004517797428432125,2021_06_05
828,comp_1,0.06034404577776311,2021_06_05
828,comp_2,-0.27216339562736735,2021_06_05
828,comp_3,0.005406438546625614,2021_06_05
839,comp_1,0.05881131238410384,2021_06_05
839,comp_2,-0.27291921896459453,2021_06_05
839,comp_3,0.007111842222405986,2021_06_05
849,comp_1,0.05671572990780478,2021_06_05
849,comp_2,-0.27415799180522205,2021_06_05
849,comp_3,0.009726116729416593,2021_06_05
453,comp_1,0.15224942601298744,2021_06_11
453,comp_2,0.1069409784800732,2021_06_11
461,comp_1,0.15278302070191008,2021_06_11
461,comp_2,0.10906402624981688,2021_06_11
468,comp_1,0.15310807674775562,2021_06_11
468,comp_2,0.11018106034634713,2021_06_11
475,comp_1,0.15378361487578096,2021_06_11
475,comp_2,0.11133779003830219,2021_06_11
483,comp_1,0.15374021457411216,2021_06_11
483,comp_2,0.11220201771197459,2021_06_11
490,comp_1,0.1539628541537486,2021_06_11
490,comp_2,0.11277081947147871,2021_06_11
497,comp_1,0.1539690075257902,2021_06_11
497,comp_2,0.11362910498829087,2021_06_11
505,comp_1,0.15434510667913884,2021_06_11
505,comp_2,0.11326792900833924,2021_06_11
512,comp_1,0.15495578397566076,2021_06_11
512,comp_2,0.10975012191469266,2021_06_11
520,comp_1,0.15627539007923683,2021_06_11
520,comp_2,0.10099693203993032,2021_06_11
527,comp_1,0.15743809372522613,2021_06_11
527,comp_2,0.09148238845579548,2021_06_11
535,comp_1,0.15783951433329316,2021_06_11
535,comp_2,0.08549200473152727,2021_06_11
543,comp_1,0.15739470729062757,2021_06_11
543,comp_2,0.08364332679896935,2021_06_11
551,comp_1,0.15695000960964653,2021_06_11
551,comp_2,0.08266475627736557,2021_06_11
559,comp_1,0.15658093235328904,2021_06_11
559,comp_2,0.08286376773232265,2021_06_11
567,comp_1,0.15632375511716293,2021_06_11
567,comp_2,0.08581483684992923,2021_06_11
575,comp_1,0.15663991287689713,2021_06_11
575,comp_2,0.0888866125915831,2021_06_11
584,comp_1,0.15744624229355197,2021_06_11
584,comp_2,0.08696746689773409,2021_06_11
592,comp_1,0.1584770660437878,2021_06_11
592,comp_2,0.08019432226031814,2021_06_11
601,comp_1,0.1596951779328305,2021_06_11
601,comp_2,0.07005064448941216,2021_06_11
610,comp_1,0.1600486314857633,2021_06_11
610,comp_2,0.06509085406344094,2021_06_11
619,comp_1,0.1599847845793298,2021_06_11
619,comp_2,0.06527946108884991,2021_06_11
628,comp_1,0.15996701133310304,2021_06_11
628,comp_2,0.06509550316027551,2021_06_11
637,comp_1,0.1600037360743032,2021_06_11
637,comp_2,0.06468339167772756,2021_06_11
646,comp_1,0.1598551836864988,2021_06_11
646,comp_2,0.06663678613348946,2021_06_11
655,comp_1,0.1596136019648121,2021_06_11
655,comp_2,0.06826050676933834,2021_06_11
665,comp_1,0.15954238774185137,2021_06_11
665,comp_2,0.06772730298451385,2021_06_11
674,comp_1,0.15932522786396858,2021_06_11
674,comp_2,0.06645324678394679,2021_06_11
684,comp_1,0.15947595515818905,2021_06_11
684,comp_2,0.06215535762360785,2021_06_11
694,comp_1,0.16061278736221116,2021_06_11
694,comp_2,0.0418548667949991,2021_06_11
704,comp_1,0.16127926817781854,2021_06_11
704,comp_2,-0.008342351952513507,2021_06_11
714,comp_1,0.15872931101831256,2021_06_11
714,comp_2,-0.07055037203698918,2021_06_11
724,comp_1,0.15106013087429024,2021_06_11
724,comp_2,-0.13919808521187346,2021_06_11
734,comp_1,0.13991427407076001,2021_06_11
734,comp_2,-0.19632187158443135,2021_06_11
744,comp_1,0.13058567888660053,2021_06_11
744,comp_2,-0.23042727412500383,2021_06_11
754,comp_1,0.12641466513406185,2021_06_11
754,comp_2,-0.2431833027474585,2021_06_11
765,comp_1,0.12362718486915435,2021_06_11
765,comp_2,-0.25071080552691755,2021_06_11
775,comp_1,0.1224045697657839,2021_06_11
775,comp_2,-0.2543756740952098,2021_06_11
786,comp_1,0.1219822798131096,2021_06_11
786,comp_2,-0.2555368111289217,2021_06_11
796,comp_1,0.12176309143341874,2021_06_11
796,comp_2,-0.2561281753275798,2021_06_11
807,comp_1,0.12161286670372734,2021_06_11
807,comp_2,-0.25651506226261966,2021_06_11
817,comp_1,0.12186391918106323,2021_06_11
817,comp_2,-0.2556240819723126,2021_06_11
828,comp_1,0.1212568630424057,2021_06_11
828,comp_2,-0.2573002280045835,2021_06_11
839,comp_1,0.12010197725233325,2021_06_11
839,comp_2,-0.26021793217756023,2021_06_11
849,comp_1,0.11918515658706459,2021_06_11
849,comp_2,-0.2625586059615523,2021_06_11
453,comp_1,0.11655260141559988,2021_09_05
453,comp_2,0.10621811090836616,2021_09_05
453,comp_3,0.32034707472355195,2021_09_05
453,comp_4,0.5291243592403301,2021_09_05
453,comp_5,0.008774176306806625,2021_09_05
453,comp_6,0.09524891947822442,2021_09_05
453,comp_7,0.3134317733129813,2021_09_05
461,comp_1,0.12075268350229373,2021_09_05
461,comp_2,0.11343923763131275,2021_09_05
461,comp_3,0.35117308225504534,2021_09_05
461,comp_4,-0.022398695288832097,2021_09_05
461,comp_5,0.5126292712833829,2021_09_05
461,comp_6,0.06881435645826617,2021_09_05
461,comp_7,0.2463435311182313,2021_09_05
468,comp_1,0.12079029705750463,2021_09_05
468,comp_2,0.11433929589618672,2021_09_05
468,comp_3,0.2519308884476784,2021_09_05
468,comp_4,-0.4491215992988298,2021_09_05
468,comp_5,-0.11046365683635982,2021_09_05
468,comp_6,0.22326365536814638,2021_09_05
468,comp_7,0.43854238326793105,2021_09_05
475,comp_1,0.12912755496126707,2021_09_05
475,comp_2,0.12300291284000145,2021_09_05
475,comp_3,0.28407346082632423,2021_09_05
475,comp_4,0.06020185040455465,2021_09_05
475,comp_5,-0.44475923326495986,2021_09_05
475,comp_6,0.04714038926887075,2021_09_05
475,comp_7,0.19967008335434294,2021_09_05
483,comp_1,0.13142731083005565,2021_09_05
483,comp_2,0.13068780966314567,2021_09_05
483,comp_3,0.3220163421590375,2021_09_05
483,comp_4,0.24153235779880355,2021_09_05
483,comp_5,-0.0036998749466617548,2021_09_05
483,comp_6,-0.15923322442051624,2021_09_05
483,comp_7,-0.11756217029129566,2021_09_05
490,comp_1,0.13075035732270648,2021_09_05
490,comp_2,0.1288480173002958,2021_09_05
490,comp_3,0.28451160725535163,2021_09_05
490,comp_4,-0.2481591040830477,2021_09_05
490,comp_5,0.2680401742860946,2021_09_05
490,comp_6,-0.1407180634343927,2021_09_05
490,comp_7,-0.17567361743635193,2021_09_05
497,comp_1,0.13529505257050115,2021_09_05
497,comp_2,0.1351227651288405,2021_09_05
497,comp_3,0.1738468097810062,2021_09_05
497,comp_4,-0.3504639118354972,2021_09_05
497,comp_5,-0.24853752748088054,2021_09_05
497,comp_6,-0.05674596994129947,2021_09_05
497,comp_7,-0.14205304664545537,2021_09_05
505,comp_1,0.13958798396937022,2021_09_05
505,comp_2,0.13785785750143859,2021_09_05
505,comp_3,0.13918143549413234,2021_09_05
505,comp_4,0.06067626622140635,2021_09_05
505,comp_5,-0.3497873761241328,2021_09_05
505,comp_6,-0.10754212762878411,2021_09_05
505,comp_7,-0.2695876222977888,2021_09_05
512,comp_1,0.14265998897952892,2021_09_05
512,comp_2,0.1367089206652788,2021_09_05
512,comp_3,0.1551492621483649,2021_09_05
512,comp_4,0.16797858053446618,2021_09_05
512,comp_5,0.08025731068680492,2021_09_05
512,comp_6,-0.12979609864067024,2021_09_05
512,comp_7,-0.3531270057668797,2021_09_05
520,comp_1,0.14830956351589145,2021_09_05
520,comp_2,0.12109470000247399,2021_09_05
520,comp_3,0.04261521151328663,2021_09_05
520,comp_4,-0.21283649118723133,2021_09_05
520,comp_5,0.1806774558968508,2021_09_05
520,comp_6,0.032313388102630645,2021_09_05
520,comp_7,-0.28298765436439705,2021_09_05
527,comp_1,0.15598687451547286,2021_09_05
527,comp_2,0.1113672517995424,2021_09_05
527,comp_3,-0.020106315186656405,2021_09_05
527,comp_4,-0.09821426685884892,2021_09_05
527,comp_5,-0.18171145128804372,2021_09_05
527,comp_6,0.1828556718283083,2021_09_05
527,comp_7,-0.11860738488707226,2021_09_05
535,comp_1,0.1604868189274385,2021_09_05
535,comp_2,0.09934282521221516,2021_09_05
535,comp_3,-0.03256332154598068,2021_09_05
535,comp_4,0.15500290317184123,2021_09_05
535,comp_5,-0.07886752985392607,2021_09_05
535,comp_6,0.1896721410955186,2021_09_05
535,comp_7,-0.16850051530321639,2021_09_05
543,comp_1,0.16171208741950283,2021_09_05
543,comp_2,0.09317634861722379,2021_09_05
543,comp_3,-0.06284327934034575,2021_09_05
543,comp_4,0.05406893113588944,2021_09_05
543,comp_5,0.14886926600968636,2021_09_05
543,comp_6,0.24122881635136356,2021_09_05
543,comp_7,-0.19074402662435905,2021_09_05
551,comp_1,0.1638897591290296,2021_09_05
551,comp_2,0.08719986359260495,2021_09_05
551,comp_3,-0.11846540382521045,2021_09_05
551,comp_4,-0.06841374277699218,2021_09_05
551,comp_5,0.06543298001522563,2021_09_05
551,comp_6,0.2987154447521112,2021_09_05
551,comp_7,-0.1046099296807744,2021_09_05
559,comp_1,0.16466180360518895,2021_09_05
559,comp_2,0.08198184523770463,2021_09_05
559,comp_3,-0.15137651946580158,2021_09_05
559,comp_4,0.03855398497594134,2021_09_05
559,comp_5,-0.07468038528806364,2021_09_05
559,comp_6,0.27952929257320946,2021_09_05
559,comp_7,-0.05007915569700593,2021_09_05
567,comp_1,0.16498763124583118,2021_09_05
567,comp_2,0.0828180704401692,2021_09_05
567,comp_3,-0.13966941579759612,2021_09_05
567,comp_4,0.1435013304015635,2021_09_05
567,comp_5,0.04529361608646258,2021_09_05
567,comp_6,0.2116474971842341,2021_09_05
567,comp_7,-0.0570853386087624,2021_09_05
575,comp_1,0.16413875016566293,2021_09_05
575,comp_2,0.09917494182095926,2021_09_05
575,comp_3,-0.11884985532143036,2021_09_05
575,comp_4,0.026655320505516673,2021_09_05
575,comp_5,0.14449312998773045,2021_09_05
575,comp_6,0.19871124319643133,2021_09_05
575,comp_7,-0.0356816339556536,2021_09_05
584,comp_1,0.16279573961055457,2021_09_05
584,comp_2,0.110834676060708,2021_09_05
584,comp_3,-0.13744855876411877,2021_09_05
584,comp_4,-0.06588022102983951,2021_09_05
584,comp_5,0.015426494929575568,2021_09_05
584,comp_6,0.20647673952994636,2021_09_05
584,comp_7,-0.0010875328792094088,2021_09_05
592,comp_1,0.16368987121121642,2021_09_05
592,comp_2,0.1039596200290207,2021_09_05
592,comp_3,-0.1222318850058253,2021_09_05
592,comp_4,0.10905385976196538,2021_09_05
592,comp_5,-0.0965483817877352,2021_09_05
592,comp_6,0.14110164225603558,2021_09_05
592,comp_7,0.079499236010327,2021_09_05
601,comp_1,0.1692301215673205,2021_09_05
601,comp_2,0.07842153786346323,2021_09_05
601,comp_3,-0.08984659705616405,2021_09_05
601,comp_4,0.13787790609932393,2021_09_05
601,comp_5,0.11262819863515226,2021_09_05
601,comp_6,-0.001990455686054408,2021_09_05
601,comp_7,0.09322578165327872,2021_09_05
610,comp_1,0.171191242840089,2021_09_05
610,comp_2,0.06223533715097751,2021_09_05
610,comp_3,-0.09357233176492462,2021_09_05
610,comp_4,-0.07116256689709588,2021_09_05
610,comp_5,0.13736772742491613,2021_09_05
610,comp_6,-0.04210548450947128,2021_09_05
610,comp_7,0.1517360165975082,2021_09_05
619,comp_1,0.17123559701566368,2021_09_05
619,comp_2,0.05770036214133838,2021_09_05
619,comp_3,-0.1048692141046266,2021_09_05
619,comp_4,-0.08316640231424086,2021_09_05
619,comp_5,-0.07658958932248788,2021_09_05
619,comp_6,-0.06338081505238226,2021_09_05
619,comp_7,0.1797564719976587,2021_09_05
628,comp_1,0.1715293377631078,2021_09_05
628,comp_2,0.05743920191864947,2021_09_05
628,comp_3,-0.07349325184594346,2021_09_05
628,comp_4,0.09005055839472771,2021_09_05
628,comp_5,-0.09044771597910962,2021_09_05
628,comp_6,-0.14780319556582502,2021_09_05
628,comp_7,0.11143343231471409,2021_09_05
637,comp_1,0.17195265673661025,2021_09_05
637,comp_2,0.0595156308426009,2021_09_05
637,comp_3,-0.06192706420369531,2021_09_05
637,comp_4,0.04907096603966657,2021_09_05
637,comp_5,0.0971415460058721,2021_09_05
637,comp_6,-0.19263053453194717,2021_09_05
637,comp_7,0.04595813289924116,2021_09_05
646,comp_1,0.17073494382615045,2021_09_05
646,comp_2,0.07105688135874194,2021_09_05
646,comp_3,-0.09221033312378668,2021_09_05
646,comp_4,-0.11490886194450267,2021_09_05
646,comp_5,0.06317294679933448,2021_09_05
646,comp_6,-0.16510048861661908,2021_09_05
646,comp_7,0.054573309992173885,2021_09_05
655,comp_1,0.1681340495387676,2021_09_05
655,comp_2,0.07727576553468281,2021_09_05
655,comp_3,-0.13576342709927147,2021_09_05
655,comp_4,-0.09559029248358492,2021_09_05
655,comp_5,-0.12910110809957964,2021_09_05
655,comp_6,-0.1737054726740853,2021_09_05
655,comp_7,0.040133221923184734,2021_09_05
665,comp_1,0.16876140720768526,2021_09_05
665,comp_2,0.06963491400111177,2021_09_05
665,comp_3,-0.06930333798037219,2021_09_05
665,comp_4,0.09433775799297701,2021_09_05
665,comp_5,-0.09816333273362572,2021_09_05
665,comp_6,-0.2613754053764711,2021_09_05
665,comp_7,-0.008357907008623516,2021_09_05
674,comp_1,0.16768458013361007,2021_09_05
674,comp_2,0.05965779328957503,2021_09_05
674,comp_3,-0.020858162501781546,2021_09_05
674,comp_4,0.011521385294008559,2021_09_05
674,comp_5,0.11491911184797879,2021_09_05
674,comp_6,-0.32014765894474184,2021_09_05
674,comp_7,-0.04281126065132633,2021_09_05
684,comp_1,0.1672875131664818,2021_09_05
684,comp_2,0.04774453799843018,2021_09_05
684,comp_3,-0.09096231975453535,2021_09_05
684,comp_4,-0.15438929238960844,2021_09_05
684,comp_5,0.029809961567833436,2021_09_05
684,comp_6,-0.25529836430265,2021_09_05
684,comp_7,0.07285583873675754,2021_09_05
694,comp_1,0.16910563679369695,2021_09_05
694,comp_2,0.01406402512250704,2021_09_05
694,comp_3,-0.21833588215399735,2021_09_05
694,comp_4,0.016361732297817514,2021_09_05
694,comp_5,-0.0872265272877812,2021_09_05
694,comp_6,-0.16798162533408165,2021_09_05
694,comp_7,0.15807139351471775,2021_09_05
704,comp_1,0.16745898254436964,2021_09_05
704,comp_2,-0.05842793086478696,2021_09_05
704,comp_3,-0.22536953355702405,2021_09_05
704,comp_4,0.09705240670456514,2021_09_05
704,comp_5,0.048570459868673116,2021_09_05
704,comp_6,-0.12427935307742433,2021_09_05
704,comp_7,0.1347082782581306,2021_09_05
714,comp_1,0.16203112742581252,2021_09_05
714,comp_2,-0.1312210965444373,2021_09_05
714,comp_3,-0.15210507047437208,2021_09_05
714,comp_4,0.0077467970989740405,2021_09_05
714,comp_5,0.10325888222671514,2021_09_05
714,comp_6,-0.062165755325760914,2021_09_05
714,comp_7,0.09636478224837766,2021_09_05
724,comp_1,0.1512762731679778,2021_09_05
724,comp_2,-0.19002131648285447,2021_09_05
724,comp_3,-0.06627155452520732,2021_09_05
724,comp_4,-0.03444577895270704,2021_09_05
724,comp_5,0.0028033297382992067,2021_09_05
724,comp_6,0.01516292378372568,2021_09_05
724,comp_7,0.06478686929033203,2021_09_05
734,comp_1,0.14285796158719194,2021_09_05
734,comp_2,-0.22059818612181678,2021_09_05
734,comp_3,0.019432490670580994,2021_09_05
734,comp_4,0.021496865088332477,2021_09_05
734,comp_5,-0.0331949104892866,2021_09_05
734,comp_6,0.03848206484823639,2021_09_05
734,comp_7,-0.0015521591419964571,2021_09_05
744,comp_1,0.13639516879471994,2021_09_05
744,comp_2,-0.23740037474656023,2021_09_05
744,comp_3,0.061084177606401446,2021_09_05
744,comp_4,0.022415193616767838,2021_09_05
744,comp_5,0.005767644261130023,2021_09_05
744,comp_6,0.038472646080974164,2021_09_05
744,comp_7,-0.027148908776868232,2021_09_05
754,comp_1,0.13384541667774036,2021_09_05
754,comp_2,-0.24322204181610793,2021_09_05
754,comp_3,0.06562840664480088,2021_09_05
754,comp_4,-0.021970133044713177,2021_09_05
754,comp_5,0.019471335893374006,2021_09_05
754,comp_6,0.032919232674442175,2021_09_05
754,comp_7,-0.027973635104549657,2021_09_05
775,comp_1,0.13279572445803728,2021_09_05
775,comp_2,-0.24530915957203575,2021_09_05
775,comp_3,0.07676163850897363,2021_09_05
775,comp_4,0.026299396311180376,2021_09_05
775,comp_5,-0.02557269928910061,2021_09_05
775,comp_6,0.03403076144003283,2021_09_05
775,comp_7,-0.019465998107458318,2021_09_05
786,comp_1,0.13183554484582163,2021_09_05
786,comp_2,-0.24759728957375426,2021_09_05
786,comp_3,0.07965869754751834,2021_09_05
786,comp_4,0.0025125953856205818,2021_09_05
786,comp_5,0.014803702681420297,2021_09_05
786,comp_6,0.025443183753000802,2021_09_05
786,comp_7,-0.023494871544123483,2021_09_05
796,comp_1,0.13171974007596282,2021_09_05
796,comp_2,-0.24799628136668206,2021_09_05
796,comp_3,0.0698030441625772,2021_09_05
796,comp_4,-0.03410711488133968,2021_09_05
796,comp_5,-0.004362730460768995,2021_09_05
796,comp_6,0.03046591802941716,2021_09_05
796,comp_7,-0.0156942183231917,2021_09_05
807,comp_1,0.13159990512276182,2021_09_05
807,comp_2,-0.24842647194210582,2021_09_05
807,comp_3,0.06707776536099325,2021_09_05
807,comp_4,-0.012051420703798551,2021_09_05
807,comp_5,-0.041472299831403533,2021_09_05
807,comp_6,0.024445375194555287,2021_09_05
807,comp_7,-0.017042491551993486,2021_09_05
817,comp_1,0.13082792473777544,2021_09_05
817,comp_2,-0.24957357190490972,2021_09_05
817,comp_3,0.07028875827533534,2021_09_05
817,comp_4,0.019000026920847388,2021_09_05
817,comp_5,-0.019862945524467768,2021_09_05
817,comp_6,0.0015892259212244922,2021_09_05
817,comp_7,-0.037126742842353094,2021_09_05
828,comp_1,0.13083082804439403,2021_09_05
828,comp_2,-0.2490982466917358,2021_09_05
828,comp_3,0.08390601151790203,2021_09_05
828,comp_4,-0.01585999253921563,2021_09_05
828,comp_5,0.012952807851714931,2021_09_05
828,comp_6,0.010273906461068554,2021_09_05
828,comp_7,-0.05442350429988126,2021_09_05
839,comp_1,0.1299594602113873,2021_09_05
839,comp_2,-0.25034529459990196,2021_09_05
839,comp_3,0.0839452018226695,2021_09_05
839,comp_4,-0.045945150870844484,2021_09_05
839,comp_5,-0.02370074219455747,2021_09_05
839,comp_6,0.024361976610130377,2021_09_05
839,comp_7,-0.0661829964989756,2021_09_05
849,comp_1,0.12892702977881557,2021_09_05
849,comp_2,-0.25210149500561907,2021_09_05
849,comp_3,0.08593788279549214,2021_09_05
849,comp_4,-0.010982100671319205,2021_09_05
849,comp_5,-0.05467797511096945,2021_09_05
849,comp_6,0.022229667911637847,2021_09_05
849,comp_7,-0.0688312155037412,2021_09_05
453,comp_1,0.13229626204761993,2021_11_02
453,comp_2,0.11704303891702791,2021_11_02
453,comp_3,0.36557134037439476,2021_11_02
453,comp_4,0.2619495951884437,2021_11_02
453,comp_5,0.11579913618702121,2021_11_02
453,comp_6,0.17922139541533458,2021_11_02
461,comp_1,0.1366138620192614,2021_11_02
461,comp_2,0.11622120888644698,2021_11_02
461,comp_3,0.3530349307128923,2021_11_02
461,comp_4,-0.15070464604448486,2021_11_02
461,comp_5,0.19839615936953672,2021_11_02
461,comp_6,0.1255626058732675,2021_11_02
468,comp_1,0.13873022460348944,2021_11_02
468,comp_2,0.11310498665705754,2021_11_02
468,comp_3,0.28448136813120156,2021_11_02
468,comp_4,-0.2036546819015071,2021_11_02
468,comp_5,-0.2469110517624149,2021_11_02
468,comp_6,0.10701803095853911,2021_11_02
475,comp_1,0.14509031694811816,2021_11_02
475,comp_2,0.11511905712313025,2021_11_02
475,comp_3,0.2642482366746178,2021_11_02
475,comp_4,0.1443186104225971,2021_11_02
475,comp_5,-0.24629625359881985,2021_11_02
475,comp_6,0.010537722461769823,2021_11_02
483,comp_1,0.1477206313253437,2021_11_02
483,comp_2,0.10899070460996722,2021_11_02
483,comp_3,0.25804622765320695,2021_11_02
483,comp_4,0.15085396296143402,2021_11_02
483,comp_5,0.08472946361988846,2021_11_02
483,comp_6,-0.2336913697740442,2021_11_02
490,comp_1,0.15043807193148523,2021_11_02
490,comp_2,0.10499236501390083,2021_11_02
490,comp_3,0.20263843219830185,2021_11_02
490,comp_4,-0.21899226754253032,2021_11_02
490,comp_5,0.04853319234955238,2021_11_02
490,comp_6,-0.23807488190322426,2021_11_02
497,comp_1,0.15322403752280758,2021_11_02
497,comp_2,0.10915858461437682,2021_11_02
497,comp_3,0.15656249311152143,2021_11_02
497,comp_4,-0.10371674559251398,2021_11_02
497,comp_5,-0.2866810874668617,2021_11_02
497,comp_6,-0.12291118081779964,2021_11_02
505,comp_1,0.15707367112129444,2021_11_02
505,comp_2,0.10443564967781638,2021_11_02
505,comp_3,0.11985069812715395,2021_11_02
505,comp_4,0.16256134376245132,2021_11_02
505,comp_5,-0.15523829417317675,2021_11_02
505,comp_6,-0.194265299770406,2021_11_02
512,comp_1,0.15851315304124577,2021_11_02
512,comp_2,0.10585629391082463,2021_11_02
512,comp_3,0.11811489189594128,2021_11_02
512,comp_4,0.036822736690487815,2021_11_02
512,comp_5,0.10815787147856877,2021_11_02
512,comp_6,-0.21417693353444792,2021_11_02
520,comp_1,0.15930891282503817,2021_11_02
520,comp_2,0.10588049281385219,2021_11_02
520,comp_3,0.0356333394420528,2021_11_02
520,comp_4,-0.18714352339615514,2021_11_02
520,comp_5,-0.021643433968646326,2021_11_02
520,comp_6,-0.07908433276151561,2021_11_02
527,comp_1,0.1628390562568575,2021_11_02
527,comp_2,0.10203144552830351,2021_11_02
527,comp_3,-0.009883905326054057,2021_11_02
527,comp_4,0.014183976048134608,2021_11_02
527,comp_5,-0.17725132225541043,2021_11_02
527,comp_6,-0.004262288418456307,2021_11_02
535,comp_1,0.16464315627812517,2021_11_02
535,comp_2,0.09669561417800254,2021_11_02
535,comp_3,-0.029353377987956,2021_11_02
535,comp_4,0.1255705576765834,2021_11_02
535,comp_5,2.2319745775818342e-4,2021_11_02
535,comp_6,0.011663219959363154,2021_11_02
543,comp_1,0.1647799394820898,2021_11_02
543,comp_2,0.09357544058863665,2021_11_02
543,comp_3,-0.06619379051548588,2021_11_02
543,comp_4,-0.03102134740479809,2021_11_02
543,comp_5,0.11898791293086258,2021_11_02
543,comp_6,-0.019815703939325982,2021_11_02
551,comp_1,0.16531810594048874,2021_11_02
551,comp_2,0.09007441636078005,2021_11_02
551,comp_3,-0.10818789207723707,2021_11_02
551,comp_4,-0.09514665464452189,2021_11_02
551,comp_5,-0.019312764392043668,2021_11_02
551,comp_6,0.07875281071654891,2021_11_02
559,comp_1,0.1646552145491598,2021_11_02
559,comp_2,0.08868183475254918,2021_11_02
559,comp_3,-0.13104849221578735,2021_11_02
559,comp_4,0.062175039189835364,2021_11_02
559,comp_5,-0.0662573148514953,2021_11_02
559,comp_6,0.10909097725628217,2021_11_02
567,comp_1,0.16456439050640717,2021_11_02
567,comp_2,0.08768002787434914,2021_11_02
567,comp_3,-0.12217878162612837,2021_11_02
567,comp_4,0.09117869057715254,2021_11_02
567,comp_5,0.10241128766560287,2021_11_02
567,comp_6,0.0493897868456827,2021_11_02
575,comp_1,0.16472290723150687,2021_11_02
575,comp_2,0.08728546491500568,2021_11_02
575,comp_3,-0.12422519814276828,2021_11_02
575,comp_4,-0.06881182652493148,2021_11_02
575,comp_5,0.11457970157691351,2021_11_02
575,comp_6,0.0722439943382251,2021_11_02
584,comp_1,0.164328522082493,2021_11_02
584,comp_2,0.08655649431008455,2021_11_02
584,comp_3,-0.14891867439150447,2021_11_02
584,comp_4,-0.06204995317942874,2021_11_02
584,comp_5,-0.03214758896777632,2021_11_02
584,comp_6,0.11786101925281596,2021_11_02
592,comp_1,0.16322789817715097,2021_11_02
592,comp_2,0.07522970697476422,2021_11_02
592,comp_3,-0.16820773475609657,2021_11_02
592,comp_4,0.10908431909419228,2021_11_02
592,comp_5,-0.008319795386913631,2021_11_02
592,comp_6,0.08344311824958643,2021_11_02
601,comp_1,0.16538301109680054,2021_11_02
601,comp_2,0.07266630062706975,2021_11_02
601,comp_3,-0.10102752501643927,2021_11_02
601,comp_4,0.05628216594360247,2021_11_02
601,comp_5,0.1605124340745299,2021_11_02
601,comp_6,0.04681541392693163,2021_11_02
610,comp_1,0.1658487842546356,2021_11_02
610,comp_2,0.06540266976087737,2021_11_02
610,comp_3,-0.08282106454751018,2021_11_02
610,comp_4,-0.12396884788575577,2021_11_02
610,comp_5,0.08435441322082016,2021_11_02
610,comp_6,0.020311141899510374,2021_11_02
619,comp_1,0.165684192188579,2021_11_02
619,comp_2,0.061303691189111414,2021_11_02
619,comp_3,-0.09539420039647625,2021_11_02
619,comp_4,-0.041682446828421565,2021_11_02
619,comp_5,-0.11436767424024416,2021_11_02
619,comp_6,0.049797543423162394,2021_11_02
628,comp_1,0.16584414941591338,2021_11_02
628,comp_2,0.056067740156376444,2021_11_02
628,comp_3,-0.08760585154342271,2021_11_02
628,comp_4,0.13646700536562364,2021_11_02
628,comp_5,-0.009799431876935216,2021_11_02
628,comp_6,-0.05167400498206938,2021_11_02
637,comp_1,0.16652391543560766,2021_11_02
637,comp_2,0.050855493180352464,2021_11_02
637,comp_3,-0.08534634975597713,2021_11_02
637,comp_4,0.002899846396423756,2021_11_02
637,comp_5,0.1473611482745248,2021_11_02
637,comp_6,-0.13459914166245024,2021_11_02
646,comp_1,0.16607745363753484,2021_11_02
646,comp_2,0.04660631538429676,2021_11_02
646,comp_3,-0.11805239640406312,2021_11_02
646,comp_4,-0.1348876336378789,2021_11_02
646,comp_5,0.0024007872916648777,2021_11_02
646,comp_6,-0.07965120647311796,2021_11_02
655,comp_1,0.16441706306115364,2021_11_02
655,comp_2,0.04016918709469942,2021_11_02
655,comp_3,-0.1507449912490365,2021_11_02
655,comp_4,0.016627246523870553,2021_11_02
655,comp_5,-0.14948907731680544,2021_11_02
655,comp_6,-0.06336880989548427,2021_11_02
665,comp_1,0.1659467711957096,2021_11_02
665,comp_2,0.04082976859507815,2021_11_02
665,comp_3,-0.08672121602349664,2021_11_02
665,comp_4,0.14294684753916884,2021_11_02
665,comp_5,0.027887356666052396,2021_11_02
665,comp_6,-0.14459746002290735,2021_11_02
674,comp_1,0.1656400101282346,2021_11_02
674,comp_2,0.035193857344000504,2021_11_02
674,comp_3,-0.06801556914136794,2021_11_02
674,comp_4,-0.05688856293058335,2021_11_02
674,comp_5,0.14632461999716523,2021_11_02
674,comp_6,-0.10503675937794958,2021_11_02
684,comp_1,0.1628856215624837,2021_11_02
684,comp_2,0.024011799740012177,2021_11_02
684,comp_3,-0.10854823273549202,2021_11_02
684,comp_4,-0.14548948236781725,2021_11_02
684,comp_5,-0.07162810581873678,2021_11_02
684,comp_6,-0.010848665628302173,2021_11_02
694,comp_1,0.16116138192406446,2021_11_02
694,comp_2,0.002272194281947571,2021_11_02
694,comp_3,-0.17496827138291396,2021_11_02
694,comp_4,0.10929930357305538,2021_11_02
694,comp_5,-0.11560268764805233,2021_11_02
694,comp_6,0.08216607573421164,2021_11_02
704,comp_1,0.16197935676596908,2021_11_02
704,comp_2,-0.022698987105104405,2021_11_02
704,comp_3,-0.14979695352469308,2021_11_02
704,comp_4,0.12057936442305278,2021_11_02
704,comp_5,0.1395151400617092,2021_11_02
704,comp_6,0.03417488646079187,2021_11_02
714,comp_1,0.1575591304233686,2021_11_02
714,comp_2,-0.06961139860705423,2021_11_02
714,comp_3,-0.11939803042700511,2021_11_02
714,comp_4,-0.14791647340999287,2021_11_02
714,comp_5,0.17931735944096883,2021_11_02
714,comp_6,0.07618252994510398,2021_11_02
724,comp_1,0.1411313230554275,2021_11_02
724,comp_2,-0.15342543356790744,2021_11_02
724,comp_3,-0.14841269036840685,2021_11_02
724,comp_4,-0.11665265624993562,2021_11_02
724,comp_5,-0.1580877950493651,2021_11_02
724,comp_6,0.3315673668794641,2021_11_02
734,comp_1,0.13739167072775563,2021_11_02
734,comp_2,-0.1925865674657181,2021_11_02
734,comp_3,0.004076354207379965,2021_11_02
734,comp_4,0.24554763800950005,2021_11_02
734,comp_5,-0.08271916329815543,2021_11_02
734,comp_6,0.29984216754508286,2021_11_02
744,comp_1,0.13652102622800602,2021_11_02
744,comp_2,-0.20072744218017047,2021_11_02
744,comp_3,0.15198425851401914,2021_11_02
744,comp_4,0.09431432126316666,2021_11_02
744,comp_5,0.22833391186045132,2021_11_02
744,comp_6,0.1866729918719231,2021_11_02
754,comp_1,0.1297045342362974,2021_11_02
754,comp_2,-0.20319903602951697,2021_11_02
754,comp_3,0.1721173410289075,2021_11_02
754,comp_4,-0.28355261949718136,2021_11_02
754,comp_5,0.09963534857912658,2021_11_02
754,comp_6,0.29305579875357785,2021_11_02
775,comp_1,0.1316200210919732,2021_11_02
775,comp_2,-0.21549173062582058,2021_11_02
775,comp_3,0.17804598821587075,2021_11_02
775,comp_4,0.28211095543540565,2021_11_02
775,comp_5,0.03501682036608824,2021_11_02
775,comp_6,0.17384250503977003,2021_11_02
786,comp_1,0.12785330330861736,2021_11_02
786,comp_2,-0.24038312498372003,2021_11_02
786,comp_3,0.1516960744468086,2021_11_02
786,comp_4,-0.03344965930081216,2021_11_02
786,comp_5,0.2804581797907872,2021_11_02
786,comp_6,0.0030540917960160474,2021_11_02
796,comp_1,0.1262670360727557,2021_11_02
796,comp_2,-0.25905454728178273,2021_11_02
796,comp_3,0.08834298115495463,2021_11_02
796,comp_4,-0.25624746756957595,2021_11_02
796,comp_5,-0.0738278969327412,2021_11_02
796,comp_6,0.025412594088146473,2021_11_02
807,comp_1,0.12541221516116072,2021_11_02
807,comp_2,-0.27275466865747733,2021_11_02
807,comp_3,0.032078542376305995,2021_11_02
807,comp_4,0.07308318100274633,2021_11_02
807,comp_5,-0.2613040987989278,2021_11_02
807,comp_6,-0.01197253664589206,2021_11_02
817,comp_1,0.10465058777942174,2021_11_02
817,comp_2,-0.31436261215767247,2021_11_02
817,comp_3,-0.07598684726975401,2021_11_02
817,comp_4,0.24793514571326636,2021_11_02
817,comp_5,0.12147280130955565,2021_11_02
817,comp_6,-0.2766103900597447,2021_11_02
828,comp_1,0.10662711237686669,2021_11_02
828,comp_2,-0.31450915779771627,2021_11_02
828,comp_3,-0.025085574248794033,2021_11_02
828,comp_4,-0.16565498103416362,2021_11_02
828,comp_5,0.2113774265891247,2021_11_02
828,comp_6,-0.32819918238665424,2021_11_02
839,comp_1,0.11249856611008333,2021_11_02
839,comp_2,-0.3077877156905052,2021_11_02
839,comp_3,0.008178170205219867,2021_11_02
839,comp_4,-0.23592818983368277,2021_11_02
839,comp_5,-0.2386398423910587,2021_11_02
839,comp_6,-0.14603076220661723,2021_11_02
849,comp_1,0.10988266601918084,2021_11_02
849,comp_2,-0.3058857337365834,2021_11_02
849,comp_3,0.0191025990605501,2021_11_02
849,comp_4,0.18270325508551094,2021_11_02
849,comp_5,-0.27610784574420255,2021_11_02
849,comp_6,-0.19485308331678747,2021_11_02
453,comp_1,0.1209305654354772,2021_12_13
453,comp_2,0.0925938257383564,2021_12_13
453,comp_3,0.5211105272435522,2021_12_13
453,comp_4,0.326288330754072,2021_12_13
453,comp_5,0.010201869259262314,2021_12_13
453,comp_6,0.3030440895721183,2021_12_13
461,comp_1,0.12632352474504893,2021_12_13
461,comp_2,0.09579732182647409,2021_12_13
461,comp_3,0.43107581880204554,2021_12_13
461,comp_4,-0.31168727285103176,2021_12_13
461,comp_5,0.2635602542299598,2021_12_13
461,comp_6,0.17292807639235944,2021_12_13
468,comp_1,0.12899550251857106,2021_12_13
468,comp_2,0.10034329694383831,2021_12_13
468,comp_3,0.1665560145757737,2021_12_13
468,comp_4,-0.4046352383011028,2021_12_13
468,comp_5,-0.37979971653387157,2021_12_13
468,comp_6,0.2835554838600774,2021_12_13
475,comp_1,0.13696799109935362,2021_12_13
475,comp_2,0.10109645871442278,2021_12_13
475,comp_3,0.23020600999599078,2021_12_13
475,comp_4,0.10189888937854302,2021_12_13
475,comp_5,-0.443088854586016,2021_12_13
475,comp_6,0.016976529997707268,2021_12_13
483,comp_1,0.13962079463506125,2021_12_13
483,comp_2,0.10511795562402174,2021_12_13
483,comp_3,0.31890352863066335,2021_12_13
483,comp_4,0.12209852983584514,2021_12_13
483,comp_5,0.010367846854579962,2021_12_13
483,comp_6,-0.33613615172335787,2021_12_13
490,comp_1,0.14095460648084748,2021_12_13
490,comp_2,0.11309271439759051,2021_12_13
490,comp_3,0.1636020591352606,2021_12_13
490,comp_4,-0.3226136134703717,2021_12_13
490,comp_5,0.07223339281765676,2021_12_13
490,comp_6,-0.29351841049486616,2021_12_13
497,comp_1,0.14472624025131162,2021_12_13
497,comp_2,0.1097307204995566,2021_12_13
497,comp_3,-0.009859503446870595,2021_12_13
497,comp_4,-0.2062251739224788,2021_12_13
497,comp_5,-0.3306264715538353,2021_12_13
497,comp_6,-0.19179819628612907,2021_12_13
505,comp_1,0.14782317051888896,2021_12_13
505,comp_2,0.11006878354474542,2021_12_13
505,comp_3,0.04513120190669196,2021_12_13
505,comp_4,0.14419520695962323,2021_12_13
505,comp_5,-0.23674231041896712,2021_12_13
505,comp_6,-0.3200196530098332,2021_12_13
512,comp_1,0.14830978734643108,2021_12_13
512,comp_2,0.1224303311574309,2021_12_13
512,comp_3,0.13282210097835084,2021_12_13
512,comp_4,0.06762788605858591,2021_12_13
512,comp_5,0.12046493558938898,2021_12_13
512,comp_6,-0.32628747771733946,2021_12_13
520,comp_1,0.1486574429871721,2021_12_13
520,comp_2,0.13051104585573906,2021_12_13
520,comp_3,-0.03799904840891674,2021_12_13
520,comp_4,-0.22879800114573756,2021_12_13
520,comp_5,0.07335261867763382,2021_12_13
520,comp_6,-0.17966390725096312,2021_12_13
527,comp_1,0.15218695721528866,2021_12_13
527,comp_2,0.12930833490480892,2021_12_13
527,comp_3,-0.08719311896126468,2021_12_13
527,comp_4,-0.004655709392385729,2021_12_13
527,comp_5,-0.19633641697681936,2021_12_13
527,comp_6,0.006363253718250809,2021_12_13
535,comp_1,0.15428472624751655,2021_12_13
535,comp_2,0.1294636706700405,2021_12_13
535,comp_3,-0.003952707088120046,2021_12_13
535,comp_4,0.16786944878768897,2021_12_13
535,comp_5,-0.013443856492760108,2021_12_13
535,comp_6,-0.03831646554176486,2021_12_13
543,comp_1,0.1547855667215976,2021_12_13
543,comp_2,0.13753256236298425,2021_12_13
543,comp_3,-0.022621764150580495,2021_12_13
543,comp_4,-0.015587261373320841,2021_12_13
543,comp_5,0.17040744471275887,2021_12_13
543,comp_6,-0.0496248444686084,2021_12_13
551,comp_1,0.15599396169589813,2021_12_13
551,comp_2,0.13565369730092755,2021_12_13
551,comp_3,-0.11557619769200314,2021_12_13
551,comp_4,-0.08922990954034839,2021_12_13
551,comp_5,0.021096797972757438,2021_12_13
551,comp_6,0.0877297870966561,2021_12_13
559,comp_1,0.1553500850079285,2021_12_13
559,comp_2,0.13939752575207398,2021_12_13
559,comp_3,-0.10893626020000208,2021_12_13
559,comp_4,0.09592880607145884,2021_12_13
559,comp_5,-0.0677684499738639,2021_12_13
559,comp_6,0.11817613001001633,2021_12_13
567,comp_1,0.15506960693482605,2021_12_13
567,comp_2,0.14381631701731581,2021_12_13
567,comp_3,-0.03790504845697754,2021_12_13
567,comp_4,0.13601955449817482,2021_12_13
567,comp_5,0.10715333855205517,2021_12_13
567,comp_6,0.05965711002360556,2021_12_13
575,comp_1,0.15513306639283103,2021_12_13
575,comp_2,0.14543829616867485,2021_12_13
575,comp_3,-0.06661381112948941,2021_12_13
575,comp_4,-0.03458664736842438,2021_12_13
575,comp_5,0.1591019810900295,2021_12_13
575,comp_6,0.12026384819867192,2021_12_13
584,comp_1,0.15572903171294794,2021_12_13
584,comp_2,0.13504856836869605,2021_12_13
584,comp_3,-0.15065823066711825,2021_12_13
584,comp_4,-0.0468674273948657,2021_12_13
584,comp_5,0.006000029297832374,2021_12_13
584,comp_6,0.1642915501217142,2021_12_13
592,comp_1,0.15570064094911312,2021_12_13
592,comp_2,0.12094000811683017,2021_12_13
592,comp_3,-0.10422688318396528,2021_12_13
592,comp_4,0.16502169460237381,2021_12_13
592,comp_5,-0.020488118605037006,2021_12_13
592,comp_6,0.18315011697917677,2021_12_13
601,comp_1,0.1577904208061897,2021_12_13
601,comp_2,0.10746209587966161,2021_12_13
601,comp_3,-0.01003004704523857,2021_12_13
601,comp_4,0.0976194712881807,2021_12_13
601,comp_5,0.16724933262665356,2021_12_13
601,comp_6,0.11240790651062782,2021_12_13
610,comp_1,0.1587689954161789,2021_12_13
610,comp_2,0.08931928509295983,2021_12_13
610,comp_3,-0.06944702115152016,2021_12_13
610,comp_4,-0.10654590473274121,2021_12_13
610,comp_5,0.1094163139640846,2021_12_13
610,comp_6,0.11515560672011403,2021_12_13
619,comp_1,0.15926872838749426,2021_12_13
619,comp_2,0.07579764307156635,2021_12_13
619,comp_3,-0.12173393040239833,2021_12_13
619,comp_4,-0.02123393760578241,2021_12_13
619,comp_5,-0.09651468782017467,2021_12_13
619,comp_6,0.12700345369593885,2021_12_13
628,comp_1,0.15967664553333788,2021_12_13
628,comp_2,0.06429847758695054,2021_12_13
628,comp_3,-0.05613107282890855,2021_12_13
628,comp_4,0.1466995945707147,2021_12_13
628,comp_5,-0.01987667042114573,2021_12_13
628,comp_6,0.0020014371370756893,2021_12_13
637,comp_1,0.16021440624932082,2021_12_13
637,comp_2,0.062262833937389725,2021_12_13
637,comp_3,-0.040758204282339935,2021_12_13
637,comp_4,0.02696382039939127,2021_12_13
637,comp_5,0.14709951184102188,2021_12_13
637,comp_6,-0.08003301315011206,2021_12_13
646,comp_1,0.16021617895404536,2021_12_13
646,comp_2,0.05479633400187747,2021_12_13
646,comp_3,-0.1294683462990104,2021_12_13
646,comp_4,-0.09516068328290267,2021_12_13
646,comp_5,0.04700975659571715,2021_12_13
646,comp_6,-0.018932036239002262,2021_12_13
655,comp_1,0.15979519383453747,2021_12_13
655,comp_2,0.04146618113550078,2021_12_13
655,comp_3,-0.17474395435875745,2021_12_13
655,comp_4,0.024886324090783958,2021_12_13
655,comp_5,-0.09295089770116138,2021_12_13
655,comp_6,-0.048494129307856876,2021_12_13
665,comp_1,0.160530561764434,2021_12_13
665,comp_2,0.026963871690783906,2021_12_13
665,comp_3,-0.05260971883502624,2021_12_13
665,comp_4,0.15634614745511877,2021_12_13
665,comp_5,0.011135425379999637,2021_12_13
665,comp_6,-0.1253296824686323,2021_12_13
674,comp_1,0.16054339749494473,2021_12_13
674,comp_2,0.013007064837064073,2021_12_13
674,comp_3,-0.035219813423974136,2021_12_13
674,comp_4,-0.012682414251050177,2021_12_13
674,comp_5,0.16465507401778268,2021_12_13
674,comp_6,-0.13120142443568397,2021_12_13
684,comp_1,0.15877426598277128,2021_12_13
684,comp_2,0.002171786279601025,2021_12_13
684,comp_3,-0.1442961458709128,2021_12_13
684,comp_4,-0.10877592610045209,2021_12_13
684,comp_5,0.008200444142767126,2021_12_13
684,comp_6,-0.004029221850190948,2021_12_13
694,comp_1,0.1583994064460663,2021_12_13
694,comp_2,-0.004906032738377884,2021_12_13
694,comp_3,-0.16231290010331365,2021_12_13
694,comp_4,0.12464824145317774,2021_12_13
694,comp_5,-0.06392940753739268,2021_12_13
694,comp_6,0.07103934519616628,2021_12_13
704,comp_1,0.15935101303659707,2021_12_13
704,comp_2,-0.023817304615100256,2021_12_13
704,comp_3,-0.09440478458706586,2021_12_13
704,comp_4,0.13937241502253608,2021_12_13
704,comp_5,0.13258111164191935,2021_12_13
704,comp_6,0.014136549435922779,2021_12_13
714,comp_1,0.15768071848037324,2021_12_13
714,comp_2,-0.06860188453512196,2021_12_13
714,comp_3,-0.11257841680065231,2021_12_13
714,comp_4,-0.05234477409727929,2021_12_13
714,comp_5,0.18352931000650655,2021_12_13
714,comp_6,0.04682012204407056,2021_12_13
724,comp_1,0.15376447582377598,2021_12_13
724,comp_2,-0.12755591579284764,2021_12_13
724,comp_3,-0.15357918369698673,2021_12_13
724,comp_4,-0.03174476107318809,2021_12_13
724,comp_5,-0.02869247046576641,2021_12_13
724,comp_6,0.16850732854590825,2021_12_13
734,comp_1,0.152735383447427,2021_12_13
734,comp_2,-0.17065304933567943,2021_12_13
734,comp_3,-0.014368043938374625,2021_12_13
734,comp_4,0.12988989075431162,2021_12_13
734,comp_5,-0.046742752488329695,2021_12_13
734,comp_6,0.08471468560814659,2021_12_13
744,comp_1,0.15125303007507915,2021_12_13
744,comp_2,-0.19101688274332115,2021_12_13
744,comp_3,0.11282363106685717,2021_12_13
744,comp_4,0.05505707424375154,2021_12_13
744,comp_5,0.10335711683498092,2021_12_13
744,comp_6,0.051453292742728224,2021_12_13
754,comp_1,0.14849628280791413,2021_12_13
754,comp_2,-0.20800290680025701,2021_12_13
754,comp_3,0.05836037543745398,2021_12_13
754,comp_4,-0.16881925000627038,2021_12_13
754,comp_5,0.08110968068037971,2021_12_13
754,comp_6,0.09013998643082202,2021_12_13
775,comp_1,0.1482596759371884,2021_12_13
775,comp_2,-0.22360276421312408,2021_12_13
775,comp_3,0.15889310072872445,2021_12_13
775,comp_4,0.15286526309559714,2021_12_13
775,comp_5,-0.04305010291372169,2021_12_13
775,comp_6,0.1013784774652135,2021_12_13
786,comp_1,0.1484303465971015,2021_12_13
786,comp_2,-0.23791328999971825,2021_12_13
786,comp_3,0.15010251663126167,2021_12_13
786,comp_4,-0.054456926412054345,2021_12_13
786,comp_5,0.11869910427008523,2021_12_13
786,comp_6,0.033481882462385655,2021_12_13
796,comp_1,0.1469635153670419,2021_12_13
796,comp_2,-0.25064902153588214,2021_12_13
796,comp_3,0.02505250271539044,2021_12_13
796,comp_4,-0.1756592775835016,2021_12_13
796,comp_5,-0.05569503897610753,2021_12_13
796,comp_6,0.08008938029279594,2021_12_13
807,comp_1,0.1472001994728369,2021_12_13
807,comp_2,-0.25814578183156445,2021_12_13
807,comp_3,0.010063687888674233,2021_12_13
807,comp_4,0.031904968724673154,2021_12_13
807,comp_5,-0.18149043976150875,2021_12_13
807,comp_6,0.03743880511223867,2021_12_13
817,comp_1,0.14407945763376104,2021_12_13
817,comp_2,-0.2700631439967488,2021_12_13
817,comp_3,0.023841276873302564,2021_12_13
817,comp_4,0.13080871712755,2021_12_13
817,comp_5,0.0497282200547611,2021_12_13
817,comp_6,-0.12057454746325465,2021_12_13
828,comp_1,0.14436788588325927,2021_12_13
828,comp_2,-0.2714039812032255,2021_12_13
828,comp_3,0.014698758048152842,2021_12_13
828,comp_4,-0.08445296504040312,2021_12_13
828,comp_5,0.12082710403674317,2021_12_13
828,comp_6,-0.1227155081755103,2021_12_13
839,comp_1,0.14414462914257273,2021_12_13
839,comp_2,-0.2833819725953638,2021_12_13
839,comp_3,-0.06931016149532228,2021_12_13
839,comp_4,-0.145127034950005,2021_12_13
839,comp_5,-0.09401997482362127,2021_12_13
839,comp_6,-0.10638334781499018,2021_12_13
849,comp_1,0.14236333146851515,2021_12_13
849,comp_2,-0.29103000858353484,2021_12_13
849,comp_3,-0.02775243052221791,2021_12_13
849,comp_4,0.08939109967441052,2021_12_13
849,comp_5,-0.16206229569908187,2021_12_13
849,comp_6,-0.1352754227238358,2021_12_13
453,comp_1,0.14720575730625768,2022_05_13
453,comp_2,0.14586331191656432,2022_05_13
461,comp_1,0.14790334991327014,2022_05_13
461,comp_2,0.14375400667754085,2022_05_13
468,comp_1,0.14847081637368728,2022_05_13
468,comp_2,0.14027844084943347,2022_05_13
475,comp_1,0.14913915821320278,2022_05_13
475,comp_2,0.139325118767581,2022_05_13
483,comp_1,0.1491484821651154,2022_05_13
483,comp_2,0.1398779793817093,2022_05_13
490,comp_1,0.14965964292764816,2022_05_13
490,comp_2,0.1366257926553262,2022_05_13
497,comp_1,0.15004338040159676,2022_05_13
497,comp_2,0.1346503716023223,2022_05_13
505,comp_1,0.15066224434382408,2022_05_13
505,comp_2,0.13022813501253752,2022_05_13
512,comp_1,0.15125063554464635,2022_05_13
512,comp_2,0.12454605574227184,2022_05_13
520,comp_1,0.15252578093946959,2022_05_13
520,comp_2,0.11066323762352928,2022_05_13
527,comp_1,0.15361331149507343,2022_05_13
527,comp_2,0.09757963363225722,2022_05_13
535,comp_1,0.15455146932887123,2022_05_13
535,comp_2,0.08347896964159914,2022_05_13
543,comp_1,0.15496061156001875,2022_05_13
543,comp_2,0.07362409836260456,2022_05_13
551,comp_1,0.15523613353391336,2022_05_13
551,comp_2,0.06545967513301514,2022_05_13
559,comp_1,0.15529479910721652,2022_05_13
559,comp_2,0.06019271181657986,2022_05_13
567,comp_1,0.15501846131251984,2022_05_13
567,comp_2,0.061319230102190064,2022_05_13
575,comp_1,0.154803780829461,2022_05_13
575,comp_2,0.06851604984166833,2022_05_13
584,comp_1,0.15470861505083636,2022_05_13
584,comp_2,0.07395268501534086,2022_05_13
592,comp_1,0.1547264654523949,2022_05_13
592,comp_2,0.07522733312880928,2022_05_13
601,comp_1,0.15502122450898384,2022_05_13
601,comp_2,0.07358536598791107,2022_05_13
610,comp_1,0.15517139914052375,2022_05_13
610,comp_2,0.07161657160371306,2022_05_13
619,comp_1,0.1551228077203936,2022_05_13
619,comp_2,0.07229406582855152,2022_05_13
628,comp_1,0.15515391413165483,2022_05_13
628,comp_2,0.07253397045819975,2022_05_13
637,comp_1,0.15523582919122558,2022_05_13
637,comp_2,0.07091534376378628,2022_05_13
646,comp_1,0.15507277566765224,2022_05_13
646,comp_2,0.07297268995592349,2022_05_13
655,comp_1,0.1549820719648743,2022_05_13
655,comp_2,0.07397301719064192,2022_05_13
665,comp_1,0.1549835379923814,2022_05_13
665,comp_2,0.07599879479427132,2022_05_13
674,comp_1,0.1547984255980907,2022_05_13
674,comp_2,0.07823878868336312,2022_05_13
684,comp_1,0.1548653393268782,2022_05_13
684,comp_2,0.0748642139942442,2022_05_13
694,comp_1,0.15600459144694004,2022_05_13
694,comp_2,0.04536645193431013,2022_05_13
704,comp_1,0.15671016953510733,2022_05_13
704,comp_2,-0.013566546039891336,2022_05_13
714,comp_1,0.15501251267206761,2022_05_13
714,comp_2,-0.07527383220097494,2022_05_13
724,comp_1,0.15081775406774942,2022_05_13
724,comp_2,-0.13532813431654156,2022_05_13
734,comp_1,0.1460996386010822,2022_05_13
734,comp_2,-0.1789968427901335,2022_05_13
744,comp_1,0.14136696507892765,2022_05_13
744,comp_2,-0.21234519384654799,2022_05_13
754,comp_1,0.13901374720939708,2022_05_13
754,comp_2,-0.22676647638780817,2022_05_13
765,comp_1,0.13594560248899798,2022_05_13
765,comp_2,-0.2435799610905942,2022_05_13
775,comp_1,0.13672679753468808,2022_05_13
775,comp_2,-0.23973187842990745,2022_05_13
786,comp_1,0.1359103659450314,2022_05_13
786,comp_2,-0.24430976061355902,2022_05_13
796,comp_1,0.1352903567173461,2022_05_13
796,comp_2,-0.24770376255332271,2022_05_13
807,comp_1,0.13479341052410176,2022_05_13
807,comp_2,-0.2503508714022401,2022_05_13
817,comp_1,0.1342119418031939,2022_05_13
817,comp_2,-0.253005164176858,2022_05_13
828,comp_1,0.13447628292639552,2022_05_13
828,comp_2,-0.2517895440130349,2022_05_13
839,comp_1,0.13408050303319055,2022_05_13
839,comp_2,-0.2536898798665146,2022_05_13
849,comp_1,0.13302833554309038,2022_05_13
849,comp_2,-0.25896235059142036,2022_05_13
453,comp_1,0.11943168536563446,2022_06_16
453,comp_2,0.12527750089477285,2022_06_16
453,comp_3,0.08933224407021613,2022_06_16
453,comp_4,0.23862642913114265,2022_06_16
453,comp_5,0.6259043559994433,2022_06_16
453,comp_6,1.4620004511453315e-4,2022_06_16
461,comp_1,0.12193172530554253,2022_06_16
461,comp_2,0.13607637884881146,2022_06_16
461,comp_3,0.10194461195742754,2022_06_16
461,comp_4,0.2777068486445522,2022_06_16
461,comp_5,0.08890679486397488,2022_06_16
461,comp_6,-0.6186652769974518,2022_06_16
468,comp_1,0.12205039767804104,2022_06_16
468,comp_2,0.13759179161155508,2022_06_16
468,comp_3,0.10114130048022127,2022_06_16
468,comp_4,0.24850103001331345,2022_06_16
468,comp_5,-0.41537746523220775,2022_06_16
468,comp_6,-0.029865287005119534,2022_06_16
475,comp_1,0.12893405344492131,2022_06_16
475,comp_2,0.14922689833916786,2022_06_16
475,comp_3,0.10870424628846048,2022_06_16
475,comp_4,0.24955310804374986,2022_06_16
475,comp_5,0.043115253533394154,2022_06_16
475,comp_6,0.40915233139726265,2022_06_16
483,comp_1,0.13211982286666785,2022_06_16
483,comp_2,0.15149579618270778,2022_06_16
483,comp_3,0.09436161621595288,2022_06_16
483,comp_4,0.26464243538727844,2022_06_16
483,comp_5,0.25480585449670534,2022_06_16
483,comp_6,0.0639352375421386,2022_06_16
490,comp_1,0.1314324630727823,2022_06_16
490,comp_2,0.150081487165284,2022_06_16
490,comp_3,0.09145722041574696,2022_06_16
490,comp_4,0.2713888200860828,2022_06_16
490,comp_5,-0.20274813664030036,2022_06_16
490,comp_6,-0.2701508140907026,2022_06_16
497,comp_1,0.13477553731799904,2022_06_16
497,comp_2,0.15802054923194214,2022_06_16
497,comp_3,0.09446007756766879,2022_06_16
497,comp_4,0.18093730817795575,2022_06_16
497,comp_5,-0.3529910964794646,2022_06_16
497,comp_6,0.2050628499815238,2022_06_16
505,comp_1,0.13700447948933434,2022_06_16
505,comp_2,0.16823879492281021,2022_06_16
505,comp_3,0.1030188916963235,2022_06_16
505,comp_4,0.12369638701774394,2022_06_16
505,comp_5,0.009843089144649,2022_06_16
505,comp_6,0.35708870246125346,2022_06_16
512,comp_1,0.13857159680700532,2022_06_16
512,comp_2,0.17178665669291276,2022_06_16
512,comp_3,0.11201539811396394,2022_06_16
512,comp_4,0.0934980839536865,2022_06_16
512,comp_5,0.14408154164483233,2022_06_16
512,comp_6,4.7312905293772634e-4,2022_06_16
520,comp_1,0.1424401645187791,2022_06_16
520,comp_2,0.16081351448379147,2022_06_16
520,comp_3,0.12142316288245573,2022_06_16
520,comp_4,0.024855581200750525,2022_06_16
520,comp_5,-0.1888586333626399,2022_06_16
520,comp_6,-0.15126151693066167,2022_06_16
527,comp_1,0.14711843057197044,2022_06_16
527,comp_2,0.15818283999692,2022_06_16
527,comp_3,0.13709545801399498,2022_06_16
527,comp_4,-0.07578395330926596,2022_06_16
527,comp_5,-0.11229059651363911,2022_06_16
527,comp_6,0.14333856808611853,2022_06_16
535,comp_1,0.14721390014831642,2022_06_16
535,comp_2,0.16008500767847278,2022_06_16
535,comp_3,0.15319377082114535,2022_06_16
535,comp_4,-0.15276927652908068,2022_06_16
535,comp_5,0.09421984258741951,2022_06_16
535,comp_6,0.08138124236875466,2022_06_16
543,comp_1,0.1435016329077761,2022_06_16
543,comp_2,0.16694436149863945,2022_06_16
543,comp_3,0.15722697153297366,2022_06_16
543,comp_4,-0.22297387803800794,2022_06_16
543,comp_5,0.029134905264300036,2022_06_16
543,comp_6,-0.10312119911518144,2022_06_16
551,comp_1,0.14318551042162658,2022_06_16
551,comp_2,0.1663317532823901,2022_06_16
551,comp_3,0.14126405478649245,2022_06_16
551,comp_4,-0.2845843408032226,2022_06_16
551,comp_5,-0.06803566940444526,2022_06_16
551,comp_6,-0.06708142510159334,2022_06_16
559,comp_1,0.14542122153792905,2022_06_16
559,comp_2,0.16038435096627618,2022_06_16
559,comp_3,0.11513095836343948,2022_06_16
559,comp_4,-0.315132779967744,2022_06_16
559,comp_5,0.0033637330606653133,2022_06_16
559,comp_6,0.046173568296891496,2022_06_16
567,comp_1,0.1502547467950484,2022_06_16
567,comp_2,0.15391164210456895,2022_06_16
567,comp_3,0.07698049829924129,2022_06_16
567,comp_4,-0.298081785093663,2022_06_16
567,comp_5,0.09604593469368944,2022_06_16
567,comp_6,-0.030029547085089453,2022_06_16
575,comp_1,0.15468135341557884,2022_06_16
575,comp_2,0.1491955264709389,2022_06_16
575,comp_3,0.030968989571425506,2022_06_16
575,comp_4,-0.2649938464869184,2022_06_16
575,comp_5,0.018114904868163587,2022_06_16
575,comp_6,-0.13047775777599105,2022_06_16
584,comp_1,0.16041609596057393,2022_06_16
584,comp_2,0.1331368390042775,2022_06_16
584,comp_3,-0.0213776655201494,2022_06_16
584,comp_4,-0.22203724735737243,2022_06_16
584,comp_5,-0.06940599676842796,2022_06_16
584,comp_6,-0.04256471492211002,2022_06_16
592,comp_1,0.16572021935231418,2022_06_16
592,comp_2,0.09635888839293108,2022_06_16
592,comp_3,-0.0942609610950558,2022_06_16
592,comp_4,-0.1466795451839058,2022_06_16
592,comp_5,0.08237681385894022,2022_06_16
592,comp_6,0.08354266175765593,2022_06_16
601,comp_1,0.16817959090508758,2022_06_16
601,comp_2,0.04567406121055041,2022_06_16
601,comp_3,-0.16559168256173684,2022_06_16
601,comp_4,-0.05308574265047284,2022_06_16
601,comp_5,0.13728228599061643,2022_06_16
601,comp_6,-0.09301640873231146,2022_06_16
610,comp_1,0.16691142389717528,2022_06_16
610,comp_2,0.02109572242897008,2022_06_16
610,comp_3,-0.19887868998915173,2022_06_16
610,comp_4,-9.324224038249271e-4,2022_06_16
610,comp_5,-0.04235179849199483,2022_06_16
610,comp_6,-0.14015551366193088,2022_06_16
619,comp_1,0.1659248217946308,2022_06_16
619,comp_2,0.014025366722467639,2022_06_16
619,comp_3,-0.21019489593946533,2022_06_16
619,comp_4,0.025407918382632906,2022_06_16
619,comp_5,-0.07874841144640506,2022_06_16
619,comp_6,0.04984037873166006,2022_06_16
628,comp_1,0.1652184332584939,2022_06_16
628,comp_2,0.01180906850143721,2022_06_16
628,comp_3,-0.21703196525279894,2022_06_16
628,comp_4,0.04754523667575079,2022_06_16
628,comp_5,0.07205182984211231,2022_06_16
628,comp_6,0.10510187035354968,2022_06_16
637,comp_1,0.16450803448206994,2022_06_16
637,comp_2,0.007865718370169583,2022_06_16
637,comp_3,-0.2277334434194022,2022_06_16
637,comp_4,0.05737724470966002,2022_06_16
637,comp_5,0.05130202890537358,2022_06_16
637,comp_6,-0.05714617290929964,2022_06_16
646,comp_1,0.1632770665131002,2022_06_16
646,comp_2,0.012082931931529185,2022_06_16
646,comp_3,-0.23732648946661547,2022_06_16
646,comp_4,0.02950583131823923,2022_06_16
646,comp_5,-0.09590578557487155,2022_06_16
646,comp_6,-0.0587253988410884,2022_06_16
655,comp_1,0.1631938779543517,2022_06_16
655,comp_2,0.019768484534447475,2022_06_16
655,comp_3,-0.22809777951470983,2022_06_16
655,comp_4,0.013110889196957833,2022_06_16
655,comp_5,-0.1094690702589282,2022_06_16
655,comp_6,0.11960653146608226,2022_06_16
665,comp_1,0.16643420332561784,2022_06_16
665,comp_2,0.027683333472342763,2022_06_16
665,comp_3,-0.19023294433531354,2022_06_16
665,comp_4,0.07808277177096817,2022_06_16
665,comp_5,0.06946956605961725,2022_06_16
665,comp_6,0.13502725957523676,2022_06_16
674,comp_1,0.16547053958111313,2022_06_16
674,comp_2,0.017465831186469848,2022_06_16
674,comp_3,-0.1878614788693016,2022_06_16
674,comp_4,0.12236580335620562,2022_06_16
674,comp_5,0.026149725777415433,2022_06_16
674,comp_6,-0.062392746940838205,2022_06_16
684,comp_1,0.1610748682924116,2022_06_16
684,comp_2,-0.009067254930326077,2022_06_16
684,comp_3,-0.23000000884101526,2022_06_16
684,comp_4,0.0838401553441273,2022_06_16
684,comp_5,-0.123376735746047,2022_06_16
684,comp_6,-0.032992478996567,2022_06_16
694,comp_1,0.15657240300162978,2022_06_16
694,comp_2,-0.04626241110418171,2022_06_16
694,comp_3,-0.2661015401598484,2022_06_16
694,comp_4,-0.03999523888759164,2022_06_16
694,comp_5,-0.003461374266939994,2022_06_16
694,comp_6,0.08701482892997282,2022_06_16
704,comp_1,0.15575621134946907,2022_06_16
704,comp_2,-0.1010327444885919,2022_06_16
704,comp_3,-0.23244979608025793,2022_06_16
704,comp_4,-0.08512767784226039,2022_06_16
704,comp_5,0.08233144735644189,2022_06_16
704,comp_6,-0.014279432414025892,2022_06_16
714,comp_1,0.15749291300719442,2022_06_16
714,comp_2,-0.1496397103764823,2022_06_16
714,comp_3,-0.14126391811966948,2022_06_16
714,comp_4,-0.060242746590634624,2022_06_16
714,comp_5,0.013228791244121893,2022_06_16
714,comp_6,-0.0850608482116314,2022_06_16
724,comp_1,0.15476605632725998,2022_06_16
724,comp_2,-0.18516744351003367,2022_06_16
724,comp_3,-0.027012422061021897,2022_06_16
724,comp_4,-0.02326050336496871,2022_06_16
724,comp_5,-0.0344118494478946,2022_06_16
724,comp_6,-0.009838093837817176,2022_06_16
734,comp_1,0.15129421894826198,2022_06_16
734,comp_2,-0.1949886606321935,2022_06_16
734,comp_3,0.06813851337855938,2022_06_16
734,comp_4,-0.00349229296919875,2022_06_16
734,comp_5,0.018429483030807117,2022_06_16
734,comp_6,0.03029006779566063,2022_06_16
744,comp_1,0.1476388663688623,2022_06_16
744,comp_2,-0.19825272711560324,2022_06_16
744,comp_3,0.11453438452991441,2022_06_16
744,comp_4,0.006836215209064196,2022_06_16
744,comp_5,0.028510417445785224,2022_06_16
744,comp_6,-0.007986296933018965,2022_06_16
754,comp_1,0.14598936965203058,2022_06_16
754,comp_2,-0.200368949303622,2022_06_16
754,comp_3,0.12608712385651638,2022_06_16
754,comp_4,0.006164515314445642,2022_06_16
754,comp_5,-0.012380169822742686,2022_06_16
754,comp_6,-0.03132868498742819,2022_06_16
765,comp_1,0.14271605497397466,2022_06_16
765,comp_2,-0.20839331134981412,2022_06_16
765,comp_3,0.1225639629751058,2022_06_16
765,comp_4,0.005975846524201238,2022_06_16
765,comp_5,-0.02274514585209972,2022_06_16
765,comp_6,0.023016544902169166,2022_06_16
775,comp_1,0.14484170481529718,2022_06_16
775,comp_2,-0.20320190316229106,2022_06_16
775,comp_3,0.12859163071389051,2022_06_16
775,comp_4,0.007869939062192702,2022_06_16
775,comp_5,0.03096621501491077,2022_06_16
775,comp_6,0.01721408001417169,2022_06_16
786,comp_1,0.14488689643835478,2022_06_16
786,comp_2,-0.203433379548956,2022_06_16
786,comp_3,0.12780790363706024,2022_06_16
786,comp_4,0.01003254717034836,2022_06_16
786,comp_5,0.013770519483613214,2022_06_16
786,comp_6,-0.024887247163045415,2022_06_16
796,comp_1,0.14483269114185388,2022_06_16
796,comp_2,-0.2048912487296979,2022_06_16
796,comp_3,0.12255633723263518,2022_06_16
796,comp_4,0.0065715206008730535,2022_06_16
796,comp_5,-0.024203595843338796,2022_06_16
796,comp_6,-0.013545316202005914,2022_06_16
807,comp_1,0.14479373310029553,2022_06_16
807,comp_2,-0.2057577492605303,2022_06_16
807,comp_3,0.11937816813163793,2022_06_16
807,comp_4,0.003372881650342399,2022_06_16
807,comp_5,-0.008969310261517354,2022_06_16
807,comp_6,0.027258424801647238,2022_06_16
817,comp_1,0.1442545825561467,2022_06_16
817,comp_2,-0.20661543293262602,2022_06_16
817,comp_3,0.11953865985169633,2022_06_16
817,comp_4,0.006514669478815328,2022_06_16
817,comp_5,0.0228514288902306,2022_06_16
817,comp_6,0.016258541442248378,2022_06_16
828,comp_1,0.14390457453661737,2022_06_16
828,comp_2,-0.20417961980723487,2022_06_16
828,comp_3,0.13439510168047725,2022_06_16
828,comp_4,0.012882293143349342,2022_06_16
828,comp_5,-0.0058498756465090555,2022_06_16
828,comp_6,-0.019714133134092458,2022_06_16
839,comp_1,0.14365880470905124,2022_06_16
839,comp_2,-0.20050585924012743,2022_06_16
839,comp_3,0.1507174962039428,2022_06_16
839,comp_4,0.008305740579368687,2022_06_16
839,comp_5,-0.040337747012032174,2022_06_16
839,comp_6,0.007693782640573424,2022_06_16
849,comp_1,0.14357715818390804,2022_06_16
849,comp_2,-0.19869072028420146,2022_06_16
849,comp_3,0.15745558869862494,2022_06_16
849,comp_4,0.005632079780655459,2022_06_16
849,comp_5,-0.01009428746024673,2022_06_16
849,comp_6,0.045570022952975936,2022_06_16
453,comp_1,0.1223562522478755,2022_07_27
453,comp_2,0.0865258628933814,2022_07_27
453,comp_3,0.2912146386020797,2022_07_27
453,comp_4,0.2450434878279862,2022_07_27
453,comp_5,0.5370392929669684,2022_07_27
461,comp_1,0.12841124636103818,2022_07_27
461,comp_2,0.09101791858522312,2022_07_27
461,comp_3,0.2868495884172434,2022_07_27
461,comp_4,0.22009640718387216,2022_07_27
461,comp_5,0.13080622750534956,2022_07_27
468,comp_1,0.13044111783798926,2022_07_27
468,comp_2,0.09324641267100742,2022_07_27
468,comp_3,0.2748749947301311,2022_07_27
468,comp_4,0.171015982210754,2022_07_27
468,comp_5,-0.3457158428796763,2022_07_27
475,comp_1,0.14001311927821108,2022_07_27
475,comp_2,0.10474757150644833,2022_07_27
475,comp_3,0.26260938617299,2022_07_27
475,comp_4,0.13368897033402488,2022_07_27
475,comp_5,-0.010212422114425562,2022_07_27
483,comp_1,0.14378462856217034,2022_07_27
483,comp_2,0.11332927399762655,2022_07_27
483,comp_3,0.2371531138765376,2022_07_27
483,comp_4,0.10908743960023046,2022_07_27
483,comp_5,0.17784920337716945,2022_07_27
490,comp_1,0.1452750288668606,2022_07_27
490,comp_2,0.11057438724287691,2022_07_27
490,comp_3,0.23546260106885814,2022_07_27
490,comp_4,0.09417738841614615,2022_07_27
490,comp_5,-0.15851068845402488,2022_07_27
497,comp_1,0.15070875806472087,2022_07_27
497,comp_2,0.11871480428273112,2022_07_27
497,comp_3,0.19555247912690077,2022_07_27
497,comp_4,0.020581430314522066,2022_07_27
497,comp_5,-0.30892690585811095,2022_07_27
505,comp_1,0.15577092921015684,2022_07_27
505,comp_2,0.12470909590382542,2022_07_27
505,comp_3,0.16356131248933653,2022_07_27
505,comp_4,-0.01515610352307481,2022_07_27
505,comp_5,-0.0435378804596345,2022_07_27
512,comp_1,0.15855932757223268,2022_07_27
512,comp_2,0.1296638015071168,2022_07_27
512,comp_3,0.12573805861868828,2022_07_27
512,comp_4,-0.01733091873003325,2022_07_27
512,comp_5,0.09254297811850616,2022_07_27
520,comp_1,0.16226790352187678,2022_07_27
520,comp_2,0.12855782207146144,2022_07_27
520,comp_3,0.0935049839037948,2022_07_27
520,comp_4,-0.05061782997936526,2022_07_27
520,comp_5,-0.15086303664303996,2022_07_27
527,comp_1,0.16549522861765328,2022_07_27
527,comp_2,0.13257680791891507,2022_07_27
527,comp_3,0.03873490613375344,2022_07_27
527,comp_4,-0.10691078475658984,2022_07_27
527,comp_5,-0.08790521610255528,2022_07_27
535,comp_1,0.16671831283329916,2022_07_27
535,comp_2,0.13254330299183575,2022_07_27
535,comp_3,-0.0064676467074357286,2022_07_27
535,comp_4,-0.14361740211890248,2022_07_27
535,comp_5,0.08133295906889493,2022_07_27
543,comp_1,0.16716283348892702,2022_07_27
543,comp_2,0.1288020545457107,2022_07_27
543,comp_3,-0.04588969099174792,2022_07_27
543,comp_4,-0.1720721836163114,2022_07_27
543,comp_5,0.05974062526903269,2022_07_27
551,comp_1,0.16873828442107472,2022_07_27
551,comp_2,0.11764504577714618,2022_07_27
551,comp_3,-0.08978873458089817,2022_07_27
551,comp_4,-0.190437392168208,2022_07_27
551,comp_5,0.011046096675039103,2022_07_27
559,comp_1,0.1702445303952303,2022_07_27
559,comp_2,0.10114829616719045,2022_07_27
559,comp_3,-0.12646839422548112,2022_07_27
559,comp_4,-0.19165011214721078,2022_07_27
559,comp_5,0.06992381341647402,2022_07_27
567,comp_1,0.17134063735745814,2022_07_27
567,comp_2,0.08565949889849732,2022_07_27
567,comp_3,-0.1524084620450994,2022_07_27
567,comp_4,-0.17539694254579746,2022_07_27
567,comp_5,0.1480990900078123,2022_07_27
575,comp_1,0.1718296738230431,2022_07_27
575,comp_2,0.08420794877964828,2022_07_27
575,comp_3,-0.15838472965245987,2022_07_27
575,comp_4,-0.16506585881173633,2022_07_27
575,comp_5,0.09408061462984418,2022_07_27
584,comp_1,0.17393718118065518,2022_07_27
584,comp_2,0.08369128614454108,2022_07_27
584,comp_3,-0.151757658459949,2022_07_27
584,comp_4,-0.1466070287595793,2022_07_27
584,comp_5,0.012024399406317107,2022_07_27
592,comp_1,0.17782690341045446,2022_07_27
592,comp_2,0.06739155258033389,2022_07_27
592,comp_3,-0.14200562868939318,2022_07_27
592,comp_4,-0.07916768066397714,2022_07_27
592,comp_5,0.08833448470206405,2022_07_27
601,comp_1,0.18195248354315252,2022_07_27
601,comp_2,0.03094012316242404,2022_07_27
601,comp_3,-0.1450441921258991,2022_07_27
601,comp_4,0.018908470485844757,2022_07_27
601,comp_5,0.13807602869376934,2022_07_27
610,comp_1,0.18288730150500893,2022_07_27
610,comp_2,0.01493039758601953,2022_07_27
610,comp_3,-0.13564503403828898,2022_07_27
610,comp_4,0.04249903336740676,2022_07_27
610,comp_5,-0.02126740003640642,2022_07_27
619,comp_1,0.18322930402457366,2022_07_27
619,comp_2,0.016624281461184096,2022_07_27
619,comp_3,-0.12208195989199352,2022_07_27
619,comp_4,0.03029400243850689,2022_07_27
619,comp_5,-0.07209165030174508,2022_07_27
628,comp_1,0.18332235898502838,2022_07_27
628,comp_2,0.020182162317047385,2022_07_27
628,comp_3,-0.11590757852373096,2022_07_27
628,comp_4,0.028559023284985472,2022_07_27
628,comp_5,0.06557639380928412,2022_07_27
637,comp_1,0.18422608638464255,2022_07_27
637,comp_2,0.01776537164655547,2022_07_27
637,comp_3,-0.1145534056813469,2022_07_27
637,comp_4,0.04465264566338867,2022_07_27
637,comp_5,0.04659813875859433,2022_07_27
646,comp_1,0.18379277818201625,2022_07_27
646,comp_2,0.01604666351132488,2022_07_27
646,comp_3,-0.12060391879182758,2022_07_27
646,comp_4,0.05481519104410376,2022_07_27
646,comp_5,-0.11284199569299162,2022_07_27
655,comp_1,0.18252378568579053,2022_07_27
655,comp_2,0.022055854921743626,2022_07_27
655,comp_3,-0.09642848856922062,2022_07_27
655,comp_4,0.04838900673561155,2022_07_27
655,comp_5,-0.16632797733555463,2022_07_27
665,comp_1,0.1831726282258516,2022_07_27
665,comp_2,0.045615005589613115,2022_07_27
665,comp_3,-0.04079377426177894,2022_07_27
665,comp_4,0.038758749299692904,2022_07_27
665,comp_5,0.014917263455998857,2022_07_27
674,comp_1,0.18187053422235666,2022_07_27
674,comp_2,0.05091874503684018,2022_07_27
674,comp_3,-0.015140975871092352,2022_07_27
674,comp_4,0.03715367771526941,2022_07_27
674,comp_5,-0.006510077075208565,2022_07_27
684,comp_1,0.1812151573944492,2022_07_27
684,comp_2,0.011088048024744612,2022_07_27
684,comp_3,-0.0618377295431884,2022_07_27
684,comp_4,0.09116345041806334,2022_07_27
684,comp_5,-0.20134657406611733,2022_07_27
694,comp_1,0.1664970567325565,2022_07_27
694,comp_2,-0.08258237158959378,2022_07_27
694,comp_3,-0.1685112714644925,2022_07_27
694,comp_4,0.22483385619704951,2022_07_27
694,comp_5,-0.0825197348864326,2022_07_27
704,comp_1,0.1352093723086361,2022_07_27
704,comp_2,-0.15530421384126403,2022_07_27
704,comp_3,-0.22967791497723025,2022_07_27
704,comp_4,0.295106792112014,2022_07_27
704,comp_5,0.03491262056214719,2022_07_27
714,comp_1,0.117305927761409,2022_07_27
714,comp_2,-0.1917684355883146,2022_07_27
714,comp_3,-0.20295952760360172,2022_07_27
714,comp_4,0.3127717670963444,2022_07_27
714,comp_5,-0.031122944622035235,2022_07_27
724,comp_1,0.10021092497284989,2022_07_27
724,comp_2,-0.22627699444693758,2022_07_27
724,comp_3,-0.10328951934530889,2022_07_27
724,comp_4,0.29855226205770585,2022_07_27
724,comp_5,-0.12713605830876726,2022_07_27
734,comp_1,0.11012524048164463,2022_07_27
734,comp_2,-0.22808208401481417,2022_07_27
734,comp_3,-0.004116392525088025,2022_07_27
734,comp_4,0.13969405442505897,2022_07_27
734,comp_5,0.06116163148072577,2022_07_27
744,comp_1,0.11563887881695976,2022_07_27
744,comp_2,-0.21795904903678048,2022_07_27
744,comp_3,0.08350143652500436,2022_07_27
744,comp_4,-0.01819964195324221,2022_07_27
744,comp_5,0.19576391186005246,2022_07_27
754,comp_1,0.10395317865006579,2022_07_27
754,comp_2,-0.23281010069305808,2022_07_27
754,comp_3,0.09397961852777835,2022_07_27
754,comp_4,-0.08269564067563148,2022_07_27
754,comp_5,-0.002980630804741899,2022_07_27
765,comp_1,0.10236499028636488,2022_07_27
765,comp_2,-0.22124473273394718,2022_07_27
765,comp_3,0.14088640080519585,2022_07_27
765,comp_4,-0.05553209810203506,2022_07_27
765,comp_5,-0.11070985776904892,2022_07_27
775,comp_1,0.10876169082918315,2022_07_27
775,comp_2,-0.23157212721482276,2022_07_27
775,comp_3,0.09031204307137089,2022_07_27
775,comp_4,-0.08282004438449593,2022_07_27
775,comp_5,0.20206483579048656,2022_07_27
786,comp_1,0.10675110496402135,2022_07_27
786,comp_2,-0.2362973830326419,2022_07_27
786,comp_3,0.08204169899647881,2022_07_27
786,comp_4,-0.08972964376396869,2022_07_27
786,comp_5,0.12879400318503204,2022_07_27
796,comp_1,0.10226986907764357,2022_07_27
796,comp_2,-0.2439147532285043,2022_07_27
796,comp_3,0.05865233556826634,2022_07_27
796,comp_4,-0.07734271829966287,2022_07_27
796,comp_5,-0.09090077127632559,2022_07_27
807,comp_1,0.09692155120459563,2022_07_27
807,comp_2,-0.2522983758102864,2022_07_27
807,comp_3,0.04309419735049941,2022_07_27
807,comp_4,-0.05638413674500169,2022_07_27
807,comp_5,-0.04576475450947586,2022_07_27
817,comp_1,0.08455658724974652,2022_07_27
817,comp_2,-0.25469664221860766,2022_07_27
817,comp_3,0.06544399450266972,2022_07_27
817,comp_4,-0.03881036051732761,2022_07_27
817,comp_5,0.12611247827287386,2022_07_27
828,comp_1,0.08921297969599448,2022_07_27
828,comp_2,-0.24463068913466238,2022_07_27
828,comp_3,0.11378867257658068,2022_07_27
828,comp_4,-0.11170250695335485,2022_07_27
828,comp_5,0.018515346919225135,2022_07_27
839,comp_1,0.10094430663850294,2022_07_27
839,comp_2,-0.21960361653339347,2022_07_27
839,comp_3,0.15130543662337914,2022_07_27
839,comp_4,-0.2657068340918415,2022_07_27
839,comp_5,-0.22454126445872874,2022_07_27
849,comp_1,0.10557718089234253,2022_07_27
849,comp_2,-0.19965544240850847,2022_07_27
849,comp_3,0.16881543328338658,2022_07_27
849,comp_4,-0.33796747569391056,2022_07_27
849,comp_5,-0.0383038636270046,2022_07_27
